# Utah Teapot Model
# Version: 1975 - Martin Newell
# Triangle Mesh Resolution: 8 (3552 faces)
o Utah Teapot

v -1.5 0 2.8
v -1.504297 -0.0984375 2.787109
v -1.515625 -0.16875 2.753125
v -1.531641 -0.2109375 2.705078
v -1.55 -0.225 2.65
v -1.568359 -0.2109375 2.594922
v -1.584375 -0.16875 2.546875
v -1.595703 -0.0984375 2.512891
v -1.6 0 2.5
v -1.851563 0 2.798828
v -1.85142 -0.09843751 2.785962
v -1.851044 -0.16875 2.752045
v -1.850512 -0.2109375 2.704092
v -1.849902 -0.225 2.649121
v -1.849293 -0.2109375 2.594151
v -1.848761 -0.16875 2.546197
v -1.848385 -0.09843751 2.51228
v -1.848242 0 2.499414
v -2.15625 0 2.790625
v -2.152423 -0.0984375 2.777936
v -2.142334 -0.16875 2.744482
v -2.12807 -0.2109375 2.697186
v -2.111719 -0.225 2.642969
v -2.095367 -0.2109375 2.588751
v -2.081104 -0.16875 2.541455
v -2.071014 -0.0984375 2.508002
v -2.067188 0 2.495312
v -2.414063 0 2.768359
v -2.407256 -0.0984375 2.756148
v -2.389313 -0.16875 2.723956
v -2.363944 -0.2109375 2.678443
v -2.334863 -0.225 2.62627
v -2.305782 -0.2109375 2.574096
v -2.280414 -0.16875 2.528583
v -2.26247 -0.0984375 2.496391
v -2.255664 0 2.48418
v -2.625 0 2.725
v -2.615869 -0.0984375 2.71372
v -2.591797 -0.16875 2.683984
v -2.557764 -0.2109375 2.641943
v -2.51875 -0.225 2.59375
v -2.479736 -0.2109375 2.545557
v -2.445703 -0.16875 2.503516
v -2.421631 -0.0984375 2.473779
v -2.4125 0 2.4625
v -2.789063 0 2.653516
v -2.778211 -0.0984375 2.643772
v -2.749603 -0.16875 2.618085
v -2.709157 -0.2109375 2.581768
v -2.662793 -0.225 2.540137
v -2.616428 -0.2109375 2.498505
v -2.575983 -0.16875 2.462189
v -2.547375 -0.0984375 2.436501
v -2.536523 0 2.426758
v -2.90625 0 2.546875
v -2.894232 -0.0984375 2.539423
v -2.862549 -0.16875 2.519775
v -2.817755 -0.2109375 2.491998
v -2.766407 -0.225 2.460156
v -2.715057 -0.2109375 2.428314
v -2.670264 -0.16875 2.400537
v -2.63858 -0.0984375 2.38089
v -2.626563 0 2.373438
v -2.976563 0 2.398047
v -2.963881 -0.0984375 2.393792
v -2.93045 -0.16875 2.382575
v -2.883186 -0.2109375 2.366715
v -2.829004 -0.225 2.348535
v -2.774822 -0.2109375 2.330355
v -2.727557 -0.16875 2.314496
v -2.694126 -0.0984375 2.303278
v -2.681445 0 2.299024
v -3 0 2.2
v -2.987109 -0.0984375 2.2
v -2.953125 -0.16875 2.2
v -2.905078 -0.2109375 2.2
v -2.85 -0.225 2.2
v -2.794922 -0.2109375 2.2
v -2.746875 -0.16875 2.2
v -2.712891 -0.0984375 2.2
v -2.7 0 2.2
v -1.504297 0.0984375 2.787109
v -1.515625 0.16875 2.753125
v -1.531641 0.2109375 2.705078
v -1.55 0.225 2.65
v -1.568359 0.2109375 2.594922
v -1.584375 0.16875 2.546875
v -1.595703 0.0984375 2.512891
v -1.85142 0.09843751 2.785962
v -1.851044 0.16875 2.752045
v -1.850512 0.2109375 2.704092
v -1.849902 0.225 2.649121
v -1.849293 0.2109375 2.594151
v -1.848761 0.16875 2.546197
v -1.848385 0.09843751 2.51228
v -2.152423 0.0984375 2.777936
v -2.142334 0.16875 2.744482
v -2.12807 0.2109375 2.697186
v -2.111719 0.225 2.642969
v -2.095367 0.2109375 2.588751
v -2.081104 0.16875 2.541455
v -2.071014 0.0984375 2.508002
v -2.407256 0.0984375 2.756148
v -2.389313 0.16875 2.723956
v -2.363944 0.2109375 2.678443
v -2.334863 0.225 2.62627
v -2.305782 0.2109375 2.574096
v -2.280414 0.16875 2.528583
v -2.26247 0.0984375 2.496391
v -2.615869 0.0984375 2.71372
v -2.591797 0.16875 2.683984
v -2.557764 0.2109375 2.641943
v -2.51875 0.225 2.59375
v -2.479736 0.2109375 2.545557
v -2.445703 0.16875 2.503516
v -2.421631 0.0984375 2.473779
v -2.778211 0.0984375 2.643772
v -2.749603 0.16875 2.618085
v -2.709157 0.2109375 2.581768
v -2.662793 0.225 2.540137
v -2.616428 0.2109375 2.498505
v -2.575983 0.16875 2.462189
v -2.547375 0.0984375 2.436501
v -2.894232 0.0984375 2.539423
v -2.862549 0.16875 2.519775
v -2.817755 0.2109375 2.491998
v -2.766407 0.225 2.460156
v -2.715057 0.2109375 2.428314
v -2.670264 0.16875 2.400537
v -2.63858 0.0984375 2.38089
v -2.963881 0.0984375 2.393792
v -2.93045 0.16875 2.382575
v -2.883186 0.2109375 2.366715
v -2.829004 0.225 2.348535
v -2.774822 0.2109375 2.330355
v -2.727557 0.16875 2.314496
v -2.694126 0.0984375 2.303278
v -2.987109 0.0984375 2.2
v -2.953125 0.16875 2.2
v -2.905078 0.2109375 2.2
v -2.85 0.225 2.2
v -2.794922 0.2109375 2.2
v -2.746875 0.16875 2.2
v -2.712891 0.0984375 2.2
v -2.983496 0 1.977442
v -2.970903 -0.09843751 1.981617
v -2.937705 -0.16875 1.992624
v -2.890768 -0.2109375 2.008186
v -2.836963 -0.225 2.026026
v -2.783158 -0.2109375 2.043865
v -2.736221 -0.16875 2.059427
v -2.703022 -0.09843751 2.070434
v -2.69043 0 2.074609
v -2.933594 0 1.760156
v -2.921878 -0.0984375 1.767374
v -2.890991 -0.16875 1.786401
v -2.847324 -0.2109375 1.813303
v -2.797266 -0.225 1.844141
v -2.747208 -0.2109375 1.874979
v -2.70354 -0.16875 1.90188
v -2.672653 -0.0984375 1.920907
v -2.660938 0 1.928125
v -2.849707 0 1.54873
v -2.839422 -0.0984375 1.558134
v -2.812308 -0.16875 1.582925
v -2.773973 -0.2109375 1.617975
v -2.73003 -0.225 1.658154
v -2.686085 -0.2109375 1.698333
v -2.647751 -0.16875 1.733383
v -2.620636 -0.0984375 1.758174
v -2.610352 0 1.767578
v -2.73125 0 1.34375
v -2.722925 -0.0984375 1.354761
v -2.700977 -0.16875 1.383789
v -2.669946 -0.2109375 1.424829
v -2.634375 -0.225 1.471875
v -2.598804 -0.2109375 1.518921
v -2.567773 -0.16875 1.559961
v -2.545825 -0.0984375 1.588989
v -2.5375 0 1.6
v -2.577637 0 1.145801
v -2.571775 -0.0984375 1.158116
v -2.55632 -0.16875 1.190585
v -2.534471 -0.2109375 1.23649
v -2.509424 -0.225 1.289111
v -2.484377 -0.2109375 1.341733
v -2.462528 -0.16875 1.387637
v -2.447073 -0.0984375 1.420106
v -2.441211 0 1.432422
v -2.388281 0 0.9554687
v -2.385361 -0.0984375 0.9690643
v -2.377661 -0.16875 1.004907
v -2.366776 -0.2109375 1.055582
v -2.354297 -0.225 1.113672
v -2.341818 -0.2109375 1.171762
v -2.330933 -0.16875 1.222436
v -2.323233 -0.0984375 1.258279
v -2.320313 0 1.271875
v -2.162598 0 0.7733398
v -2.163072 -0.0984375 0.7884671
v -2.164322 -0.16875 0.8283477
v -2.166089 -0.2109375 0.8847309
v -2.168115 -0.225 0.9493652
v -2.170141 -0.2109375 1.013999
v -2.171909 -0.16875 1.070383
v -2.173159 -0.0984375 1.110263
v -2.173633 0 1.125391
v -1.9 0 0.6
v -1.904297 -0.0984375 0.6171876
v -1.915625 -0.16875 0.6625
v -1.931641 -0.2109375 0.7265625
v -1.95 -0.225 0.8
v -1.968359 -0.2109375 0.8734375
v -1.984375 -0.16875 0.9375001
v -1.995703 -0.0984375 0.9828126
v -2 0 1
v -2.970903 0.09843751 1.981617
v -2.937705 0.16875 1.992624
v -2.890768 0.2109375 2.008186
v -2.836963 0.225 2.026026
v -2.783158 0.2109375 2.043865
v -2.736221 0.16875 2.059427
v -2.703022 0.09843751 2.070434
v -2.921878 0.0984375 1.767374
v -2.890991 0.16875 1.786401
v -2.847324 0.2109375 1.813303
v -2.797266 0.225 1.844141
v -2.747208 0.2109375 1.874979
v -2.70354 0.16875 1.90188
v -2.672653 0.0984375 1.920907
v -2.839422 0.0984375 1.558134
v -2.812308 0.16875 1.582925
v -2.773973 0.2109375 1.617975
v -2.73003 0.225 1.658154
v -2.686085 0.2109375 1.698333
v -2.647751 0.16875 1.733383
v -2.620636 0.0984375 1.758174
v -2.722925 0.0984375 1.354761
v -2.700977 0.16875 1.383789
v -2.669946 0.2109375 1.424829
v -2.634375 0.225 1.471875
v -2.598804 0.2109375 1.518921
v -2.567773 0.16875 1.559961
v -2.545825 0.0984375 1.588989
v -2.571775 0.0984375 1.158116
v -2.55632 0.16875 1.190585
v -2.534471 0.2109375 1.23649
v -2.509424 0.225 1.289111
v -2.484377 0.2109375 1.341733
v -2.462528 0.16875 1.387637
v -2.447073 0.0984375 1.420106
v -2.385361 0.0984375 0.9690643
v -2.377661 0.16875 1.004907
v -2.366776 0.2109375 1.055582
v -2.354297 0.225 1.113672
v -2.341818 0.2109375 1.171762
v -2.330933 0.16875 1.222436
v -2.323233 0.0984375 1.258279
v -2.163072 0.0984375 0.7884671
v -2.164322 0.16875 0.8283477
v -2.166089 0.2109375 0.8847309
v -2.168115 0.225 0.9493652
v -2.170141 0.2109375 1.013999
v -2.171909 0.16875 1.070383
v -2.173159 0.0984375 1.110263
v -1.904297 0.0984375 0.6171876
v -1.915625 0.16875 0.6625
v -1.931641 0.2109375 0.7265625
v -1.95 0.225 0.8
v -1.968359 0.2109375 0.8734375
v -1.984375 0.16875 0.9375001
v -1.995703 0.0984375 0.9828126
v 2.8 0 3
v 2.817187 -0.04921875 3
v 2.8625 -0.084375 3
v 2.926563 -0.1054688 3
v 3 -0.1125 3
v 3.073437 -0.1054688 3
v 3.1375 -0.084375 3
v 3.182812 -0.04921875 3
v 3.2 0 3
v 2.828516 0 3.032812
v 2.848143 -0.05062867 3.033473
v 2.899889 -0.08679199 3.035216
v 2.973046 -0.10849 3.037679
v 3.056909 -0.1157227 3.040503
v 3.140773 -0.10849 3.043327
v 3.21393 -0.08679199 3.04579
v 3.265675 -0.05062867 3.047532
v 3.285303 0 3.048193
v 2.840625 0 3.05625
v 2.86263 -0.0543457 3.057307
v 2.920642 -0.09316406 3.060095
v 3.00266 -0.1164551 3.064037
v 3.09668 -0.1242188 3.068555
v 3.1907 -0.1164551 3.073073
v 3.272717 -0.09316406 3.077014
v 3.330729 -0.0543457 3.079802
v 3.352735 0 3.080859
v 2.838672 0 3.070313
v 2.862827 -0.05960083 3.07154
v 2.926509 -0.1021729 3.074776
v 3.016542 -0.1277161 3.07935
v 3.119751 -0.1362305 3.084595
v 3.22296 -0.1277161 3.089839
v 3.312993 -0.1021729 3.094414
v 3.376675 -0.05960083 3.097649
v 3.40083 0 3.098877
v 2.825 0 3.075
v 2.850915 -0.065625 3.076208
v 2.919239 -0.1125 3.079395
v 3.015832 -0.140625 3.083899
v 3.126563 -0.15 3.089063
v 3.237293 -0.140625 3.094226
v 3.333887 -0.1125 3.09873
v 3.40221 -0.065625 3.101917
v 3.428125 0 3.103125
v 2.801953 0 3.070313
v 2.829075 -0.07164917 3.071351
v 2.900578 -0.1228271 3.074089
v 3.001669 -0.1535339 3.07796
v 3.117554 -0.1637695 3.082397
v 3.233438 -0.1535339 3.086835
v 3.334529 -0.1228271 3.090706
v 3.406033 -0.07164917 3.093444
v 3.433155 0 3.094482
v 2.771875 0 3.05625
v 2.799486 -0.0769043 3.057005
v 2.872278 -0.1318359 3.058996
v 2.975191 -0.1647949 3.061812
v 3.093164 -0.1757813 3.065039
v 3.211138 -0.1647949 3.068266
v 3.31405 -0.1318359 3.071081
v 3.386842 -0.0769043 3.073073
v 3.414453 0 3.073828
v 2.737109 0 3.032812
v 2.764328 -0.08062134 3.033209
v 2.836086 -0.138208 3.034254
v 2.937536 -0.17276 3.035733
v 3.053833 -0.1842773 3.037427
v 3.17013 -0.17276 3.039121
v 3.271581 -0.138208 3.040599
v 3.343338 -0.08062134 3.041644
v 3.370557 0 3.042041
v 2.7 0 3
v 2.725781 -0.08203125 3
v 2.79375 -0.140625 3
v 2.889844 -0.1757813 3
v 3 -0.1875 3
v 3.110156 -0.1757813 3
v 3.20625 -0.140625 3
v 3.274219 -0.08203125 3
v 3.3 0 3
v 2.817187 0.04921875 3
v 2.8625 0.084375 3
v 2.926563 0.1054688 3
v 3 0.1125 3
v 3.073437 0.1054688 3
v 3.1375 0.084375 3
v 3.182812 0.04921875 3
v 2.848143 0.05062867 3.033473
v 2.899889 0.08679199 3.035216
v 2.973046 0.10849 3.037679
v 3.056909 0.1157227 3.040503
v 3.140773 0.10849 3.043327
v 3.21393 0.08679199 3.04579
v 3.265675 0.05062867 3.047532
v 2.86263 0.0543457 3.057307
v 2.920642 0.09316406 3.060095
v 3.00266 0.1164551 3.064037
v 3.09668 0.1242188 3.068555
v 3.1907 0.1164551 3.073073
v 3.272717 0.09316406 3.077014
v 3.330729 0.0543457 3.079802
v 2.862827 0.05960083 3.07154
v 2.926509 0.1021729 3.074776
v 3.016542 0.1277161 3.07935
v 3.119751 0.1362305 3.084595
v 3.22296 0.1277161 3.089839
v 3.312993 0.1021729 3.094414
v 3.376675 0.05960083 3.097649
v 2.850915 0.065625 3.076208
v 2.919239 0.1125 3.079395
v 3.015832 0.140625 3.083899
v 3.126563 0.15 3.089063
v 3.237293 0.140625 3.094226
v 3.333887 0.1125 3.09873
v 3.40221 0.065625 3.101917
v 2.829075 0.07164917 3.071351
v 2.900578 0.1228271 3.074089
v 3.001669 0.1535339 3.07796
v 3.117554 0.1637695 3.082397
v 3.233438 0.1535339 3.086835
v 3.334529 0.1228271 3.090706
v 3.406033 0.07164917 3.093444
v 2.799486 0.0769043 3.057005
v 2.872278 0.1318359 3.058996
v 2.975191 0.1647949 3.061812
v 3.093164 0.1757813 3.065039
v 3.211138 0.1647949 3.068266
v 3.31405 0.1318359 3.071081
v 3.386842 0.0769043 3.073073
v 2.764328 0.08062134 3.033209
v 2.836086 0.138208 3.034254
v 2.937536 0.17276 3.035733
v 3.053833 0.1842773 3.037427
v 3.17013 0.17276 3.039121
v 3.271581 0.138208 3.040599
v 3.343338 0.08062134 3.041644
v 2.725781 0.08203125 3
v 2.79375 0.140625 3
v 2.889844 0.1757813 3
v 3 0.1875 3
v 3.110156 0.1757813 3
v 3.20625 0.140625 3
v 3.274219 0.08203125 3
v 2.579102 0 2.829297
v 2.598488 -0.08781189 2.82656
v 2.649597 -0.1505347 2.819348
v 2.721855 -0.1881683 2.809151
v 2.804687 -0.2007129 2.797461
v 2.88752 -0.1881683 2.785771
v 2.959778 -0.1505347 2.775574
v 3.010887 -0.08781189 2.768361
v 3.030273 0 2.765625
v 2.501562 0 2.628125
v 2.517273 -0.1030518 2.620739
v 2.558691 -0.1766602 2.601269
v 2.617248 -0.2208252 2.573743
v 2.684375 -0.2355469 2.542187
v 2.751501 -0.2208252 2.510632
v 2.810058 -0.1766602 2.483105
v 2.851477 -0.1030518 2.463635
v 2.867187 0 2.45625
v 2.445117 0 2.412891
v 2.458965 -0.1245978 2.399446
v 2.495471 -0.2135962 2.364002
v 2.547084 -0.2669953 2.31389
v 2.60625 -0.2847949 2.256445
v 2.665416 -0.2669953 2.199001
v 2.717029 -0.2135962 2.148889
v 2.753536 -0.1245978 2.113445
v 2.767383 0 2.1
v 2.3875 0 2.2
v 2.400391 -0.1492969 2.17959
v 2.434375 -0.2559375 2.125781
v 2.482422 -0.3199219 2.049707
v 2.5375 -0.34125 1.9625
v 2.592578 -0.3199219 1.875293
v 2.640625 -0.2559375 1.799219
v 2.674609 -0.1492969 1.74541
v 2.6875 0 1.725
v 2.306445 0 2.005859
v 2.318379 -0.173996 1.978081
v 2.349841 -0.2982788 1.904846
v 2.394322 -0.3728485 1.801308
v 2.445313 -0.3977051 1.682617
v 2.496303 -0.3728485 1.563927
v 2.540784 -0.2982788 1.460388
v 2.572246 -0.173996 1.387154
v 2.58418 0 1.359375
v 2.179688 0 1.846875
v 2.189758 -0.195542 1.811828
v 2.216309 -0.3352149 1.719434
v 2.253845 -0.4190186 1.588806
v 2.296875 -0.4469531 1.439062
v 2.339905 -0.4190186 1.289319
v 2.377441 -0.3352149 1.158691
v 2.403992 -0.195542 1.066296
v 2.414063 0 1.03125
v 1.984961 0 1.739453
v 1.991356 -0.2107819 1.697743
v 2.008215 -0.3613403 1.587781
v 2.032051 -0.4516754 1.432317
v 2.059375 -0.4817871 1.254102
v 2.086699 -0.4516754 1.075886
v 2.110535 -0.3613403 0.9204223
v 2.127394 -0.2107819 0.8104599
v 2.133789 0 0.76875
v 1.7 0 1.7
v 1.7 -0.2165625 1.652734
v 1.7 -0.37125 1.528125
v 1.7 -0.4640625 1.351953
v 1.7 -0.495 1.15
v 1.7 -0.4640625 0.9480467
v 1.7 -0.37125 0.771875
v 1.7 -0.2165625 0.6472656
v 1.7 0 0.6
v 2.598488 0.08781189 2.82656
v 2.649597 0.1505347 2.819348
v 2.721855 0.1881683 2.809151
v 2.804687 0.2007129 2.797461
v 2.88752 0.1881683 2.785771
v 2.959778 0.1505347 2.775574
v 3.010887 0.08781189 2.768361
v 2.517273 0.1030518 2.620739
v 2.558691 0.1766602 2.601269
v 2.617248 0.2208252 2.573743
v 2.684375 0.2355469 2.542187
v 2.751501 0.2208252 2.510632
v 2.810058 0.1766602 2.483105
v 2.851477 0.1030518 2.463635
v 2.458965 0.1245978 2.399446
v 2.495471 0.2135962 2.364002
v 2.547084 0.2669953 2.31389
v 2.60625 0.2847949 2.256445
v 2.665416 0.2669953 2.199001
v 2.717029 0.2135962 2.148889
v 2.753536 0.1245978 2.113445
v 2.400391 0.1492969 2.17959
v 2.434375 0.2559375 2.125781
v 2.482422 0.3199219 2.049707
v 2.5375 0.34125 1.9625
v 2.592578 0.3199219 1.875293
v 2.640625 0.2559375 1.799219
v 2.674609 0.1492969 1.74541
v 2.318379 0.173996 1.978081
v 2.349841 0.2982788 1.904846
v 2.394322 0.3728485 1.801308
v 2.445313 0.3977051 1.682617
v 2.496303 0.3728485 1.563927
v 2.540784 0.2982788 1.460388
v 2.572246 0.173996 1.387154
v 2.189758 0.195542 1.811828
v 2.216309 0.3352149 1.719434
v 2.253845 0.4190186 1.588806
v 2.296875 0.4469531 1.439062
v 2.339905 0.4190186 1.289319
v 2.377441 0.3352149 1.158691
v 2.403992 0.195542 1.066296
v 1.991356 0.2107819 1.697743
v 2.008215 0.3613403 1.587781
v 2.032051 0.4516754 1.432317
v 2.059375 0.4817871 1.254102
v 2.086699 0.4516754 1.075886
v 2.110535 0.3613403 0.9204223
v 2.127394 0.2107819 0.8104599
v 1.7 0.2165625 1.652734
v 1.7 0.37125 1.528125
v 1.7 0.4640625 1.351953
v 1.7 0.495 1.15
v 1.7 0.4640625 0.9480467
v 1.7 0.37125 0.771875
v 1.7 0.2165625 0.6472656
v 0 0 4
v -0.2300781 0 3.982422
v -0.2255001 -0.04704328 3.982422
v -0.2123278 -0.09054791 3.982422
v -0.1914039 -0.1296713 3.982422
v -0.1635708 -0.1635708 3.982422
v -0.1296713 -0.1914039 3.982422
v -0.09054791 -0.2123278 3.982422
v -0.04704328 -0.2255001 3.982422
v 0 -0.2300781 3.982422
v -0.340625 0 3.934375
v -0.3338471 -0.06964459 3.934375
v -0.3143452 -0.1340513 3.934375
v -0.283367 -0.1919724 3.934375
v -0.2421602 -0.2421602 3.934375
v -0.1919723 -0.283367 3.934375
v -0.1340513 -0.3143452 3.934375
v -0.06964458 -0.3338471 3.934375
v 0 -0.340625 3.934375
v -0.3621094 0 3.86289
v -0.3549032 -0.07403213 3.86289
v -0.3341695 -0.1424987 3.86289
v -0.3012352 -0.2040728 3.86289
v -0.2574272 -0.2574272 3.86289
v -0.2040728 -0.3012352 3.86289
v -0.1424987 -0.3341695 3.86289
v -0.07403211 -0.3549033 3.86289
v 0 -0.3621094 3.86289
v -0.325 0 3.775
v -0.3185308 -0.06643409 3.775
v -0.299918 -0.1278789 3.775
v -0.270354 -0.1831421 3.775
v -0.2310313 -0.2310313 3.775
v -0.1831421 -0.270354 3.775
v -0.1278789 -0.299918 3.775
v -0.06643408 -0.3185308 3.775
v 0 -0.325 3.775
v -0.2597656 0 3.677734
v -0.254592 -0.05307865 3.677734
v -0.2397079 -0.1021805 3.677734
v -0.2160692 -0.1463499 3.677734
v -0.1846313 -0.1846313 3.677734
v -0.1463499 -0.2160692 3.677734
v -0.1021805 -0.2397079 3.677734
v -0.05307864 -0.254592 3.677734
v 0 -0.2597656 3.677734
v -0.196875 0 3.578125
v -0.192949 -0.04019403 3.578125
v -0.1816567 -0.07739209 3.578125
v -0.1637265 -0.1108658 3.578125
v -0.1398867 -0.1398867 3.578125
v -0.1108658 -0.1637265 3.578125
v -0.07739209 -0.1816567 3.578125
v -0.04019403 -0.1929491 3.578125
v 0 -0.196875 3.578125
v -0.1667969 0 3.483203
v -0.1634643 -0.03400842 3.483203
v -0.1538817 -0.06550238 3.483203
v -0.1386715 -0.09385929 3.483203
v -0.1184565 -0.1184565 3.483203
v -0.09385929 -0.1386715 3.483203
v -0.06550238 -0.1538817 3.483203
v -0.03400842 -0.1634643 3.483203
v 0 -0.1667969 3.483203
v -0.2 0 3.4
v -0.196 -0.04075 3.4
v -0.1845 -0.0785 3.4
v -0.16625 -0.1125 3.4
v -0.142 -0.142 3.4
v -0.1125 -0.16625 3.4
v -0.0785 -0.1845 3.4
v -0.04075 -0.196 3.4
v 0 -0.2 3.4
v 0.04704328 -0.2255001 3.982422
v 0.09054791 -0.2123278 3.982422
v 0.1296713 -0.1914039 3.982422
v 0.1635708 -0.1635708 3.982422
v 0.1914039 -0.1296713 3.982422
v 0.2123278 -0.09054791 3.982422
v 0.2255001 -0.04704328 3.982422
v 0.2300781 0 3.982422
v 0.06964459 -0.3338471 3.934375
v 0.1340513 -0.3143452 3.934375
v 0.1919724 -0.283367 3.934375
v 0.2421602 -0.2421602 3.934375
v 0.283367 -0.1919723 3.934375
v 0.3143452 -0.1340513 3.934375
v 0.3338471 -0.06964458 3.934375
v 0.340625 0 3.934375
v 0.07403213 -0.3549032 3.86289
v 0.1424987 -0.3341695 3.86289
v 0.2040728 -0.3012352 3.86289
v 0.2574272 -0.2574272 3.86289
v 0.3012352 -0.2040728 3.86289
v 0.3341695 -0.1424987 3.86289
v 0.3549033 -0.07403211 3.86289
v 0.3621094 0 3.86289
v 0.06643409 -0.3185308 3.775
v 0.1278789 -0.299918 3.775
v 0.1831421 -0.270354 3.775
v 0.2310313 -0.2310313 3.775
v 0.270354 -0.1831421 3.775
v 0.299918 -0.1278789 3.775
v 0.3185308 -0.06643408 3.775
v 0.325 0 3.775
v 0.05307865 -0.254592 3.677734
v 0.1021805 -0.2397079 3.677734
v 0.1463499 -0.2160692 3.677734
v 0.1846313 -0.1846313 3.677734
v 0.2160692 -0.1463499 3.677734
v 0.2397079 -0.1021805 3.677734
v 0.254592 -0.05307864 3.677734
v 0.2597656 0 3.677734
v 0.04019403 -0.192949 3.578125
v 0.07739209 -0.1816567 3.578125
v 0.1108658 -0.1637265 3.578125
v 0.1398867 -0.1398867 3.578125
v 0.1637265 -0.1108658 3.578125
v 0.1816567 -0.07739209 3.578125
v 0.1929491 -0.04019403 3.578125
v 0.196875 0 3.578125
v 0.03400842 -0.1634643 3.483203
v 0.06550238 -0.1538817 3.483203
v 0.09385929 -0.1386715 3.483203
v 0.1184565 -0.1184565 3.483203
v 0.1386715 -0.09385929 3.483203
v 0.1538817 -0.06550238 3.483203
v 0.1634643 -0.03400842 3.483203
v 0.1667969 0 3.483203
v 0.04075 -0.196 3.4
v 0.0785 -0.1845 3.4
v 0.1125 -0.16625 3.4
v 0.142 -0.142 3.4
v 0.16625 -0.1125 3.4
v 0.1845 -0.0785 3.4
v 0.196 -0.04075 3.4
v 0.2 0 3.4
v 0 0.2300781 3.982422
v 0.04704328 0.2255001 3.982422
v 0.09054791 0.2123278 3.982422
v 0.1296713 0.1914039 3.982422
v 0.1635708 0.1635708 3.982422
v 0.1914039 0.1296713 3.982422
v 0.2123278 0.09054791 3.982422
v 0.2255001 0.04704328 3.982422
v 0 0.340625 3.934375
v 0.06964459 0.3338471 3.934375
v 0.1340513 0.3143452 3.934375
v 0.1919724 0.283367 3.934375
v 0.2421602 0.2421602 3.934375
v 0.283367 0.1919723 3.934375
v 0.3143452 0.1340513 3.934375
v 0.3338471 0.06964458 3.934375
v 0 0.3621094 3.86289
v 0.07403213 0.3549032 3.86289
v 0.1424987 0.3341695 3.86289
v 0.2040728 0.3012352 3.86289
v 0.2574272 0.2574272 3.86289
v 0.3012352 0.2040728 3.86289
v 0.3341695 0.1424987 3.86289
v 0.3549033 0.07403211 3.86289
v 0 0.325 3.775
v 0.06643409 0.3185308 3.775
v 0.1278789 0.299918 3.775
v 0.1831421 0.270354 3.775
v 0.2310313 0.2310313 3.775
v 0.270354 0.1831421 3.775
v 0.299918 0.1278789 3.775
v 0.3185308 0.06643408 3.775
v 0 0.2597656 3.677734
v 0.05307865 0.254592 3.677734
v 0.1021805 0.2397079 3.677734
v 0.1463499 0.2160692 3.677734
v 0.1846313 0.1846313 3.677734
v 0.2160692 0.1463499 3.677734
v 0.2397079 0.1021805 3.677734
v 0.254592 0.05307864 3.677734
v 0 0.196875 3.578125
v 0.04019403 0.192949 3.578125
v 0.07739209 0.1816567 3.578125
v 0.1108658 0.1637265 3.578125
v 0.1398867 0.1398867 3.578125
v 0.1637265 0.1108658 3.578125
v 0.1816567 0.07739209 3.578125
v 0.1929491 0.04019403 3.578125
v 0 0.1667969 3.483203
v 0.03400842 0.1634643 3.483203
v 0.06550238 0.1538817 3.483203
v 0.09385929 0.1386715 3.483203
v 0.1184565 0.1184565 3.483203
v 0.1386715 0.09385929 3.483203
v 0.1538817 0.06550238 3.483203
v 0.1634643 0.03400842 3.483203
v 0 0.2 3.4
v 0.04075 0.196 3.4
v 0.0785 0.1845 3.4
v 0.1125 0.16625 3.4
v 0.142 0.142 3.4
v 0.16625 0.1125 3.4
v 0.1845 0.0785 3.4
v 0.196 0.04075 3.4
v -0.2255001 0.04704328 3.982422
v -0.2123278 0.09054791 3.982422
v -0.1914039 0.1296713 3.982422
v -0.1635708 0.1635708 3.982422
v -0.1296713 0.1914039 3.982422
v -0.09054791 0.2123278 3.982422
v -0.04704328 0.2255001 3.982422
v -0.3338471 0.06964459 3.934375
v -0.3143452 0.1340513 3.934375
v -0.283367 0.1919724 3.934375
v -0.2421602 0.2421602 3.934375
v -0.1919723 0.283367 3.934375
v -0.1340513 0.3143452 3.934375
v -0.06964458 0.3338471 3.934375
v -0.3549032 0.07403213 3.86289
v -0.3341695 0.1424987 3.86289
v -0.3012352 0.2040728 3.86289
v -0.2574272 0.2574272 3.86289
v -0.2040728 0.3012352 3.86289
v -0.1424987 0.3341695 3.86289
v -0.07403211 0.3549033 3.86289
v -0.3185308 0.06643409 3.775
v -0.299918 0.1278789 3.775
v -0.270354 0.1831421 3.775
v -0.2310313 0.2310313 3.775
v -0.1831421 0.270354 3.775
v -0.1278789 0.299918 3.775
v -0.06643408 0.3185308 3.775
v -0.254592 0.05307865 3.677734
v -0.2397079 0.1021805 3.677734
v -0.2160692 0.1463499 3.677734
v -0.1846313 0.1846313 3.677734
v -0.1463499 0.2160692 3.677734
v -0.1021805 0.2397079 3.677734
v -0.05307864 0.254592 3.677734
v -0.192949 0.04019403 3.578125
v -0.1816567 0.07739209 3.578125
v -0.1637265 0.1108658 3.578125
v -0.1398867 0.1398867 3.578125
v -0.1108658 0.1637265 3.578125
v -0.07739209 0.1816567 3.578125
v -0.04019403 0.1929491 3.578125
v -0.1634643 0.03400842 3.483203
v -0.1538817 0.06550238 3.483203
v -0.1386715 0.09385929 3.483203
v -0.1184565 0.1184565 3.483203
v -0.09385929 0.1386715 3.483203
v -0.06550238 0.1538817 3.483203
v -0.03400842 0.1634643 3.483203
v -0.196 0.04075 3.4
v -0.1845 0.0785 3.4
v -0.16625 0.1125 3.4
v -0.142 0.142 3.4
v -0.1125 0.16625 3.4
v -0.0785 0.1845 3.4
v -0.04075 0.196 3.4
v -0.3046875 0 3.333594
v -0.2985937 -0.06208008 3.333593
v -0.2810742 -0.1195898 3.333594
v -0.2532715 -0.1713867 3.333594
v -0.2163281 -0.2163281 3.333594
v -0.1713867 -0.2532715 3.333593
v -0.1195898 -0.2810742 3.333594
v -0.06208008 -0.2985938 3.333594
v 0 -0.3046875 3.333594
v -0.45625 0 3.28125
v -0.447125 -0.09296094 3.28125
v -0.4208906 -0.1790781 3.28125
v -0.3792579 -0.2566406 3.28125
v -0.3239375 -0.3239375 3.28125
v -0.2566406 -0.3792579 3.28125
v -0.1790781 -0.4208906 3.28125
v -0.09296093 -0.447125 3.28125
v 0 -0.45625 3.28125
v -0.6359375 0 3.238281
v -0.6232188 -0.1295723 3.238282
v -0.5866524 -0.2496055 3.238281
v -0.528623 -0.3577148 3.238281
v -0.4515156 -0.4515156 3.238281
v -0.3577148 -0.528623 3.238281
v -0.2496055 -0.5866524 3.238281
v -0.1295723 -0.6232188 3.238281
v 0 -0.6359375 3.238281
v -0.825 0 3.2
v -0.8084999 -0.1680937 3.2
v -0.7610625 -0.3238125 3.2
v -0.6857813 -0.4640625 3.2
v -0.58575 -0.58575 3.2
v -0.4640625 -0.6857813 3.2
v -0.3238125 -0.7610625 3.2
v -0.1680937 -0.8084999 3.2
v 0 -0.825 3.2
v -1.004688 0 3.161719
v -0.9845937 -0.2047051 3.161719
v -0.9268243 -0.3943398 3.161719
v -0.8351465 -0.5651367 3.161719
v -0.7133281 -0.7133281 3.161719
v -0.5651367 -0.8351465 3.161719
v -0.3943398 -0.9268243 3.161719
v -0.2047051 -0.9845937 3.161719
v 0 -1.004688 3.161719
v -1.15625 0 3.11875
v -1.133125 -0.2355859 3.11875
v -1.066641 -0.4538281 3.11875
v -0.9611329 -0.6503906 3.11875
v -0.8209375 -0.8209375 3.11875
v -0.6503906 -0.9611329 3.11875
v -0.4538281 -1.066641 3.11875
v -0.2355859 -1.133125 3.11875
v 0 -1.15625 3.11875
v -1.260937 0 3.066406
v -1.235719 -0.256916 3.066406
v -1.163215 -0.4949179 3.066406
v -1.048154 -0.7092773 3.066406
v -0.8952657 -0.8952657 3.066406
v -0.7092773 -1.048154 3.066406
v -0.4949179 -1.163215 3.066406
v -0.256916 -1.235719 3.066406
v 0 -1.260937 3.066406
v -1.3 0 3
v -1.274 -0.264875 3
v -1.19925 -0.51025 3
v -1.080625 -0.73125 3
v -0.923 -0.923 3
v -0.73125 -1.080625 3
v -0.51025 -1.19925 3
v -0.264875 -1.274 3
v 0 -1.3 3
v 0.06208008 -0.2985937 3.333593
v 0.1195898 -0.2810742 3.333594
v 0.1713867 -0.2532715 3.333594
v 0.2163281 -0.2163281 3.333594
v 0.2532715 -0.1713867 3.333593
v 0.2810742 -0.1195898 3.333594
v 0.2985938 -0.06208008 3.333594
v 0.3046875 0 3.333594
v 0.09296094 -0.447125 3.28125
v 0.1790781 -0.4208906 3.28125
v 0.2566406 -0.3792579 3.28125
v 0.3239375 -0.3239375 3.28125
v 0.3792579 -0.2566406 3.28125
v 0.4208906 -0.1790781 3.28125
v 0.447125 -0.09296093 3.28125
v 0.45625 0 3.28125
v 0.1295723 -0.6232188 3.238282
v 0.2496055 -0.5866524 3.238281
v 0.3577148 -0.528623 3.238281
v 0.4515156 -0.4515156 3.238281
v 0.528623 -0.3577148 3.238281
v 0.5866524 -0.2496055 3.238281
v 0.6232188 -0.1295723 3.238281
v 0.6359375 0 3.238281
v 0.1680937 -0.8084999 3.2
v 0.3238125 -0.7610625 3.2
v 0.4640625 -0.6857813 3.2
v 0.58575 -0.58575 3.2
v 0.6857813 -0.4640625 3.2
v 0.7610625 -0.3238125 3.2
v 0.8084999 -0.1680937 3.2
v 0.825 0 3.2
v 0.2047051 -0.9845937 3.161719
v 0.3943398 -0.9268243 3.161719
v 0.5651367 -0.8351465 3.161719
v 0.7133281 -0.7133281 3.161719
v 0.8351465 -0.5651367 3.161719
v 0.9268243 -0.3943398 3.161719
v 0.9845937 -0.2047051 3.161719
v 1.004688 0 3.161719
v 0.2355859 -1.133125 3.11875
v 0.4538281 -1.066641 3.11875
v 0.6503906 -0.9611329 3.11875
v 0.8209375 -0.8209375 3.11875
v 0.9611329 -0.6503906 3.11875
v 1.066641 -0.4538281 3.11875
v 1.133125 -0.2355859 3.11875
v 1.15625 0 3.11875
v 0.256916 -1.235719 3.066406
v 0.4949179 -1.163215 3.066406
v 0.7092773 -1.048154 3.066406
v 0.8952657 -0.8952657 3.066406
v 1.048154 -0.7092773 3.066406
v 1.163215 -0.4949179 3.066406
v 1.235719 -0.256916 3.066406
v 1.260937 0 3.066406
v 0.264875 -1.274 3
v 0.51025 -1.19925 3
v 0.73125 -1.080625 3
v 0.923 -0.923 3
v 1.080625 -0.73125 3
v 1.19925 -0.51025 3
v 1.274 -0.264875 3
v 1.3 0 3
v 0 0.3046875 3.333594
v 0.06208008 0.2985937 3.333593
v 0.1195898 0.2810742 3.333594
v 0.1713867 0.2532715 3.333594
v 0.2163281 0.2163281 3.333594
v 0.2532715 0.1713867 3.333593
v 0.2810742 0.1195898 3.333594
v 0.2985938 0.06208008 3.333594
v 0 0.45625 3.28125
v 0.09296094 0.447125 3.28125
v 0.1790781 0.4208906 3.28125
v 0.2566406 0.3792579 3.28125
v 0.3239375 0.3239375 3.28125
v 0.3792579 0.2566406 3.28125
v 0.4208906 0.1790781 3.28125
v 0.447125 0.09296093 3.28125
v 0 0.6359375 3.238281
v 0.1295723 0.6232188 3.238282
v 0.2496055 0.5866524 3.238281
v 0.3577148 0.528623 3.238281
v 0.4515156 0.4515156 3.238281
v 0.528623 0.3577148 3.238281
v 0.5866524 0.2496055 3.238281
v 0.6232188 0.1295723 3.238281
v 0 0.825 3.2
v 0.1680937 0.8084999 3.2
v 0.3238125 0.7610625 3.2
v 0.4640625 0.6857813 3.2
v 0.58575 0.58575 3.2
v 0.6857813 0.4640625 3.2
v 0.7610625 0.3238125 3.2
v 0.8084999 0.1680937 3.2
v 0 1.004688 3.161719
v 0.2047051 0.9845937 3.161719
v 0.3943398 0.9268243 3.161719
v 0.5651367 0.8351465 3.161719
v 0.7133281 0.7133281 3.161719
v 0.8351465 0.5651367 3.161719
v 0.9268243 0.3943398 3.161719
v 0.9845937 0.2047051 3.161719
v 0 1.15625 3.11875
v 0.2355859 1.133125 3.11875
v 0.4538281 1.066641 3.11875
v 0.6503906 0.9611329 3.11875
v 0.8209375 0.8209375 3.11875
v 0.9611329 0.6503906 3.11875
v 1.066641 0.4538281 3.11875
v 1.133125 0.2355859 3.11875
v 0 1.260937 3.066406
v 0.256916 1.235719 3.066406
v 0.4949179 1.163215 3.066406
v 0.7092773 1.048154 3.066406
v 0.8952657 0.8952657 3.066406
v 1.048154 0.7092773 3.066406
v 1.163215 0.4949179 3.066406
v 1.235719 0.256916 3.066406
v 0 1.3 3
v 0.264875 1.274 3
v 0.51025 1.19925 3
v 0.73125 1.080625 3
v 0.923 0.923 3
v 1.080625 0.73125 3
v 1.19925 0.51025 3
v 1.274 0.264875 3
v -0.2985937 0.06208008 3.333593
v -0.2810742 0.1195898 3.333594
v -0.2532715 0.1713867 3.333594
v -0.2163281 0.2163281 3.333594
v -0.1713867 0.2532715 3.333593
v -0.1195898 0.2810742 3.333594
v -0.06208008 0.2985938 3.333594
v -0.447125 0.09296094 3.28125
v -0.4208906 0.1790781 3.28125
v -0.3792579 0.2566406 3.28125
v -0.3239375 0.3239375 3.28125
v -0.2566406 0.3792579 3.28125
v -0.1790781 0.4208906 3.28125
v -0.09296093 0.447125 3.28125
v -0.6232188 0.1295723 3.238282
v -0.5866524 0.2496055 3.238281
v -0.528623 0.3577148 3.238281
v -0.4515156 0.4515156 3.238281
v -0.3577148 0.528623 3.238281
v -0.2496055 0.5866524 3.238281
v -0.1295723 0.6232188 3.238281
v -0.8084999 0.1680937 3.2
v -0.7610625 0.3238125 3.2
v -0.6857813 0.4640625 3.2
v -0.58575 0.58575 3.2
v -0.4640625 0.6857813 3.2
v -0.3238125 0.7610625 3.2
v -0.1680937 0.8084999 3.2
v -0.9845937 0.2047051 3.161719
v -0.9268243 0.3943398 3.161719
v -0.8351465 0.5651367 3.161719
v -0.7133281 0.7133281 3.161719
v -0.5651367 0.8351465 3.161719
v -0.3943398 0.9268243 3.161719
v -0.2047051 0.9845937 3.161719
v -1.133125 0.2355859 3.11875
v -1.066641 0.4538281 3.11875
v -0.9611329 0.6503906 3.11875
v -0.8209375 0.8209375 3.11875
v -0.6503906 0.9611329 3.11875
v -0.4538281 1.066641 3.11875
v -0.2355859 1.133125 3.11875
v -1.235719 0.256916 3.066406
v -1.163215 0.4949179 3.066406
v -1.048154 0.7092773 3.066406
v -0.8952657 0.8952657 3.066406
v -0.7092773 1.048154 3.066406
v -0.4949179 1.163215 3.066406
v -0.256916 1.235719 3.066406
v -1.274 0.264875 3
v -1.19925 0.51025 3
v -1.080625 0.73125 3
v -0.923 0.923 3
v -0.73125 1.080625 3
v -0.51025 1.19925 3
v -0.264875 1.274 3
v -1.4 0 3
v -1.372 -0.28525 3
v -1.2915 -0.5495 3
v -1.16375 -0.7875 3
v -0.994 -0.994 3
v -0.7875 -1.16375 3
v -0.5495 -1.2915 3
v -0.28525 -1.372 3
v 0 -1.4 3
v -1.383789 0 3.057422
v -1.356113 -0.281947 3.057421
v -1.276545 -0.5431372 3.057422
v -1.150275 -0.7783813 3.057422
v -0.9824902 -0.9824903 3.057422
v -0.7783813 -1.150275 3.057422
v -0.5431372 -1.276545 3.057422
v -0.281947 -1.356113 3.057422
v 0 -1.383789 3.057422
v -1.380469 0 3.098437
v -1.352859 -0.2812705 3.098437
v -1.273482 -0.5418339 3.098437
v -1.147515 -0.7765137 3.098437
v -0.9801328 -0.9801328 3.098437
v -0.7765137 -1.147515 3.098437
v -0.5418339 -1.273482 3.098437
v -0.2812705 -1.352859 3.098437
v 0 -1.380469 3.098437
v -1.387695 0 3.123047
v -1.359941 -0.2827429 3.123047
v -1.280149 -0.5446704 3.123047
v -1.153522 -0.7805786 3.123047
v -0.9852637 -0.9852637 3.123047
v -0.7805786 -1.153522 3.123047
v -0.5446704 -1.280149 3.123047
v -0.2827429 -1.359941 3.123047
v 0 -1.387695 3.123047
v -1.403125 0 3.13125
v -1.375063 -0.2858867 3.13125
v -1.294383 -0.5507266 3.13125
v -1.166348 -0.7892578 3.13125
v -0.9962187 -0.9962187 3.13125
v -0.7892578 -1.166348 3.13125
v -0.5507266 -1.294383 3.13125
v -0.2858867 -1.375063 3.13125
v 0 -1.403125 3.13125
v -1.424414 0 3.123047
v -1.395926 -0.2902243 3.123047
v -1.314022 -0.5590825 3.123047
v -1.184044 -0.8012329 3.123047
v -1.011334 -1.011334 3.123047
v -0.8012329 -1.184044 3.123047
v -0.5590825 -1.314022 3.123047
v -0.2902243 -1.395926 3.123047
v 0 -1.424414 3.123047
v -1.449219 0 3.098438
v -1.420234 -0.2952783 3.098437
v -1.336904 -0.5688183 3.098438
v -1.204663 -0.8151855 3.098438
v -1.028945 -1.028945 3.098438
v -0.8151855 -1.204663 3.098438
v -0.5688183 -1.336904 3.098438
v -0.2952783 -1.420234 3.098438
v 0 -1.449219 3.098438
v -1.475195 0 3.057422
v -1.445691 -0.300571 3.057421
v -1.360868 -0.5790142 3.057422
v -1.226256 -0.8297974 3.057422
v -1.047389 -1.047389 3.057422
v -0.8297974 -1.226256 3.057422
v -0.5790142 -1.360868 3.057422
v -0.300571 -1.445691 3.057422
v 0 -1.475195 3.057422
v -1.5 0 3
v -1.47 -0.305625 3
v -1.38375 -0.58875 3
v -1.246875 -0.84375 3
v -1.065 -1.065 3
v -0.84375 -1.246875 3
v -0.58875 -1.38375 3
v -0.305625 -1.47 3
v 0 -1.5 3
v 0.28525 -1.372 3
v 0.5495 -1.2915 3
v 0.7875 -1.16375 3
v 0.994 -0.994 3
v 1.16375 -0.7875 3
v 1.2915 -0.5495 3
v 1.372 -0.28525 3
v 1.4 0 3
v 0.281947 -1.356113 3.057421
v 0.5431372 -1.276545 3.057422
v 0.7783813 -1.150275 3.057422
v 0.9824903 -0.9824902 3.057422
v 1.150275 -0.7783813 3.057422
v 1.276545 -0.5431372 3.057422
v 1.356113 -0.281947 3.057422
v 1.383789 0 3.057422
v 0.2812705 -1.352859 3.098437
v 0.5418339 -1.273482 3.098437
v 0.7765137 -1.147515 3.098437
v 0.9801328 -0.9801328 3.098437
v 1.147515 -0.7765137 3.098437
v 1.273482 -0.5418339 3.098437
v 1.352859 -0.2812705 3.098437
v 1.380469 0 3.098437
v 0.2827429 -1.359941 3.123047
v 0.5446704 -1.280149 3.123047
v 0.7805786 -1.153522 3.123047
v 0.9852637 -0.9852637 3.123047
v 1.153522 -0.7805786 3.123047
v 1.280149 -0.5446704 3.123047
v 1.359941 -0.2827429 3.123047
v 1.387695 0 3.123047
v 0.2858867 -1.375063 3.13125
v 0.5507266 -1.294383 3.13125
v 0.7892578 -1.166348 3.13125
v 0.9962187 -0.9962187 3.13125
v 1.166348 -0.7892578 3.13125
v 1.294383 -0.5507266 3.13125
v 1.375063 -0.2858867 3.13125
v 1.403125 0 3.13125
v 0.2902243 -1.395926 3.123047
v 0.5590825 -1.314022 3.123047
v 0.8012329 -1.184044 3.123047
v 1.011334 -1.011334 3.123047
v 1.184044 -0.8012329 3.123047
v 1.314022 -0.5590825 3.123047
v 1.395926 -0.2902243 3.123047
v 1.424414 0 3.123047
v 0.2952783 -1.420234 3.098437
v 0.5688183 -1.336904 3.098438
v 0.8151855 -1.204663 3.098438
v 1.028945 -1.028945 3.098438
v 1.204663 -0.8151855 3.098438
v 1.336904 -0.5688183 3.098438
v 1.420234 -0.2952783 3.098438
v 1.449219 0 3.098438
v 0.300571 -1.445691 3.057421
v 0.5790142 -1.360868 3.057422
v 0.8297974 -1.226256 3.057422
v 1.047389 -1.047389 3.057422
v 1.226256 -0.8297974 3.057422
v 1.360868 -0.5790142 3.057422
v 1.445691 -0.300571 3.057422
v 1.475195 0 3.057422
v 0.305625 -1.47 3
v 0.58875 -1.38375 3
v 0.84375 -1.246875 3
v 1.065 -1.065 3
v 1.246875 -0.84375 3
v 1.38375 -0.58875 3
v 1.47 -0.305625 3
v 1.5 0 3
v 0 1.4 3
v 0.28525 1.372 3
v 0.5495 1.2915 3
v 0.7875 1.16375 3
v 0.994 0.994 3
v 1.16375 0.7875 3
v 1.2915 0.5495 3
v 1.372 0.28525 3
v 0 1.383789 3.057422
v 0.281947 1.356113 3.057421
v 0.5431372 1.276545 3.057422
v 0.7783813 1.150275 3.057422
v 0.9824903 0.9824902 3.057422
v 1.150275 0.7783813 3.057422
v 1.276545 0.5431372 3.057422
v 1.356113 0.281947 3.057422
v 0 1.380469 3.098437
v 0.2812705 1.352859 3.098437
v 0.5418339 1.273482 3.098437
v 0.7765137 1.147515 3.098437
v 0.9801328 0.9801328 3.098437
v 1.147515 0.7765137 3.098437
v 1.273482 0.5418339 3.098437
v 1.352859 0.2812705 3.098437
v 0 1.387695 3.123047
v 0.2827429 1.359941 3.123047
v 0.5446704 1.280149 3.123047
v 0.7805786 1.153522 3.123047
v 0.9852637 0.9852637 3.123047
v 1.153522 0.7805786 3.123047
v 1.280149 0.5446704 3.123047
v 1.359941 0.2827429 3.123047
v 0 1.403125 3.13125
v 0.2858867 1.375063 3.13125
v 0.5507266 1.294383 3.13125
v 0.7892578 1.166348 3.13125
v 0.9962187 0.9962187 3.13125
v 1.166348 0.7892578 3.13125
v 1.294383 0.5507266 3.13125
v 1.375063 0.2858867 3.13125
v 0 1.424414 3.123047
v 0.2902243 1.395926 3.123047
v 0.5590825 1.314022 3.123047
v 0.8012329 1.184044 3.123047
v 1.011334 1.011334 3.123047
v 1.184044 0.8012329 3.123047
v 1.314022 0.5590825 3.123047
v 1.395926 0.2902243 3.123047
v 0 1.449219 3.098438
v 0.2952783 1.420234 3.098437
v 0.5688183 1.336904 3.098438
v 0.8151855 1.204663 3.098438
v 1.028945 1.028945 3.098438
v 1.204663 0.8151855 3.098438
v 1.336904 0.5688183 3.098438
v 1.420234 0.2952783 3.098438
v 0 1.475195 3.057422
v 0.300571 1.445691 3.057421
v 0.5790142 1.360868 3.057422
v 0.8297974 1.226256 3.057422
v 1.047389 1.047389 3.057422
v 1.226256 0.8297974 3.057422
v 1.360868 0.5790142 3.057422
v 1.445691 0.300571 3.057422
v 0 1.5 3
v 0.305625 1.47 3
v 0.58875 1.38375 3
v 0.84375 1.246875 3
v 1.065 1.065 3
v 1.246875 0.84375 3
v 1.38375 0.58875 3
v 1.47 0.305625 3
v -1.372 0.28525 3
v -1.2915 0.5495 3
v -1.16375 0.7875 3
v -0.994 0.994 3
v -0.7875 1.16375 3
v -0.5495 1.2915 3
v -0.28525 1.372 3
v -1.356113 0.281947 3.057421
v -1.276545 0.5431372 3.057422
v -1.150275 0.7783813 3.057422
v -0.9824902 0.9824903 3.057422
v -0.7783813 1.150275 3.057422
v -0.5431372 1.276545 3.057422
v -0.281947 1.356113 3.057422
v -1.352859 0.2812705 3.098437
v -1.273482 0.5418339 3.098437
v -1.147515 0.7765137 3.098437
v -0.9801328 0.9801328 3.098437
v -0.7765137 1.147515 3.098437
v -0.5418339 1.273482 3.098437
v -0.2812705 1.352859 3.098437
v -1.359941 0.2827429 3.123047
v -1.280149 0.5446704 3.123047
v -1.153522 0.7805786 3.123047
v -0.9852637 0.9852637 3.123047
v -0.7805786 1.153522 3.123047
v -0.5446704 1.280149 3.123047
v -0.2827429 1.359941 3.123047
v -1.375063 0.2858867 3.13125
v -1.294383 0.5507266 3.13125
v -1.166348 0.7892578 3.13125
v -0.9962187 0.9962187 3.13125
v -0.7892578 1.166348 3.13125
v -0.5507266 1.294383 3.13125
v -0.2858867 1.375063 3.13125
v -1.395926 0.2902243 3.123047
v -1.314022 0.5590825 3.123047
v -1.184044 0.8012329 3.123047
v -1.011334 1.011334 3.123047
v -0.8012329 1.184044 3.123047
v -0.5590825 1.314022 3.123047
v -0.2902243 1.395926 3.123047
v -1.420234 0.2952783 3.098437
v -1.336904 0.5688183 3.098438
v -1.204663 0.8151855 3.098438
v -1.028945 1.028945 3.098438
v -0.8151855 1.204663 3.098438
v -0.5688183 1.336904 3.098438
v -0.2952783 1.420234 3.098438
v -1.445691 0.300571 3.057421
v -1.360868 0.5790142 3.057422
v -1.226256 0.8297974 3.057422
v -1.047389 1.047389 3.057422
v -0.8297974 1.226256 3.057422
v -0.5790142 1.360868 3.057422
v -0.300571 1.445691 3.057422
v -1.47 0.305625 3
v -1.38375 0.58875 3
v -1.246875 0.84375 3
v -1.065 1.065 3
v -0.84375 1.246875 3
v -0.58875 1.38375 3
v -0.305625 1.47 3
v -1.593262 0 2.737695
v -1.561396 -0.324627 2.737695
v -1.469784 -0.6253552 2.737695
v -1.324399 -0.8962097 2.737695
v -1.131216 -1.131216 2.737695
v -0.8962097 -1.324399 2.737695
v -0.6253552 -1.469784 2.737695
v -0.324627 -1.561396 2.737695
v 0 -1.593262 2.737695
v -1.683594 0 2.476562
v -1.649922 -0.3430322 2.476562
v -1.553115 -0.6608105 2.476562
v -1.399487 -0.9470215 2.476562
v -1.195352 -1.195352 2.476562
v -0.9470215 -1.399487 2.476562
v -0.6608105 -1.553115 2.476562
v -0.3430322 -1.649922 2.476562
v 0 -1.683594 2.476562
v -1.768066 0 2.217773
v -1.732705 -0.3602435 2.217773
v -1.631041 -0.693966 2.217773
v -1.469705 -0.9945374 2.217773
v -1.255327 -1.255327 2.217773
v -0.9945374 -1.469705 2.217773
v -0.693966 -1.631041 2.217773
v -0.3602435 -1.732705 2.217773
v 0 -1.768066 2.217773
v -1.84375 0 1.9625
v -1.806875 -0.3756641 1.9625
v -1.700859 -0.7236719 1.9625
v -1.532617 -1.037109 1.9625
v -1.309063 -1.309063 1.9625
v -1.037109 -1.532617 1.9625
v -0.7236719 -1.700859 1.9625
v -0.3756641 -1.806875 1.9625
v 0 -1.84375 1.9625
v -1.907715 0 1.711914
v -1.86956 -0.3886969 1.711914
v -1.759867 -0.7487781 1.711914
v -1.585788 -1.07309 1.711914
v -1.354478 -1.354478 1.711914
v -1.07309 -1.585788 1.711914
v -0.7487781 -1.759867 1.711914
v -0.3886969 -1.86956 1.711914
v 0 -1.907715 1.711914
v -1.957031 0 1.467188
v -1.917891 -0.3987451 1.467188
v -1.805361 -0.7681348 1.467188
v -1.626782 -1.10083 1.467188
v -1.389492 -1.389492 1.467188
v -1.10083 -1.626782 1.467188
v -0.7681348 -1.805361 1.467188
v -0.3987451 -1.917891 1.467188
v 0 -1.957031 1.467188
v -1.98877 0 1.229492
v -1.948994 -0.4052117 1.229492
v -1.83464 -0.7805921 1.229492
v -1.653165 -1.118683 1.229492
v -1.412026 -1.412026 1.229492
v -1.118683 -1.653165 1.229492
v -0.7805921 -1.83464 1.229492
v -0.4052117 -1.948994 1.229492
v 0 -1.98877 1.229492
v -2 0 1
v -1.96 -0.4075 1
v -1.845 -0.785 1
v -1.6625 -1.125 1
v -1.42 -1.42 1
v -1.125 -1.6625 1
v -0.785 -1.845 1
v -0.4075 -1.96 1
v 0 -2 1
v 0.324627 -1.561396 2.737695
v 0.6253552 -1.469784 2.737695
v 0.8962097 -1.324399 2.737695
v 1.131216 -1.131216 2.737695
v 1.324399 -0.8962097 2.737695
v 1.469784 -0.6253552 2.737695
v 1.561396 -0.324627 2.737695
v 1.593262 0 2.737695
v 0.3430322 -1.649922 2.476562
v 0.6608105 -1.553115 2.476562
v 0.9470215 -1.399487 2.476562
v 1.195352 -1.195352 2.476562
v 1.399487 -0.9470215 2.476562
v 1.553115 -0.6608105 2.476562
v 1.649922 -0.3430322 2.476562
v 1.683594 0 2.476562
v 0.3602435 -1.732705 2.217773
v 0.693966 -1.631041 2.217773
v 0.9945374 -1.469705 2.217773
v 1.255327 -1.255327 2.217773
v 1.469705 -0.9945374 2.217773
v 1.631041 -0.693966 2.217773
v 1.732705 -0.3602435 2.217773
v 1.768066 0 2.217773
v 0.3756641 -1.806875 1.9625
v 0.7236719 -1.700859 1.9625
v 1.037109 -1.532617 1.9625
v 1.309063 -1.309063 1.9625
v 1.532617 -1.037109 1.9625
v 1.700859 -0.7236719 1.9625
v 1.806875 -0.3756641 1.9625
v 1.84375 0 1.9625
v 0.3886969 -1.86956 1.711914
v 0.7487781 -1.759867 1.711914
v 1.07309 -1.585788 1.711914
v 1.354478 -1.354478 1.711914
v 1.585788 -1.07309 1.711914
v 1.759867 -0.7487781 1.711914
v 1.86956 -0.3886969 1.711914
v 1.907715 0 1.711914
v 0.3987451 -1.917891 1.467188
v 0.7681348 -1.805361 1.467188
v 1.10083 -1.626782 1.467188
v 1.389492 -1.389492 1.467188
v 1.626782 -1.10083 1.467188
v 1.805361 -0.7681348 1.467188
v 1.917891 -0.3987451 1.467188
v 1.957031 0 1.467188
v 0.4052117 -1.948994 1.229492
v 0.7805921 -1.83464 1.229492
v 1.118683 -1.653165 1.229492
v 1.412026 -1.412026 1.229492
v 1.653165 -1.118683 1.229492
v 1.83464 -0.7805921 1.229492
v 1.948994 -0.4052117 1.229492
v 1.98877 0 1.229492
v 0.4075 -1.96 1
v 0.785 -1.845 1
v 1.125 -1.6625 1
v 1.42 -1.42 1
v 1.6625 -1.125 1
v 1.845 -0.785 1
v 1.96 -0.4075 1
v 2 0 1
v 0 1.593262 2.737695
v 0.324627 1.561396 2.737695
v 0.6253552 1.469784 2.737695
v 0.8962097 1.324399 2.737695
v 1.131216 1.131216 2.737695
v 1.324399 0.8962097 2.737695
v 1.469784 0.6253552 2.737695
v 1.561396 0.324627 2.737695
v 0 1.683594 2.476562
v 0.3430322 1.649922 2.476562
v 0.6608105 1.553115 2.476562
v 0.9470215 1.399487 2.476562
v 1.195352 1.195352 2.476562
v 1.399487 0.9470215 2.476562
v 1.553115 0.6608105 2.476562
v 1.649922 0.3430322 2.476562
v 0 1.768066 2.217773
v 0.3602435 1.732705 2.217773
v 0.693966 1.631041 2.217773
v 0.9945374 1.469705 2.217773
v 1.255327 1.255327 2.217773
v 1.469705 0.9945374 2.217773
v 1.631041 0.693966 2.217773
v 1.732705 0.3602435 2.217773
v 0 1.84375 1.9625
v 0.3756641 1.806875 1.9625
v 0.7236719 1.700859 1.9625
v 1.037109 1.532617 1.9625
v 1.309063 1.309063 1.9625
v 1.532617 1.037109 1.9625
v 1.700859 0.7236719 1.9625
v 1.806875 0.3756641 1.9625
v 0 1.907715 1.711914
v 0.3886969 1.86956 1.711914
v 0.7487781 1.759867 1.711914
v 1.07309 1.585788 1.711914
v 1.354478 1.354478 1.711914
v 1.585788 1.07309 1.711914
v 1.759867 0.7487781 1.711914
v 1.86956 0.3886969 1.711914
v 0 1.957031 1.467188
v 0.3987451 1.917891 1.467188
v 0.7681348 1.805361 1.467188
v 1.10083 1.626782 1.467188
v 1.389492 1.389492 1.467188
v 1.626782 1.10083 1.467188
v 1.805361 0.7681348 1.467188
v 1.917891 0.3987451 1.467188
v 0 1.98877 1.229492
v 0.4052117 1.948994 1.229492
v 0.7805921 1.83464 1.229492
v 1.118683 1.653165 1.229492
v 1.412026 1.412026 1.229492
v 1.653165 1.118683 1.229492
v 1.83464 0.7805921 1.229492
v 1.948994 0.4052117 1.229492
v 0 2 1
v 0.4075 1.96 1
v 0.785 1.845 1
v 1.125 1.6625 1
v 1.42 1.42 1
v 1.6625 1.125 1
v 1.845 0.785 1
v 1.96 0.4075 1
v -1.561396 0.324627 2.737695
v -1.469784 0.6253552 2.737695
v -1.324399 0.8962097 2.737695
v -1.131216 1.131216 2.737695
v -0.8962097 1.324399 2.737695
v -0.6253552 1.469784 2.737695
v -0.324627 1.561396 2.737695
v -1.649922 0.3430322 2.476562
v -1.553115 0.6608105 2.476562
v -1.399487 0.9470215 2.476562
v -1.195352 1.195352 2.476562
v -0.9470215 1.399487 2.476562
v -0.6608105 1.553115 2.476562
v -0.3430322 1.649922 2.476562
v -1.732705 0.3602435 2.217773
v -1.631041 0.693966 2.217773
v -1.469705 0.9945374 2.217773
v -1.255327 1.255327 2.217773
v -0.9945374 1.469705 2.217773
v -0.693966 1.631041 2.217773
v -0.3602435 1.732705 2.217773
v -1.806875 0.3756641 1.9625
v -1.700859 0.7236719 1.9625
v -1.532617 1.037109 1.9625
v -1.309063 1.309063 1.9625
v -1.037109 1.532617 1.9625
v -0.7236719 1.700859 1.9625
v -0.3756641 1.806875 1.9625
v -1.86956 0.3886969 1.711914
v -1.759867 0.7487781 1.711914
v -1.585788 1.07309 1.711914
v -1.354478 1.354478 1.711914
v -1.07309 1.585788 1.711914
v -0.7487781 1.759867 1.711914
v -0.3886969 1.86956 1.711914
v -1.917891 0.3987451 1.467188
v -1.805361 0.7681348 1.467188
v -1.626782 1.10083 1.467188
v -1.389492 1.389492 1.467188
v -1.10083 1.626782 1.467188
v -0.7681348 1.805361 1.467188
v -0.3987451 1.917891 1.467188
v -1.948994 0.4052117 1.229492
v -1.83464 0.7805921 1.229492
v -1.653165 1.118683 1.229492
v -1.412026 1.412026 1.229492
v -1.118683 1.653165 1.229492
v -0.7805921 1.83464 1.229492
v -0.4052117 1.948994 1.229492
v -1.96 0.4075 1
v -1.845 0.785 1
v -1.6625 1.125 1
v -1.42 1.42 1
v -1.125 1.6625 1
v -0.785 1.845 1
v -0.4075 1.96 1
v -1.978516 0 0.7888673
v -1.938945 -0.4031225 0.7888674
v -1.825181 -0.7765674 0.7888673
v -1.644641 -1.112915 0.7888673
v -1.404746 -1.404746 0.7888673
v -1.112915 -1.644641 0.7888673
v -0.7765674 -1.825181 0.7888673
v -0.4031225 -1.938945 0.7888673
v 0 -1.978516 0.7888673
v -1.921875 0 0.6046876
v -1.883437 -0.3915821 0.6046876
v -1.77293 -0.7543359 0.6046876
v -1.597559 -1.081055 0.6046876
v -1.364531 -1.364531 0.6046876
v -1.081055 -1.597559 0.6046876
v -0.7543359 -1.77293 0.6046876
v -0.3915821 -1.883437 0.6046876
v 0 -1.921875 0.6046876
v -1.841797 0 0.4462891
v -1.804961 -0.3752661 0.4462892
v -1.699058 -0.7229052 0.4462891
v -1.530994 -1.036011 0.4462891
v -1.307676 -1.307676 0.4462891
v -1.036011 -1.530994 0.4462891
v -0.7229052 -1.699058 0.4462891
v -0.3752661 -1.804961 0.4462891
v 0 -1.841797 0.4462891
v -1.75 0 0.3125
v -1.715 -0.3565625 0.3125001
v -1.614375 -0.686875 0.3125
v -1.454687 -0.984375 0.3125
v -1.2425 -1.2425 0.3125
v -0.984375 -1.454687 0.3125
v -0.686875 -1.614375 0.3125
v -0.3565625 -1.715 0.3125
v 0 -1.75 0.3125
v -1.658203 0 0.2021484
v -1.625039 -0.3378589 0.2021485
v -1.529692 -0.6508448 0.2021484
v -1.378381 -0.9327393 0.2021484
v -1.177324 -1.177324 0.2021484
v -0.9327393 -1.378381 0.2021484
v -0.6508448 -1.529692 0.2021484
v -0.3378589 -1.625039 0.2021484
v 0 -1.658203 0.2021484
v -1.578125 0 0.1140625
v -1.546562 -0.3215429 0.1140625
v -1.45582 -0.6194141 0.1140625
v -1.311816 -0.8876953 0.1140625
v -1.120469 -1.120469 0.1140625
v -0.8876953 -1.311816 0.1140625
v -0.6194141 -1.45582 0.1140625
v -0.3215429 -1.546562 0.1140625
v 0 -1.578125 0.1140625
v -1.521484 0 0.04707031
v -1.491055 -0.3100024 0.04707031
v -1.403569 -0.5971826 0.04707031
v -1.264734 -0.855835 0.04707031
v -1.080254 -1.080254 0.04707032
v -0.855835 -1.264734 0.04707031
v -0.5971826 -1.403569 0.04707031
v -0.3100024 -1.491055 0.04707031
v 0 -1.521484 0.04707031
v -1.5 0 0
v -1.47 -0.305625 -1.490116e-8
v -1.38375 -0.58875 0
v -1.246875 -0.84375 0
v -1.065 -1.065 1.490116e-8
v -0.84375 -1.246875 0
v -0.58875 -1.38375 0
v -0.305625 -1.47 0
v 0 -1.5 0
v 0.4031225 -1.938945 0.7888674
v 0.7765674 -1.825181 0.7888673
v 1.112915 -1.644641 0.7888673
v 1.404746 -1.404746 0.7888673
v 1.644641 -1.112915 0.7888673
v 1.825181 -0.7765674 0.7888673
v 1.938945 -0.4031225 0.7888673
v 1.978516 0 0.7888673
v 0.3915821 -1.883437 0.6046876
v 0.7543359 -1.77293 0.6046876
v 1.081055 -1.597559 0.6046876
v 1.364531 -1.364531 0.6046876
v 1.597559 -1.081055 0.6046876
v 1.77293 -0.7543359 0.6046876
v 1.883437 -0.3915821 0.6046876
v 1.921875 0 0.6046876
v 0.3752661 -1.804961 0.4462892
v 0.7229052 -1.699058 0.4462891
v 1.036011 -1.530994 0.4462891
v 1.307676 -1.307676 0.4462891
v 1.530994 -1.036011 0.4462891
v 1.699058 -0.7229052 0.4462891
v 1.804961 -0.3752661 0.4462891
v 1.841797 0 0.4462891
v 0.3565625 -1.715 0.3125001
v 0.686875 -1.614375 0.3125
v 0.984375 -1.454687 0.3125
v 1.2425 -1.2425 0.3125
v 1.454687 -0.984375 0.3125
v 1.614375 -0.686875 0.3125
v 1.715 -0.3565625 0.3125
v 1.75 0 0.3125
v 0.3378589 -1.625039 0.2021485
v 0.6508448 -1.529692 0.2021484
v 0.9327393 -1.378381 0.2021484
v 1.177324 -1.177324 0.2021484
v 1.378381 -0.9327393 0.2021484
v 1.529692 -0.6508448 0.2021484
v 1.625039 -0.3378589 0.2021484
v 1.658203 0 0.2021484
v 0.3215429 -1.546562 0.1140625
v 0.6194141 -1.45582 0.1140625
v 0.8876953 -1.311816 0.1140625
v 1.120469 -1.120469 0.1140625
v 1.311816 -0.8876953 0.1140625
v 1.45582 -0.6194141 0.1140625
v 1.546562 -0.3215429 0.1140625
v 1.578125 0 0.1140625
v 0.3100024 -1.491055 0.04707031
v 0.5971826 -1.403569 0.04707031
v 0.855835 -1.264734 0.04707031
v 1.080254 -1.080254 0.04707032
v 1.264734 -0.855835 0.04707031
v 1.403569 -0.5971826 0.04707031
v 1.491055 -0.3100024 0.04707031
v 1.521484 0 0.04707031
v 0.305625 -1.47 -1.490116e-8
v 0.58875 -1.38375 0
v 0.84375 -1.246875 0
v 1.065 -1.065 1.490116e-8
v 1.246875 -0.84375 0
v 1.38375 -0.58875 0
v 1.47 -0.305625 0
v 1.5 0 0
v 0 1.978516 0.7888673
v 0.4031225 1.938945 0.7888674
v 0.7765674 1.825181 0.7888673
v 1.112915 1.644641 0.7888673
v 1.404746 1.404746 0.7888673
v 1.644641 1.112915 0.7888673
v 1.825181 0.7765674 0.7888673
v 1.938945 0.4031225 0.7888673
v 0 1.921875 0.6046876
v 0.3915821 1.883437 0.6046876
v 0.7543359 1.77293 0.6046876
v 1.081055 1.597559 0.6046876
v 1.364531 1.364531 0.6046876
v 1.597559 1.081055 0.6046876
v 1.77293 0.7543359 0.6046876
v 1.883437 0.3915821 0.6046876
v 0 1.841797 0.4462891
v 0.3752661 1.804961 0.4462892
v 0.7229052 1.699058 0.4462891
v 1.036011 1.530994 0.4462891
v 1.307676 1.307676 0.4462891
v 1.530994 1.036011 0.4462891
v 1.699058 0.7229052 0.4462891
v 1.804961 0.3752661 0.4462891
v 0 1.75 0.3125
v 0.3565625 1.715 0.3125001
v 0.686875 1.614375 0.3125
v 0.984375 1.454687 0.3125
v 1.2425 1.2425 0.3125
v 1.454687 0.984375 0.3125
v 1.614375 0.686875 0.3125
v 1.715 0.3565625 0.3125
v 0 1.658203 0.2021484
v 0.3378589 1.625039 0.2021485
v 0.6508448 1.529692 0.2021484
v 0.9327393 1.378381 0.2021484
v 1.177324 1.177324 0.2021484
v 1.378381 0.9327393 0.2021484
v 1.529692 0.6508448 0.2021484
v 1.625039 0.3378589 0.2021484
v 0 1.578125 0.1140625
v 0.3215429 1.546562 0.1140625
v 0.6194141 1.45582 0.1140625
v 0.8876953 1.311816 0.1140625
v 1.120469 1.120469 0.1140625
v 1.311816 0.8876953 0.1140625
v 1.45582 0.6194141 0.1140625
v 1.546562 0.3215429 0.1140625
v 0 1.521484 0.04707031
v 0.3100024 1.491055 0.04707031
v 0.5971826 1.403569 0.04707031
v 0.855835 1.264734 0.04707031
v 1.080254 1.080254 0.04707032
v 1.264734 0.855835 0.04707031
v 1.403569 0.5971826 0.04707031
v 1.491055 0.3100024 0.04707031
v 0 1.5 0
v 0.305625 1.47 -1.490116e-8
v 0.58875 1.38375 0
v 0.84375 1.246875 0
v 1.065 1.065 1.490116e-8
v 1.246875 0.84375 0
v 1.38375 0.58875 0
v 1.47 0.305625 0
v -1.938945 0.4031225 0.7888674
v -1.825181 0.7765674 0.7888673
v -1.644641 1.112915 0.7888673
v -1.404746 1.404746 0.7888673
v -1.112915 1.644641 0.7888673
v -0.7765674 1.825181 0.7888673
v -0.4031225 1.938945 0.7888673
v -1.883437 0.3915821 0.6046876
v -1.77293 0.7543359 0.6046876
v -1.597559 1.081055 0.6046876
v -1.364531 1.364531 0.6046876
v -1.081055 1.597559 0.6046876
v -0.7543359 1.77293 0.6046876
v -0.3915821 1.883437 0.6046876
v -1.804961 0.3752661 0.4462892
v -1.699058 0.7229052 0.4462891
v -1.530994 1.036011 0.4462891
v -1.307676 1.307676 0.4462891
v -1.036011 1.530994 0.4462891
v -0.7229052 1.699058 0.4462891
v -0.3752661 1.804961 0.4462891
v -1.715 0.3565625 0.3125001
v -1.614375 0.686875 0.3125
v -1.454687 0.984375 0.3125
v -1.2425 1.2425 0.3125
v -0.984375 1.454687 0.3125
v -0.686875 1.614375 0.3125
v -0.3565625 1.715 0.3125
v -1.625039 0.3378589 0.2021485
v -1.529692 0.6508448 0.2021484
v -1.378381 0.9327393 0.2021484
v -1.177324 1.177324 0.2021484
v -0.9327393 1.378381 0.2021484
v -0.6508448 1.529692 0.2021484
v -0.3378589 1.625039 0.2021484
v -1.546562 0.3215429 0.1140625
v -1.45582 0.6194141 0.1140625
v -1.311816 0.8876953 0.1140625
v -1.120469 1.120469 0.1140625
v -0.8876953 1.311816 0.1140625
v -0.6194141 1.45582 0.1140625
v -0.3215429 1.546562 0.1140625
v -1.491055 0.3100024 0.04707031
v -1.403569 0.5971826 0.04707031
v -1.264734 0.855835 0.04707031
v -1.080254 1.080254 0.04707032
v -0.855835 1.264734 0.04707031
v -0.5971826 1.403569 0.04707031
v -0.3100024 1.491055 0.04707031
v -1.47 0.305625 -1.490116e-8
v -1.38375 0.58875 0
v -1.246875 0.84375 0
v -1.065 1.065 1.490116e-8
v -0.84375 1.246875 0
v -0.58875 1.38375 0
v -0.305625 1.47 0

vn 0 0 1
vn 0 -0.2799999 0.96
vn 0 -0.5999999 0.8000001
vn 0 -0.8823529 0.4705883
vn 0 -1 0
vn 0 -0.8823529 -0.4705883
vn 0 -0.6 -0.8000001
vn 0 -0.28 -0.96
vn 0 0 -1
vn -0.01071367 0 0.9999426
vn -0.01019155 -0.2795117 0.9600882
vn -0.008278635 -0.5992727 0.8005021
vn -0.004675744 -0.8819823 0.4712593
vn 0 -1 0
vn 0.00413638 -0.8819819 -0.4712651
vn 0.006546647 -0.5992712 -0.8005194
vn 0.007400773 -0.2795103 -0.9601142
vn 0.007518584 0 -0.9999717
vn -0.04993761 0 0.9987524
vn -0.04748018 -0.2794453 0.9589869
vn -0.0385204 -0.5990452 0.7997881
vn -0.02172234 -0.8817651 0.4711883
vn 0 -1 0
vn 0.01912253 -0.8814867 -0.4718215
vn 0.03014645 -0.5980148 -0.8009179
vn 0.03396615 -0.2785173 -0.9598303
vn 0.03446227 0 -0.999406
vn -0.1337864 0 0.9910102
vn -0.1270441 -0.2822799 0.9508827
vn -0.1026854 -0.602807 0.7912517
vn -0.05765495 -0.8833269 0.4651982
vn 0 -1 0
vn 0.05071856 -0.8820797 -0.4683623
vn 0.07993835 -0.5981554 -0.7973832
vn 0.08991554 -0.2780708 -0.9563429
vn 0.09114444 0 -0.9958376
vn -0.2873479 0 0.9578263
vn -0.2722248 -0.2903634 0.9173781
vn -0.2183381 -0.6138446 0.7586325
vn -0.1214962 -0.8882294 0.443043
vn 0 -1 0
vn 0.1077414 -0.8852901 -0.4523862
vn 0.17133 -0.6025491 -0.7794745
vn 0.1933794 -0.2799344 -0.9403409
vn 0.1961161 0 -0.9805806
vn -0.5299989 0 0.8479984
vn -0.501119 -0.3018363 0.811033
vn -0.3988762 -0.6297195 0.6665967
vn -0.2200467 -0.8955197 0.3868125
vn 0 -1 0
vn 0.1997017 -0.891498 -0.406633
vn 0.3252354 -0.6133516 -0.7197373
vn 0.3724003 -0.2860725 -0.882882
vn 0.3792233 0 -0.9253052
vn -0.8035572 0 0.5952276
vn -0.7623385 -0.3036625 0.5715146
vn -0.6116433 -0.6332767 0.4741868
vn -0.3408799 -0.8978758 0.2786035
vn 0 -1 0
vn 0.3221267 -0.8956178 -0.3067622
vn 0.5424517 -0.6234426 -0.5630856
vn 0.6383873 -0.2935678 -0.7115333
vn 0.6567807 0 -0.7540817
vn -0.9649152 0 0.262562
vn -0.9228558 -0.2892662 0.2542876
vn -0.7591879 -0.6137566 0.2166483
vn -0.4378464 -0.8893043 0.1320167
vn 0 -1 0
vn 0.4310686 -0.8893695 -0.1523215
vn 0.7364485 -0.6137716 -0.2844785
vn 0.8839948 -0.2890115 -0.3674585
vn 0.919145 0 -0.3939194
vn -1 0 0
vn -0.96 -0.28 0
vn -0.8000001 -0.5999999 0
vn -0.4705883 -0.8823529 0
vn 0 -1 0
vn 0.4705883 -0.8823528 0
vn 0.8000001 -0.5999999 0
vn 0.96 -0.28 0
vn 1 0 0
vn 0 0.2799999 0.96
vn 0 0.5999999 0.8000001
vn 0 0.8823529 0.4705883
vn 0 1 0
vn 0 0.8823529 -0.4705883
vn 0 0.6 -0.8000001
vn 0 0.28 -0.96
vn -0.01019155 0.2795117 0.9600882
vn -0.008278635 0.5992727 0.8005021
vn -0.004675744 0.8819823 0.4712593
vn 0 1 0
vn 0.00413638 0.8819819 -0.4712651
vn 0.006546647 0.5992712 -0.8005194
vn 0.007400773 0.2795103 -0.9601142
vn -0.04748018 0.2794453 0.9589869
vn -0.0385204 0.5990452 0.7997881
vn -0.02172234 0.8817651 0.4711883
vn 0 1 0
vn 0.01912253 0.8814867 -0.4718215
vn 0.03014645 0.5980148 -0.8009179
vn 0.03396615 0.2785173 -0.9598303
vn -0.1270441 0.2822799 0.9508827
vn -0.1026854 0.602807 0.7912517
vn -0.05765495 0.8833269 0.4651982
vn 0 1 0
vn 0.05071856 0.8820797 -0.4683623
vn 0.07993835 0.5981554 -0.7973832
vn 0.08991554 0.2780708 -0.9563429
vn -0.2722248 0.2903634 0.9173781
vn -0.2183381 0.6138446 0.7586325
vn -0.1214962 0.8882294 0.443043
vn 0 1 0
vn 0.1077414 0.8852901 -0.4523862
vn 0.17133 0.6025491 -0.7794745
vn 0.1933794 0.2799344 -0.9403409
vn -0.501119 0.3018363 0.811033
vn -0.3988762 0.6297195 0.6665967
vn -0.2200467 0.8955197 0.3868125
vn 0 1 0
vn 0.1997017 0.891498 -0.406633
vn 0.3252354 0.6133516 -0.7197373
vn 0.3724003 0.2860725 -0.882882
vn -0.7623385 0.3036625 0.5715146
vn -0.6116433 0.6332767 0.4741868
vn -0.3408799 0.8978758 0.2786035
vn 0 1 0
vn 0.3221267 0.8956178 -0.3067622
vn 0.5424517 0.6234426 -0.5630856
vn 0.6383873 0.2935678 -0.7115333
vn -0.9228558 0.2892662 0.2542876
vn -0.7591879 0.6137566 0.2166483
vn -0.4378464 0.8893043 0.1320167
vn 0 1 0
vn 0.4310686 0.8893695 -0.1523215
vn 0.7364485 0.6137716 -0.2844785
vn 0.8839948 0.2890115 -0.3674585
vn -0.96 0.28 0
vn -0.8000001 0.5999999 0
vn -0.4705883 0.8823529 0
vn 0 1 0
vn 0.4705883 0.8823528 0
vn 0.8000001 0.5999999 0
vn 0.96 0.28 0
vn -0.9888687 0 -0.1487911
vn -0.94829 -0.2836484 -0.1424416
vn -0.787212 -0.6053502 -0.1176797
vn -0.4605231 -0.8850147 -0.06831983
vn 0 -1 0
vn 0.4609475 -0.8849052 0.06685995
vn 0.7882374 -0.6049322 0.1128664
vn 0.9495622 -0.2832621 0.1345149
vn 0.9902018 0 0.1396438
vn -0.9547581 0 -0.2973836
vn -0.9145436 -0.288695 -0.2833112
vn -0.7561826 -0.6123331 -0.2307295
vn -0.4403625 -0.8881789 -0.1312212
vn 0 -1 0
vn 0.4443723 -0.8872438 0.1238214
vn 0.7662326 -0.608715 0.2057999
vn 0.927423 -0.2853319 0.2418107
vn 0.9683917 0 0.2494342
vn -0.8996786 0 -0.4365529
vn -0.8625805 -0.2890703 -0.4152025
vn -0.7153285 -0.6122907 -0.336757
vn -0.4190845 -0.8877059 -0.1906475
vn 0 -1 0
vn 0.4293848 -0.8854588 0.1777393
vn 0.7418069 -0.6036776 0.2920547
vn 0.8975629 -0.2811308 0.3396268
vn 0.9371461 0 0.3489374
vn -0.8290722 0 -0.5591416
vn -0.7975159 -0.282969 -0.53282
vn -0.6686938 -0.6027781 -0.4353242
vn -0.3987553 -0.8824636 -0.2495037
vn 0 -1 0
vn 0.4161973 -0.8786639 0.2339435
vn 0.7137226 -0.5887686 0.3794095
vn 0.8580378 -0.2704069 0.4366363
vn 0.8944272 0 0.4472137
vn -0.7498378 0 -0.6616216
vn -0.7244393 -0.2725282 -0.6331793
vn -0.6166252 -0.5865625 -0.5250883
vn -0.3767173 -0.873515 -0.3083109
vn 0 -1 0
vn 0.3998909 -0.8680525 0.2942315
vn 0.6755946 -0.5675912 0.4705444
vn 0.8040239 -0.2561672 0.5365853
vn 0.8361329 0 0.5485269
vn -0.6682677 0 -0.7439209
vn -0.6476612 -0.2627974 -0.7151731
vn -0.5576904 -0.5711757 -0.6022788
vn -0.3473987 -0.8647498 -0.3626594
vn 0 -1 0
vn 0.3716154 -0.8581884 0.3541394
vn 0.618154 -0.5495863 0.561997
vn 0.7291628 -0.244772 0.6390684
vn 0.7568229 0 0.6536199
vn -0.5889213 0 -0.8081904
vn -0.5704572 -0.2604842 -0.7789266
vn -0.4906747 -0.5680131 -0.6607567
vn -0.3049192 -0.8633983 -0.4019549
vn 0 -1 0
vn 0.3216727 -0.8581641 0.4001013
vn 0.5325955 -0.5508539 0.6425745
vn 0.6272492 -0.2461715 0.7388897
vn 0.6507914 0 0.7592567
vn -0.5144956 0 -0.857493
vn -0.4949949 -0.2727057 -0.8249919
vn -0.4157752 -0.5890152 -0.692959
vn -0.2475279 -0.8766614 -0.4125465
vn 0 -1 0
vn 0.2475279 -0.8766614 0.4125465
vn 0.4157753 -0.5890151 0.692959
vn 0.4949949 -0.2727057 0.8249919
vn 0.5144957 0 0.8574929
vn -0.94829 0.2836484 -0.1424416
vn -0.787212 0.6053502 -0.1176797
vn -0.4605231 0.8850147 -0.06831983
vn 0 1 0
vn 0.4609475 0.8849052 0.06685995
vn 0.7882374 0.6049322 0.1128664
vn 0.9495622 0.2832621 0.1345149
vn -0.9145436 0.288695 -0.2833112
vn -0.7561826 0.6123331 -0.2307295
vn -0.4403625 0.8881789 -0.1312212
vn 0 1 0
vn 0.4443723 0.8872438 0.1238214
vn 0.7662326 0.608715 0.2057999
vn 0.927423 0.2853319 0.2418107
vn -0.8625805 0.2890703 -0.4152025
vn -0.7153285 0.6122907 -0.336757
vn -0.4190845 0.8877059 -0.1906475
vn 0 1 0
vn 0.4293848 0.8854588 0.1777393
vn 0.7418069 0.6036776 0.2920547
vn 0.8975629 0.2811308 0.3396268
vn -0.7975159 0.282969 -0.53282
vn -0.6686938 0.6027781 -0.4353242
vn -0.3987553 0.8824636 -0.2495037
vn 0 1 0
vn 0.4161973 0.8786639 0.2339435
vn 0.7137226 0.5887686 0.3794095
vn 0.8580378 0.2704069 0.4366363
vn -0.7244393 0.2725282 -0.6331793
vn -0.6166252 0.5865625 -0.5250883
vn -0.3767173 0.873515 -0.3083109
vn 0 1 0
vn 0.3998909 0.8680525 0.2942315
vn 0.6755946 0.5675912 0.4705444
vn 0.8040239 0.2561672 0.5365853
vn -0.6476612 0.2627974 -0.7151731
vn -0.5576904 0.5711757 -0.6022788
vn -0.3473987 0.8647498 -0.3626594
vn 0 1 0
vn 0.3716154 0.8581884 0.3541394
vn 0.618154 0.5495863 0.561997
vn 0.7291628 0.244772 0.6390684
vn -0.5704572 0.2604842 -0.7789266
vn -0.4906747 0.5680131 -0.6607567
vn -0.3049192 0.8633983 -0.4019549
vn 0 1 0
vn 0.3216727 0.8581641 0.4001013
vn 0.5325955 0.5508539 0.6425745
vn 0.6272492 0.2461715 0.7388897
vn -0.4949949 0.2727057 -0.8249919
vn -0.4157752 0.5890152 -0.692959
vn -0.2475279 0.8766614 -0.4125465
vn 0 1 0
vn 0.2475279 0.8766614 0.4125465
vn 0.4157753 0.5890151 0.692959
vn 0.4949949 0.2727057 0.8249919
vn 0.7071059 0 -0.7071076
vn 0.6096155 0.4741455 -0.6352598
vn 0.3980664 0.796133 -0.4557581
vn 0.1902743 0.9513717 -0.2422551
vn 0 1 0
vn -0.1880493 0.9402469 0.2838542
vn -0.3642038 0.7284078 0.5803254
vn -0.4812074 0.3742725 0.7926913
vn -0.5144954 0 0.8574931
vn 0.8160238 0 -0.5780183
vn 0.6738165 0.5680777 -0.472503
vn 0.404401 0.8790239 -0.2525411
vn 0.1782978 0.9833986 -0.0337192
vn -0.006248191 0.9826127 0.1855615
vn -0.1744907 0.8897254 0.4218313
vn -0.3272086 0.6772436 0.6589959
vn -0.4327617 0.3495128 0.8309984
vn -0.4653974 0 0.8851019
vn 0.9701423 0 -0.2425365
vn 0.7404295 0.6629381 -0.110803
vn 0.3891297 0.9146191 0.1097721
vn 0.1486509 0.9439273 0.2947951
vn -0.0220078 0.8886942 0.457972
vn -0.1624434 0.7697858 0.6172858
vn -0.2836559 0.5720281 0.7696253
vn -0.3696024 0.2951345 0.881073
vn -0.3983872 0 0.9172173
vn 0.7525764 0 0.658505
vn 0.5367748 0.5151815 0.6681773
vn 0.2495452 0.6625334 0.7062411
vn 0.07262386 0.6455894 0.7602237
vn -0.04129995 0.5810811 0.8127971
vn -0.1281456 0.4892509 0.8626773
vn -0.201835 0.3611155 0.9104165
vn -0.2574221 0.188903 0.9476548
vn -0.2781482 0 0.9605381
vn 0 0 1
vn -0.01557944 0.02729238 0.999506
vn -0.03980585 0.01534315 0.9990896
vn -0.05124336 -0.0265124 0.9983342
vn -0.04643553 -0.07911264 0.9957836
vn -0.02327084 -0.1297895 0.9912685
vn 0.02455771 -0.1596268 0.9868719
vn 0.09678859 -0.1256277 0.9873447
vn 0.1414206 0 0.9899496
vn -0.3285203 0 0.9444969
vn -0.2945065 -0.2182635 0.9303907
vn -0.217688 -0.397961 0.8912008
vn -0.1304218 -0.5334351 0.8357256
vn -0.02890639 -0.6552095 0.7548939
vn 0.1200521 -0.7785288 0.6160199
vn 0.3830654 -0.858736 0.340343
vn 0.7594501 -0.635857 -0.1375549
vn 0.9134377 0 -0.4069786
vn -0.4961386 0 0.8682433
vn -0.4392748 -0.3330159 0.8343489
vn -0.3097298 -0.595172 0.7415105
vn -0.1668003 -0.7710352 0.6145586
vn -0.01196395 -0.8992128 0.4373481
vn 0.1844375 -0.9702122 0.15707
vn 0.4279828 -0.8653762 -0.2606813
vn 0.6061057 -0.4706481 -0.6411912
vn 0.6472303 0 -0.7622945
vn -0.612173 0 0.7907239
vn -0.5396705 -0.3976741 0.7420318
vn -0.3717573 -0.7016992 0.6077949
vn -0.1891657 -0.884361 0.4267575
vn -0.002757845 -0.9819157 0.1892986
vn 0.2026103 -0.9698868 -0.1351613
vn 0.4017918 -0.7626143 -0.5069349
vn 0.518592 -0.3815708 -0.7651576
vn 0.5452152 0 -0.8382961
vn -0.7071068 0 0.7071068
vn -0.6229557 -0.436069 0.6494383
vn -0.4239662 -0.7631391 0.4877206
vn -0.2088671 -0.9399018 0.2701099
vn 0 -1 0
vn 0.205159 -0.9232154 -0.3249355
vn 0.374791 -0.6746236 -0.6359361
vn 0.4646933 -0.3252853 -0.8235592
vn 0.4856427 0 -0.8741574
vn 0.6096155 -0.4741455 -0.6352598
vn 0.3980664 -0.796133 -0.4557581
vn 0.1902743 -0.9513717 -0.2422551
vn 0 -1 0
vn -0.1880493 -0.9402469 0.2838542
vn -0.3642038 -0.7284078 0.5803254
vn -0.4812074 -0.3742725 0.7926913
vn 0.6738165 -0.5680777 -0.472503
vn 0.404401 -0.8790239 -0.2525411
vn 0.1782978 -0.9833986 -0.0337192
vn -0.006248191 -0.9826127 0.1855615
vn -0.1744907 -0.8897254 0.4218313
vn -0.3272086 -0.6772436 0.6589959
vn -0.4327617 -0.3495128 0.8309984
vn 0.7404295 -0.6629381 -0.110803
vn 0.3891297 -0.9146191 0.1097721
vn 0.1486509 -0.9439273 0.2947951
vn -0.0220078 -0.8886942 0.457972
vn -0.1624434 -0.7697858 0.6172858
vn -0.2836559 -0.5720281 0.7696253
vn -0.3696024 -0.2951345 0.881073
vn 0.5367748 -0.5151815 0.6681773
vn 0.2495452 -0.6625334 0.7062411
vn 0.07262386 -0.6455894 0.7602237
vn -0.04129995 -0.5810811 0.8127971
vn -0.1281456 -0.4892509 0.8626773
vn -0.201835 -0.3611155 0.9104165
vn -0.2574221 -0.188903 0.9476548
vn -0.01557944 -0.02729238 0.999506
vn -0.03980585 -0.01534315 0.9990896
vn -0.05124336 0.0265124 0.9983342
vn -0.04643553 0.07911264 0.9957836
vn -0.02327084 0.1297895 0.9912685
vn 0.02455771 0.1596268 0.9868719
vn 0.09678859 0.1256277 0.9873447
vn -0.2945065 0.2182635 0.9303907
vn -0.217688 0.397961 0.8912008
vn -0.1304218 0.5334351 0.8357256
vn -0.02890639 0.6552095 0.7548939
vn 0.1200521 0.7785288 0.6160199
vn 0.3830654 0.858736 0.340343
vn 0.7594501 0.635857 -0.1375549
vn -0.4392748 0.3330159 0.8343489
vn -0.3097298 0.595172 0.7415105
vn -0.1668003 0.7710352 0.6145586
vn -0.01196395 0.8992128 0.4373481
vn 0.1844375 0.9702122 0.15707
vn 0.4279828 0.8653762 -0.2606813
vn 0.6061057 0.4706481 -0.6411912
vn -0.5396705 0.3976741 0.7420318
vn -0.3717573 0.7016992 0.6077949
vn -0.1891657 0.884361 0.4267575
vn -0.002757845 0.9819157 0.1892986
vn 0.2026103 0.9698868 -0.1351613
vn 0.4017918 0.7626143 -0.5069349
vn 0.518592 0.3815708 -0.7651576
vn -0.6229557 0.436069 0.6494383
vn -0.4239662 0.7631391 0.4877206
vn -0.2088671 0.9399018 0.2701099
vn 0 1 0
vn 0.205159 0.9232154 -0.3249355
vn 0.374791 0.6746236 -0.6359361
vn 0.4646933 0.3252853 -0.8235592
vn -0.8921995 0 0.4516414
vn -0.7941293 -0.4209087 0.4384002
vn -0.5423229 -0.7524254 0.3738208
vn -0.2580363 -0.9309369 0.258406
vn 0.01393879 -0.9950128 0.09876878
vn 0.2858787 -0.9520975 -0.1085521
vn 0.5512196 -0.7588584 -0.3468299
vn 0.74075 -0.4016087 -0.5385165
vn 0.7975602 0 -0.6032393
vn -0.9578263 0 0.2873479
vn -0.8873999 -0.3493337 0.3008113
vn -0.6525308 -0.6943228 0.3035117
vn -0.304368 -0.9195291 0.2486491
vn 0.06315721 -0.9889189 0.1343527
vn 0.4086946 -0.9124558 -0.0198247
vn 0.7020437 -0.6881685 -0.1831903
vn 0.8860621 -0.3494783 -0.3045634
vn 0.9384544 0 -0.3454033
vn -0.9710617 0 0.2388287
vn -0.9222167 -0.2898002 0.2559929
vn -0.7219864 -0.6326655 0.2801249
vn -0.3282349 -0.9105563 0.2512949
vn 0.14286 -0.9787444 0.1471405
vn 0.5388762 -0.8423278 0.009819341
vn 0.8050035 -0.5823649 -0.1132266
vn 0.9408114 -0.2790957 -0.1923005
vn 0.9760051 0 -0.217748
vn -0.9529258 0 0.3032037
vn -0.9096153 -0.2708475 0.3150263
vn -0.7207113 -0.6117364 0.3261193
vn -0.3044163 -0.912332 0.2738267
vn 0.2156225 -0.9669339 0.1361827
vn 0.612738 -0.7901105 -0.01665698
vn 0.8433769 -0.5207462 -0.1324342
vn 0.9493387 -0.2431743 -0.1990533
vn 0.9756098 0 -0.2195122
vn -0.8729435 0 0.4878214
vn -0.822399 -0.2979636 0.4846418
vn -0.6199588 -0.6480325 0.4423856
vn -0.2272316 -0.9242785 0.3067166
vn 0.2287326 -0.9685171 0.09826519
vn 0.5860254 -0.8040982 -0.1000018
vn 0.8064895 -0.5390008 -0.2430075
vn 0.9119324 -0.2539272 -0.3223358
vn 0.9383699 0 -0.3456329
vn -0.6545009 0 0.7560613
vn -0.6000142 -0.3550064 0.7169055
vn -0.4156121 -0.7082981 0.5705966
vn -0.1327231 -0.9358211 0.3265326
vn 0.1701451 -0.9842053 0.04889227
vn 0.4427625 -0.8711569 -0.2122425
vn 0.6541883 -0.6270556 -0.4228936
vn 0.7757792 -0.3086806 -0.5503477
vn 0.8090093 0 -0.5877959
vn -0.3070028 0 0.9517086
vn -0.2793816 -0.4029894 0.8715191
vn -0.1901437 -0.7504356 0.6330023
vn -0.06277325 -0.9441113 0.3235945
vn 0.07964151 -0.9967487 0.01221063
vn 0.2323707 -0.9278114 -0.2918388
vn 0.3846745 -0.7206016 -0.5768524
vn 0.4970112 -0.3778668 -0.7811508
vn 0.5329261 0 -0.8461618
vn 0 0 1
vn -0.0125802 -0.4371581 0.8992968
vn -0.02992406 -0.7805191 0.6244154
vn -0.02732851 -0.9520684 0.304662
vn 0 -1 0
vn 0.05026895 -0.95122 -0.3043904
vn 0.1187757 -0.7753411 -0.6202729
vn 0.1841132 -0.4297189 -0.8839932
vn 0.2095291 0 -0.9778025
vn -0.7941293 0.4209087 0.4384002
vn -0.5423229 0.7524254 0.3738208
vn -0.2580363 0.9309369 0.258406
vn 0.01393879 0.9950128 0.09876878
vn 0.2858787 0.9520975 -0.1085521
vn 0.5512196 0.7588584 -0.3468299
vn 0.74075 0.4016087 -0.5385165
vn -0.8873999 0.3493337 0.3008113
vn -0.6525308 0.6943228 0.3035117
vn -0.304368 0.9195291 0.2486491
vn 0.06315721 0.9889189 0.1343527
vn 0.4086946 0.9124558 -0.0198247
vn 0.7020437 0.6881685 -0.1831903
vn 0.8860621 0.3494783 -0.3045634
vn -0.9222167 0.2898002 0.2559929
vn -0.7219864 0.6326655 0.2801249
vn -0.3282349 0.9105563 0.2512949
vn 0.14286 0.9787444 0.1471405
vn 0.5388762 0.8423278 0.009819341
vn 0.8050035 0.5823649 -0.1132266
vn 0.9408114 0.2790957 -0.1923005
vn -0.9096153 0.2708475 0.3150263
vn -0.7207113 0.6117364 0.3261193
vn -0.3044163 0.912332 0.2738267
vn 0.2156225 0.9669339 0.1361827
vn 0.612738 0.7901105 -0.01665698
vn 0.8433769 0.5207462 -0.1324342
vn 0.9493387 0.2431743 -0.1990533
vn -0.822399 0.2979636 0.4846418
vn -0.6199588 0.6480325 0.4423856
vn -0.2272316 0.9242785 0.3067166
vn 0.2287326 0.9685171 0.09826519
vn 0.5860254 0.8040982 -0.1000018
vn 0.8064895 0.5390008 -0.2430075
vn 0.9119324 0.2539272 -0.3223358
vn -0.6000142 0.3550064 0.7169055
vn -0.4156121 0.7082981 0.5705966
vn -0.1327231 0.9358211 0.3265326
vn 0.1701451 0.9842053 0.04889227
vn 0.4427625 0.8711569 -0.2122425
vn 0.6541883 0.6270556 -0.4228936
vn 0.7757792 0.3086806 -0.5503477
vn -0.2793816 0.4029894 0.8715191
vn -0.1901437 0.7504356 0.6330023
vn -0.06277325 0.9441113 0.3235945
vn 0.07964151 0.9967487 0.01221063
vn 0.2323707 0.9278114 -0.2918388
vn 0.3846745 0.7206016 -0.5768524
vn 0.4970112 0.3778668 -0.7811508
vn -0.0125802 0.4371581 0.8992968
vn -0.02992406 0.7805191 0.6244154
vn -0.02732851 0.9520684 0.304662
vn 0 1 0
vn 0.05026895 0.95122 -0.3043904
vn 0.1187757 0.7753411 -0.6202729
vn 0.1841132 0.4297189 -0.8839932
vn 0 0 1
vn -0.2014568 0 0.9794974
vn -0.1973819 -0.03918358 0.9795433
vn -0.185523 -0.07692433 0.9796243
vn -0.1666733 -0.1114988 0.9796878
vn -0.1417162 -0.1417162 0.9797108
vn -0.1114989 -0.1666734 0.9796877
vn -0.07692433 -0.185523 0.9796243
vn -0.03918364 -0.1973822 0.9795432
vn 0 -0.2014568 0.9794974
vn -0.7071066 0 0.7071069
vn -0.6931766 -0.1376112 0.7075093
vn -0.6521515 -0.2704104 0.7082207
vn -0.5863307 -0.3922394 0.7087768
vn -0.4986729 -0.4986729 0.7089786
vn -0.3922396 -0.5863309 0.7087767
vn -0.2704104 -0.6521515 0.7082207
vn -0.1376113 -0.6931771 0.7075088
vn 0 -0.7071066 0.7071069
vn -0.9875298 0 -0.1574323
vn -0.9685904 -0.1923076 -0.1576402
vn -0.9121241 -0.3782328 -0.1580172
vn -0.820673 -0.5490271 -0.1583191
vn -0.6981761 -0.6981761 -0.1584303
vn -0.5490272 -0.820673 -0.1583191
vn -0.3782328 -0.9121241 -0.1580172
vn -0.1923076 -0.9685904 -0.15764
vn 0 -0.9875298 -0.1574323
vn -0.8574929 0 -0.5144958
vn -0.8407905 -0.1669834 -0.514964
vn -0.7913435 -0.3282126 -0.5158022
vn -0.7117041 -0.4761735 -0.5164649
vn -0.605398 -0.605398 -0.5167072
vn -0.4761736 -0.7117043 -0.5164648
vn -0.3282126 -0.7913435 -0.5158022
vn -0.1669834 -0.8407906 -0.5149637
vn 0 -0.8574929 -0.5144958
vn -0.8214957 0 -0.5702148
vn -0.8054047 -0.1600785 -0.5706997
vn -0.7578921 -0.3144968 -0.5715691
vn -0.6815362 -0.4561032 -0.5722572
vn -0.5797558 -0.5797558 -0.5725089
vn -0.4561033 -0.6815364 -0.572257
vn -0.3144968 -0.7578921 -0.5715691
vn -0.1600785 -0.8054048 -0.5706994
vn 0 -0.8214957 -0.5702148
vn -0.8858315 0 -0.464007
vn -0.8685229 -0.1729342 -0.4645015
vn -0.8173699 -0.3395786 -0.4653954
vn -0.7351348 -0.4922607 -0.4661076
vn -0.6254995 -0.6254995 -0.4663696
vn -0.4922607 -0.7351348 -0.4661075
vn -0.3395786 -0.8173699 -0.4653954
vn -0.1729342 -0.868523 -0.4645015
vn 0 -0.8858315 -0.464007
vn -0.9992419 0 -0.03893145
vn -0.9798869 -0.1956798 -0.03912992
vn -0.9224917 -0.3839884 -0.03952033
vn -0.8300112 -0.5563208 -0.03985539
vn -0.7065414 -0.7065414 -0.03998387
vn -0.5563208 -0.8300112 -0.03985533
vn -0.3839884 -0.9224917 -0.03952033
vn -0.1956798 -0.9798868 -0.03912988
vn 0 -0.9992419 -0.03893145
vn -0.7071068 0 0.7071067
vn -0.6930546 -0.1386109 0.7074336
vn -0.6518981 -0.2716242 0.7079893
vn -0.5862049 -0.3931022 0.7084028
vn -0.4989779 -0.4989779 0.7085493
vn -0.3931022 -0.5862049 0.7084028
vn -0.2716242 -0.6518981 0.7079893
vn -0.1386107 -0.6930537 0.7074345
vn 0 -0.7071068 0.7071067
vn 0.03918358 -0.1973819 0.9795433
vn 0.07692433 -0.185523 0.9796243
vn 0.1114988 -0.1666733 0.9796878
vn 0.1417162 -0.1417162 0.9797108
vn 0.1666734 -0.1114989 0.9796877
vn 0.185523 -0.07692433 0.9796243
vn 0.1973822 -0.03918364 0.9795432
vn 0.2014568 0 0.9794974
vn 0.1376112 -0.6931766 0.7075093
vn 0.2704104 -0.6521515 0.7082207
vn 0.3922394 -0.5863307 0.7087768
vn 0.4986729 -0.4986729 0.7089786
vn 0.5863309 -0.3922396 0.7087767
vn 0.6521515 -0.2704104 0.7082207
vn 0.6931771 -0.1376113 0.7075088
vn 0.7071066 0 0.7071069
vn 0.1923076 -0.9685904 -0.1576402
vn 0.3782328 -0.9121241 -0.1580172
vn 0.5490271 -0.820673 -0.1583191
vn 0.6981761 -0.6981761 -0.1584303
vn 0.820673 -0.5490272 -0.1583191
vn 0.9121241 -0.3782328 -0.1580172
vn 0.9685904 -0.1923076 -0.15764
vn 0.9875298 0 -0.1574323
vn 0.1669834 -0.8407905 -0.514964
vn 0.3282126 -0.7913435 -0.5158022
vn 0.4761735 -0.7117041 -0.5164649
vn 0.605398 -0.605398 -0.5167072
vn 0.7117043 -0.4761736 -0.5164648
vn 0.7913435 -0.3282126 -0.5158022
vn 0.8407906 -0.1669834 -0.5149637
vn 0.8574929 0 -0.5144958
vn 0.1600785 -0.8054047 -0.5706997
vn 0.3144968 -0.7578921 -0.5715691
vn 0.4561032 -0.6815362 -0.5722572
vn 0.5797558 -0.5797558 -0.5725089
vn 0.6815364 -0.4561033 -0.572257
vn 0.7578921 -0.3144968 -0.5715691
vn 0.8054048 -0.1600785 -0.5706994
vn 0.8214957 0 -0.5702148
vn 0.1729342 -0.8685229 -0.4645015
vn 0.3395786 -0.8173699 -0.4653954
vn 0.4922607 -0.7351348 -0.4661076
vn 0.6254995 -0.6254995 -0.4663696
vn 0.7351348 -0.4922607 -0.4661075
vn 0.8173699 -0.3395786 -0.4653954
vn 0.868523 -0.1729342 -0.4645015
vn 0.8858315 0 -0.464007
vn 0.1956798 -0.9798869 -0.03912992
vn 0.3839884 -0.9224917 -0.03952033
vn 0.5563208 -0.8300112 -0.03985539
vn 0.7065414 -0.7065414 -0.03998387
vn 0.8300112 -0.5563208 -0.03985533
vn 0.9224917 -0.3839884 -0.03952033
vn 0.9798868 -0.1956798 -0.03912988
vn 0.9992419 0 -0.03893145
vn 0.1386109 -0.6930546 0.7074336
vn 0.2716242 -0.6518981 0.7079893
vn 0.3931022 -0.5862049 0.7084028
vn 0.4989779 -0.4989779 0.7085493
vn 0.5862049 -0.3931022 0.7084028
vn 0.6518981 -0.2716242 0.7079893
vn 0.6930537 -0.1386107 0.7074345
vn 0.7071068 0 0.7071067
vn 0 0.2014568 0.9794974
vn 0.03918358 0.1973819 0.9795433
vn 0.07692433 0.185523 0.9796243
vn 0.1114988 0.1666733 0.9796878
vn 0.1417162 0.1417162 0.9797108
vn 0.1666734 0.1114989 0.9796877
vn 0.185523 0.07692433 0.9796243
vn 0.1973822 0.03918364 0.9795432
vn 0 0.7071066 0.7071069
vn 0.1376112 0.6931766 0.7075093
vn 0.2704104 0.6521515 0.7082207
vn 0.3922394 0.5863307 0.7087768
vn 0.4986729 0.4986729 0.7089786
vn 0.5863309 0.3922396 0.7087767
vn 0.6521515 0.2704104 0.7082207
vn 0.6931771 0.1376113 0.7075088
vn 0 0.9875298 -0.1574323
vn 0.1923076 0.9685904 -0.1576402
vn 0.3782328 0.9121241 -0.1580172
vn 0.5490271 0.820673 -0.1583191
vn 0.6981761 0.6981761 -0.1584303
vn 0.820673 0.5490272 -0.1583191
vn 0.9121241 0.3782328 -0.1580172
vn 0.9685904 0.1923076 -0.15764
vn 0 0.8574929 -0.5144958
vn 0.1669834 0.8407905 -0.514964
vn 0.3282126 0.7913435 -0.5158022
vn 0.4761735 0.7117041 -0.5164649
vn 0.605398 0.605398 -0.5167072
vn 0.7117043 0.4761736 -0.5164648
vn 0.7913435 0.3282126 -0.5158022
vn 0.8407906 0.1669834 -0.5149637
vn 0 0.8214957 -0.5702148
vn 0.1600785 0.8054047 -0.5706997
vn 0.3144968 0.7578921 -0.5715691
vn 0.4561032 0.6815362 -0.5722572
vn 0.5797558 0.5797558 -0.5725089
vn 0.6815364 0.4561033 -0.572257
vn 0.7578921 0.3144968 -0.5715691
vn 0.8054048 0.1600785 -0.5706994
vn 0 0.8858315 -0.464007
vn 0.1729342 0.8685229 -0.4645015
vn 0.3395786 0.8173699 -0.4653954
vn 0.4922607 0.7351348 -0.4661076
vn 0.6254995 0.6254995 -0.4663696
vn 0.7351348 0.4922607 -0.4661075
vn 0.8173699 0.3395786 -0.4653954
vn 0.868523 0.1729342 -0.4645015
vn 0 0.9992419 -0.03893145
vn 0.1956798 0.9798869 -0.03912992
vn 0.3839884 0.9224917 -0.03952033
vn 0.5563208 0.8300112 -0.03985539
vn 0.7065414 0.7065414 -0.03998387
vn 0.8300112 0.5563208 -0.03985533
vn 0.9224917 0.3839884 -0.03952033
vn 0.9798868 0.1956798 -0.03912988
vn 0 0.7071068 0.7071067
vn 0.1386109 0.6930546 0.7074336
vn 0.2716242 0.6518981 0.7079893
vn 0.3931022 0.5862049 0.7084028
vn 0.4989779 0.4989779 0.7085493
vn 0.5862049 0.3931022 0.7084028
vn 0.6518981 0.2716242 0.7079893
vn 0.6930537 0.1386107 0.7074345
vn -0.1973819 0.03918358 0.9795433
vn -0.185523 0.07692433 0.9796243
vn -0.1666733 0.1114988 0.9796878
vn -0.1417162 0.1417162 0.9797108
vn -0.1114989 0.1666734 0.9796877
vn -0.07692433 0.185523 0.9796243
vn -0.03918364 0.1973822 0.9795432
vn -0.6931766 0.1376112 0.7075093
vn -0.6521515 0.2704104 0.7082207
vn -0.5863307 0.3922394 0.7087768
vn -0.4986729 0.4986729 0.7089786
vn -0.3922396 0.5863309 0.7087767
vn -0.2704104 0.6521515 0.7082207
vn -0.1376113 0.6931771 0.7075088
vn -0.9685904 0.1923076 -0.1576402
vn -0.9121241 0.3782328 -0.1580172
vn -0.820673 0.5490271 -0.1583191
vn -0.6981761 0.6981761 -0.1584303
vn -0.5490272 0.820673 -0.1583191
vn -0.3782328 0.9121241 -0.1580172
vn -0.1923076 0.9685904 -0.15764
vn -0.8407905 0.1669834 -0.514964
vn -0.7913435 0.3282126 -0.5158022
vn -0.7117041 0.4761735 -0.5164649
vn -0.605398 0.605398 -0.5167072
vn -0.4761736 0.7117043 -0.5164648
vn -0.3282126 0.7913435 -0.5158022
vn -0.1669834 0.8407906 -0.5149637
vn -0.8054047 0.1600785 -0.5706997
vn -0.7578921 0.3144968 -0.5715691
vn -0.6815362 0.4561032 -0.5722572
vn -0.5797558 0.5797558 -0.5725089
vn -0.4561033 0.6815364 -0.572257
vn -0.3144968 0.7578921 -0.5715691
vn -0.1600785 0.8054048 -0.5706994
vn -0.8685229 0.1729342 -0.4645015
vn -0.8173699 0.3395786 -0.4653954
vn -0.7351348 0.4922607 -0.4661076
vn -0.6254995 0.6254995 -0.4663696
vn -0.4922607 0.7351348 -0.4661075
vn -0.3395786 0.8173699 -0.4653954
vn -0.1729342 0.868523 -0.4645015
vn -0.9798869 0.1956798 -0.03912992
vn -0.9224917 0.3839884 -0.03952033
vn -0.8300112 0.5563208 -0.03985539
vn -0.7065414 0.7065414 -0.03998387
vn -0.5563208 0.8300112 -0.03985533
vn -0.3839884 0.9224917 -0.03952033
vn -0.1956798 0.9798868 -0.03912988
vn -0.6930546 0.1386109 0.7074336
vn -0.6518981 0.2716242 0.7079893
vn -0.5862049 0.3931022 0.7084028
vn -0.4989779 0.4989779 0.7085493
vn -0.3931022 0.5862049 0.7084028
vn -0.2716242 0.6518981 0.7079893
vn -0.1386107 0.6930537 0.7074345
vn -0.4076506 0 0.913138
vn -0.3994244 -0.07988489 0.9132789
vn -0.3755099 -0.1564625 0.9135162
vn -0.3375368 -0.2263482 0.9136932
vn -0.287272 -0.287272 0.9137557
vn -0.226348 -0.3375365 0.9136934
vn -0.1564625 -0.3755099 0.9135162
vn -0.07988505 -0.3994252 0.9132786
vn 0 -0.4076506 0.913138
vn -0.2676437 0 0.963518
vn -0.2622199 -0.05244398 0.9635821
vn -0.2464836 -0.1027015 0.9636899
vn -0.2215338 -0.1485579 0.9637703
vn -0.1885364 -0.1885364 0.9637988
vn -0.1485578 -0.2215335 0.9637704
vn -0.1027015 -0.2464836 0.9636899
vn -0.05244408 -0.2622204 0.963582
vn 0 -0.2676437 0.963518
vn -0.2078586 0 0.9781589
vn -0.2036412 -0.04072824 0.9781981
vn -0.1914116 -0.07975484 0.9782642
vn -0.1720307 -0.1153617 0.9783134
vn -0.146405 -0.146405 0.9783308
vn -0.1153617 -0.1720305 0.9783134
vn -0.07975484 -0.1914116 0.9782642
vn -0.04072829 -0.2036414 0.9781981
vn 0 -0.2078586 0.9781589
vn -0.1961161 0 0.9805807
vn -0.1921363 -0.03842725 0.9806156
vn -0.1805961 -0.07524836 0.9806746
vn -0.1623093 -0.1088427 0.9807186
vn -0.1381314 -0.1381314 0.9807341
vn -0.1088426 -0.1623092 0.9807186
vn -0.07524836 -0.1805961 0.9806746
vn -0.03842725 -0.1921363 0.9806156
vn 0 -0.1961161 0.9805807
vn -0.2297927 0 0.9732396
vn -0.2251327 -0.04502653 0.9732872
vn -0.2116152 -0.08817299 0.9733676
vn -0.1901906 -0.1275396 0.9734275
vn -0.1618605 -0.1618605 0.9734487
vn -0.1275396 -0.1901906 0.9734275
vn -0.08817299 -0.2116152 0.9733676
vn -0.04502648 -0.2251324 0.9732873
vn 0 -0.2297927 0.9732396
vn -0.3363365 0 0.9417419
vn -0.3295344 -0.06590688 0.9418404
vn -0.3097775 -0.1290739 0.9420073
vn -0.2784343 -0.1867148 0.9421316
vn -0.2369655 -0.2369655 0.9421755
vn -0.1867148 -0.2784343 0.9421316
vn -0.1290739 -0.3097775 0.9420073
vn -0.06590679 -0.3295339 0.9418406
vn 0 -0.3363365 0.9417419
vn -0.6156441 0 0.7880243
vn -0.6033419 -0.1206684 0.7883005
vn -0.5674056 -0.236419 0.7887693
vn -0.5101542 -0.3421035 0.7891185
vn -0.4342217 -0.4342217 0.789242
vn -0.3421034 -0.5101541 0.7891185
vn -0.236419 -0.5674056 0.7887693
vn -0.1206682 -0.603341 0.7883012
vn 0 -0.6156441 0.7880243
vn -1 0 0
vn -0.9805806 -0.1961161 0
vn -0.9230769 -0.3846154 0
vn -0.830544 -0.556953 0
vn -0.7071068 -0.7071068 0
vn -0.556953 -0.830544 0
vn -0.3846154 -0.9230769 0
vn -0.1961161 -0.9805807 0
vn 0 -1 0
vn 0.07988489 -0.3994244 0.9132789
vn 0.1564625 -0.3755099 0.9135162
vn 0.2263482 -0.3375368 0.9136932
vn 0.287272 -0.287272 0.9137557
vn 0.3375365 -0.226348 0.9136934
vn 0.3755099 -0.1564625 0.9135162
vn 0.3994252 -0.07988505 0.9132786
vn 0.4076506 0 0.913138
vn 0.05244398 -0.2622199 0.9635821
vn 0.1027015 -0.2464836 0.9636899
vn 0.1485579 -0.2215338 0.9637703
vn 0.1885364 -0.1885364 0.9637988
vn 0.2215335 -0.1485578 0.9637704
vn 0.2464836 -0.1027015 0.9636899
vn 0.2622204 -0.05244408 0.963582
vn 0.2676437 0 0.963518
vn 0.04072824 -0.2036412 0.9781981
vn 0.07975484 -0.1914116 0.9782642
vn 0.1153617 -0.1720307 0.9783134
vn 0.146405 -0.146405 0.9783308
vn 0.1720305 -0.1153617 0.9783134
vn 0.1914116 -0.07975484 0.9782642
vn 0.2036414 -0.04072829 0.9781981
vn 0.2078586 0 0.9781589
vn 0.03842725 -0.1921363 0.9806156
vn 0.07524836 -0.1805961 0.9806746
vn 0.1088427 -0.1623093 0.9807186
vn 0.1381314 -0.1381314 0.9807341
vn 0.1623092 -0.1088426 0.9807186
vn 0.1805961 -0.07524836 0.9806746
vn 0.1921363 -0.03842725 0.9806156
vn 0.1961161 0 0.9805807
vn 0.04502653 -0.2251327 0.9732872
vn 0.08817299 -0.2116152 0.9733676
vn 0.1275396 -0.1901906 0.9734275
vn 0.1618605 -0.1618605 0.9734487
vn 0.1901906 -0.1275396 0.9734275
vn 0.2116152 -0.08817299 0.9733676
vn 0.2251324 -0.04502648 0.9732873
vn 0.2297927 0 0.9732396
vn 0.06590688 -0.3295344 0.9418404
vn 0.1290739 -0.3097775 0.9420073
vn 0.1867148 -0.2784343 0.9421316
vn 0.2369655 -0.2369655 0.9421755
vn 0.2784343 -0.1867148 0.9421316
vn 0.3097775 -0.1290739 0.9420073
vn 0.3295339 -0.06590679 0.9418406
vn 0.3363365 0 0.9417419
vn 0.1206684 -0.6033419 0.7883005
vn 0.236419 -0.5674056 0.7887693
vn 0.3421035 -0.5101542 0.7891185
vn 0.4342217 -0.4342217 0.789242
vn 0.5101541 -0.3421034 0.7891185
vn 0.5674056 -0.236419 0.7887693
vn 0.603341 -0.1206682 0.7883012
vn 0.6156441 0 0.7880243
vn 0.1961161 -0.9805806 0
vn 0.3846154 -0.9230769 0
vn 0.556953 -0.830544 0
vn 0.7071068 -0.7071068 0
vn 0.830544 -0.556953 0
vn 0.9230769 -0.3846154 0
vn 0.9805807 -0.1961161 0
vn 1 0 0
vn 0 0.4076506 0.913138
vn 0.07988489 0.3994244 0.9132789
vn 0.1564625 0.3755099 0.9135162
vn 0.2263482 0.3375368 0.9136932
vn 0.287272 0.287272 0.9137557
vn 0.3375365 0.226348 0.9136934
vn 0.3755099 0.1564625 0.9135162
vn 0.3994252 0.07988505 0.9132786
vn 0 0.2676437 0.963518
vn 0.05244398 0.2622199 0.9635821
vn 0.1027015 0.2464836 0.9636899
vn 0.1485579 0.2215338 0.9637703
vn 0.1885364 0.1885364 0.9637988
vn 0.2215335 0.1485578 0.9637704
vn 0.2464836 0.1027015 0.9636899
vn 0.2622204 0.05244408 0.963582
vn 0 0.2078586 0.9781589
vn 0.04072824 0.2036412 0.9781981
vn 0.07975484 0.1914116 0.9782642
vn 0.1153617 0.1720307 0.9783134
vn 0.146405 0.146405 0.9783308
vn 0.1720305 0.1153617 0.9783134
vn 0.1914116 0.07975484 0.9782642
vn 0.2036414 0.04072829 0.9781981
vn 0 0.1961161 0.9805807
vn 0.03842725 0.1921363 0.9806156
vn 0.07524836 0.1805961 0.9806746
vn 0.1088427 0.1623093 0.9807186
vn 0.1381314 0.1381314 0.9807341
vn 0.1623092 0.1088426 0.9807186
vn 0.1805961 0.07524836 0.9806746
vn 0.1921363 0.03842725 0.9806156
vn 0 0.2297927 0.9732396
vn 0.04502653 0.2251327 0.9732872
vn 0.08817299 0.2116152 0.9733676
vn 0.1275396 0.1901906 0.9734275
vn 0.1618605 0.1618605 0.9734487
vn 0.1901906 0.1275396 0.9734275
vn 0.2116152 0.08817299 0.9733676
vn 0.2251324 0.04502648 0.9732873
vn 0 0.3363365 0.9417419
vn 0.06590688 0.3295344 0.9418404
vn 0.1290739 0.3097775 0.9420073
vn 0.1867148 0.2784343 0.9421316
vn 0.2369655 0.2369655 0.9421755
vn 0.2784343 0.1867148 0.9421316
vn 0.3097775 0.1290739 0.9420073
vn 0.3295339 0.06590679 0.9418406
vn 0 0.6156441 0.7880243
vn 0.1206684 0.6033419 0.7883005
vn 0.236419 0.5674056 0.7887693
vn 0.3421035 0.5101542 0.7891185
vn 0.4342217 0.4342217 0.789242
vn 0.5101541 0.3421034 0.7891185
vn 0.5674056 0.236419 0.7887693
vn 0.603341 0.1206682 0.7883012
vn 0 1 0
vn 0.1961161 0.9805806 0
vn 0.3846154 0.9230769 0
vn 0.556953 0.830544 0
vn 0.7071068 0.7071068 0
vn 0.830544 0.556953 0
vn 0.9230769 0.3846154 0
vn 0.9805807 0.1961161 0
vn -0.3994244 0.07988489 0.9132789
vn -0.3755099 0.1564625 0.9135162
vn -0.3375368 0.2263482 0.9136932
vn -0.287272 0.287272 0.9137557
vn -0.226348 0.3375365 0.9136934
vn -0.1564625 0.3755099 0.9135162
vn -0.07988505 0.3994252 0.9132786
vn -0.2622199 0.05244398 0.9635821
vn -0.2464836 0.1027015 0.9636899
vn -0.2215338 0.1485579 0.9637703
vn -0.1885364 0.1885364 0.9637988
vn -0.1485578 0.2215335 0.9637704
vn -0.1027015 0.2464836 0.9636899
vn -0.05244408 0.2622204 0.963582
vn -0.2036412 0.04072824 0.9781981
vn -0.1914116 0.07975484 0.9782642
vn -0.1720307 0.1153617 0.9783134
vn -0.146405 0.146405 0.9783308
vn -0.1153617 0.1720305 0.9783134
vn -0.07975484 0.1914116 0.9782642
vn -0.04072829 0.2036414 0.9781981
vn -0.1921363 0.03842725 0.9806156
vn -0.1805961 0.07524836 0.9806746
vn -0.1623093 0.1088427 0.9807186
vn -0.1381314 0.1381314 0.9807341
vn -0.1088426 0.1623092 0.9807186
vn -0.07524836 0.1805961 0.9806746
vn -0.03842725 0.1921363 0.9806156
vn -0.2251327 0.04502653 0.9732872
vn -0.2116152 0.08817299 0.9733676
vn -0.1901906 0.1275396 0.9734275
vn -0.1618605 0.1618605 0.9734487
vn -0.1275396 0.1901906 0.9734275
vn -0.08817299 0.2116152 0.9733676
vn -0.04502648 0.2251324 0.9732873
vn -0.3295344 0.06590688 0.9418404
vn -0.3097775 0.1290739 0.9420073
vn -0.2784343 0.1867148 0.9421316
vn -0.2369655 0.2369655 0.9421755
vn -0.1867148 0.2784343 0.9421316
vn -0.1290739 0.3097775 0.9420073
vn -0.06590679 0.3295339 0.9418406
vn -0.6033419 0.1206684 0.7883005
vn -0.5674056 0.236419 0.7887693
vn -0.5101542 0.3421035 0.7891185
vn -0.4342217 0.4342217 0.789242
vn -0.3421034 0.5101541 0.7891185
vn -0.236419 0.5674056 0.7887693
vn -0.1206682 0.603341 0.7883012
vn -0.9805806 0.1961161 0
vn -0.9230769 0.3846154 0
vn -0.830544 0.556953 0
vn -0.7071068 0.7071068 0
vn -0.556953 0.830544 0
vn -0.3846154 0.9230769 0
vn -0.1961161 0.9805807 0
vn 0.9417419 0 -0.3363365
vn 0.9233571 0.1846714 -0.3366126
vn 0.8690541 0.3621059 -0.3370821
vn 0.7818326 0.5242878 -0.3374319
vn 0.6656033 0.6656033 -0.3375565
vn 0.5242876 0.7818324 -0.3374322
vn 0.362106 0.8690543 -0.3370816
vn 0.1846714 0.923357 -0.3366131
vn 0 0.9417419 -0.3363365
vn 0.9823386 0 -0.1871121
vn 0.963231 0.1926462 -0.1872792
vn 0.9066945 0.3777893 -0.1875635
vn 0.8157703 0.5470459 -0.1877753
vn 0.6945186 0.6945186 -0.187851
vn 0.5470459 0.8157703 -0.1877756
vn 0.3777894 0.9066947 -0.1875633
vn 0.1926462 0.963231 -0.1872794
vn 0 0.9823386 -0.1871121
vn 0.9974588 0 0.07124718
vn 0.9780841 0.1956168 0.07131307
vn 0.9207194 0.383633 0.07142446
vn 0.8284178 0.5555273 0.07150806
vn 0.7052951 0.7052951 0.07153729
vn 0.5555273 0.8284178 0.07150777
vn 0.3836331 0.9207194 0.07142431
vn 0.1956168 0.9780841 0.07131317
vn 0 0.9974588 0.07124718
vn 0.8137333 0 0.5812384
vn 0.7976812 0.1595363 0.5815949
vn 0.750504 0.31271 0.5821995
vn 0.675002 0.4526483 0.5826507
vn 0.5746006 0.5746006 0.5828105
vn 0.4526484 0.675002 0.5826505
vn 0.3127101 0.7505043 0.582199
vn 0.1595362 0.7976809 0.5815954
vn 0 0.8137333 0.5812384
vn 0 0 1
vn 0 0 1
vn 0 0 1
vn 0 0 1
vn 0 0 1
vn 0 0 1
vn 0 0 1
vn 0 0 1
vn 0 0 1
vn -0.5734622 0 0.819232
vn -0.5619764 -0.1123953 0.8194814
vn -0.5284627 -0.2201928 0.8199039
vn -0.4751128 -0.318605 0.8202187
vn -0.4043873 -0.4043873 0.8203303
vn -0.318605 -0.4751127 0.8202188
vn -0.2201929 -0.5284629 0.8199037
vn -0.1123952 -0.561976 0.8194818
vn 0 -0.5734622 0.819232
vn -0.7863182 0 0.6178218
vn -0.7707759 -0.1541552 0.6181753
vn -0.7251398 -0.3021415 0.6187752
vn -0.6521557 -0.437328 0.619223
vn -0.5551424 -0.5551424 0.6193817
vn -0.437328 -0.6521556 0.619223
vn -0.3021415 -0.7251398 0.6187752
vn -0.1541551 -0.7707754 0.6181759
vn 0 -0.7863182 0.6178218
vn -0.8858315 0 0.4640071
vn -0.868456 -0.1736912 0.4643442
vn -0.8172503 -0.3405209 0.4649164
vn -0.7351393 -0.4929758 0.4653441
vn -0.6258249 -0.6258249 0.4654958
vn -0.4929758 -0.7351393 0.4653441
vn -0.3405209 -0.8172503 0.4649166
vn -0.1736912 -0.8684557 0.4643447
vn 0 -0.8858315 0.4640071
vn -0.9417419 0 0.3363365
vn -0.9233571 -0.1846715 0.3366126
vn -0.8690543 -0.3621059 0.3370815
vn -0.7818324 -0.5242876 0.3374325
vn -0.6656032 -0.6656032 0.3375569
vn -0.5242876 -0.7818323 0.3374325
vn -0.3621058 -0.8690541 0.337082
vn -0.1846714 -0.923357 0.336613
vn 0 -0.9417419 0.3363365
vn -0.1846714 0.9233571 -0.3366126
vn -0.3621059 0.8690541 -0.3370821
vn -0.5242878 0.7818326 -0.3374319
vn -0.6656033 0.6656033 -0.3375565
vn -0.7818324 0.5242876 -0.3374322
vn -0.8690543 0.362106 -0.3370816
vn -0.923357 0.1846714 -0.3366131
vn -0.9417419 0 -0.3363365
vn -0.1926462 0.963231 -0.1872792
vn -0.3777893 0.9066945 -0.1875635
vn -0.5470459 0.8157703 -0.1877753
vn -0.6945186 0.6945186 -0.187851
vn -0.8157703 0.5470459 -0.1877756
vn -0.9066947 0.3777894 -0.1875633
vn -0.963231 0.1926462 -0.1872794
vn -0.9823386 0 -0.1871121
vn -0.1956168 0.9780841 0.07131307
vn -0.383633 0.9207194 0.07142446
vn -0.5555273 0.8284178 0.07150806
vn -0.7052951 0.7052951 0.07153729
vn -0.8284178 0.5555273 0.07150777
vn -0.9207194 0.3836331 0.07142431
vn -0.9780841 0.1956168 0.07131317
vn -0.9974588 0 0.07124718
vn -0.1595363 0.7976812 0.5815949
vn -0.31271 0.750504 0.5821995
vn -0.4526483 0.675002 0.5826507
vn -0.5746006 0.5746006 0.5828105
vn -0.675002 0.4526484 0.5826505
vn -0.7505043 0.3127101 0.582199
vn -0.7976809 0.1595362 0.5815954
vn -0.8137333 0 0.5812384
vn 0 0 1
vn 0 0 1
vn 0 0 1
vn 0 0 1
vn 0 0 1
vn 0 0 1
vn 0 0 1
vn 0 0 1
vn 0.1123953 -0.5619764 0.8194814
vn 0.2201928 -0.5284627 0.8199039
vn 0.318605 -0.4751128 0.8202187
vn 0.4043873 -0.4043873 0.8203303
vn 0.4751127 -0.318605 0.8202188
vn 0.5284629 -0.2201929 0.8199037
vn 0.561976 -0.1123952 0.8194818
vn 0.5734622 0 0.819232
vn 0.1541552 -0.7707759 0.6181753
vn 0.3021415 -0.7251398 0.6187752
vn 0.437328 -0.6521557 0.619223
vn 0.5551424 -0.5551424 0.6193817
vn 0.6521556 -0.437328 0.619223
vn 0.7251398 -0.3021415 0.6187752
vn 0.7707754 -0.1541551 0.6181759
vn 0.7863182 0 0.6178218
vn 0.1736912 -0.868456 0.4643442
vn 0.3405209 -0.8172503 0.4649164
vn 0.4929758 -0.7351393 0.4653441
vn 0.6258249 -0.6258249 0.4654958
vn 0.7351393 -0.4929758 0.4653441
vn 0.8172503 -0.3405209 0.4649166
vn 0.8684557 -0.1736912 0.4643447
vn 0.8858315 0 0.4640071
vn 0.1846715 -0.9233571 0.3366126
vn 0.3621059 -0.8690543 0.3370815
vn 0.5242876 -0.7818324 0.3374325
vn 0.6656032 -0.6656032 0.3375569
vn 0.7818323 -0.5242876 0.3374325
vn 0.8690541 -0.3621058 0.337082
vn 0.923357 -0.1846714 0.336613
vn 0.9417419 0 0.3363365
vn 0 -0.9417419 -0.3363365
vn -0.1846714 -0.9233571 -0.3366126
vn -0.3621059 -0.8690541 -0.3370821
vn -0.5242878 -0.7818326 -0.3374319
vn -0.6656033 -0.6656033 -0.3375565
vn -0.7818324 -0.5242876 -0.3374322
vn -0.8690543 -0.362106 -0.3370816
vn -0.923357 -0.1846714 -0.3366131
vn 0 -0.9823386 -0.1871121
vn -0.1926462 -0.963231 -0.1872792
vn -0.3777893 -0.9066945 -0.1875635
vn -0.5470459 -0.8157703 -0.1877753
vn -0.6945186 -0.6945186 -0.187851
vn -0.8157703 -0.5470459 -0.1877756
vn -0.9066947 -0.3777894 -0.1875633
vn -0.963231 -0.1926462 -0.1872794
vn 0 -0.9974588 0.07124718
vn -0.1956168 -0.9780841 0.07131307
vn -0.383633 -0.9207194 0.07142446
vn -0.5555273 -0.8284178 0.07150806
vn -0.7052951 -0.7052951 0.07153729
vn -0.8284178 -0.5555273 0.07150777
vn -0.9207194 -0.3836331 0.07142431
vn -0.9780841 -0.1956168 0.07131317
vn 0 -0.8137333 0.5812384
vn -0.1595363 -0.7976812 0.5815949
vn -0.31271 -0.750504 0.5821995
vn -0.4526483 -0.675002 0.5826507
vn -0.5746006 -0.5746006 0.5828105
vn -0.675002 -0.4526484 0.5826505
vn -0.7505043 -0.3127101 0.582199
vn -0.7976809 -0.1595362 0.5815954
vn 0 0 1
vn 0 0 1
vn 0 0 1
vn 0 0 1
vn 0 0 1
vn 0 0 1
vn 0 0 1
vn 0 0 1
vn 0 0.5734622 0.819232
vn 0.1123953 0.5619764 0.8194814
vn 0.2201928 0.5284627 0.8199039
vn 0.318605 0.4751128 0.8202187
vn 0.4043873 0.4043873 0.8203303
vn 0.4751127 0.318605 0.8202188
vn 0.5284629 0.2201929 0.8199037
vn 0.561976 0.1123952 0.8194818
vn 0 0.7863182 0.6178218
vn 0.1541552 0.7707759 0.6181753
vn 0.3021415 0.7251398 0.6187752
vn 0.437328 0.6521557 0.619223
vn 0.5551424 0.5551424 0.6193817
vn 0.6521556 0.437328 0.619223
vn 0.7251398 0.3021415 0.6187752
vn 0.7707754 0.1541551 0.6181759
vn 0 0.8858315 0.4640071
vn 0.1736912 0.868456 0.4643442
vn 0.3405209 0.8172503 0.4649164
vn 0.4929758 0.7351393 0.4653441
vn 0.6258249 0.6258249 0.4654958
vn 0.7351393 0.4929758 0.4653441
vn 0.8172503 0.3405209 0.4649166
vn 0.8684557 0.1736912 0.4643447
vn 0 0.9417419 0.3363365
vn 0.1846715 0.9233571 0.3366126
vn 0.3621059 0.8690543 0.3370815
vn 0.5242876 0.7818324 0.3374325
vn 0.6656032 0.6656032 0.3375569
vn 0.7818323 0.5242876 0.3374325
vn 0.8690541 0.3621058 0.337082
vn 0.923357 0.1846714 0.336613
vn 0.9233571 -0.1846714 -0.3366126
vn 0.8690541 -0.3621059 -0.3370821
vn 0.7818326 -0.5242878 -0.3374319
vn 0.6656033 -0.6656033 -0.3375565
vn 0.5242876 -0.7818324 -0.3374322
vn 0.362106 -0.8690543 -0.3370816
vn 0.1846714 -0.923357 -0.3366131
vn 0.963231 -0.1926462 -0.1872792
vn 0.9066945 -0.3777893 -0.1875635
vn 0.8157703 -0.5470459 -0.1877753
vn 0.6945186 -0.6945186 -0.187851
vn 0.5470459 -0.8157703 -0.1877756
vn 0.3777894 -0.9066947 -0.1875633
vn 0.1926462 -0.963231 -0.1872794
vn 0.9780841 -0.1956168 0.07131307
vn 0.9207194 -0.383633 0.07142446
vn 0.8284178 -0.5555273 0.07150806
vn 0.7052951 -0.7052951 0.07153729
vn 0.5555273 -0.8284178 0.07150777
vn 0.3836331 -0.9207194 0.07142431
vn 0.1956168 -0.9780841 0.07131317
vn 0.7976812 -0.1595363 0.5815949
vn 0.750504 -0.31271 0.5821995
vn 0.675002 -0.4526483 0.5826507
vn 0.5746006 -0.5746006 0.5828105
vn 0.4526484 -0.675002 0.5826505
vn 0.3127101 -0.7505043 0.582199
vn 0.1595362 -0.7976809 0.5815954
vn 0 0 1
vn 0 0 1
vn 0 0 1
vn 0 0 1
vn 0 0 1
vn 0 0 1
vn 0 0 1
vn -0.5619764 0.1123953 0.8194814
vn -0.5284627 0.2201928 0.8199039
vn -0.4751128 0.318605 0.8202187
vn -0.4043873 0.4043873 0.8203303
vn -0.318605 0.4751127 0.8202188
vn -0.2201929 0.5284629 0.8199037
vn -0.1123952 0.561976 0.8194818
vn -0.7707759 0.1541552 0.6181753
vn -0.7251398 0.3021415 0.6187752
vn -0.6521557 0.437328 0.619223
vn -0.5551424 0.5551424 0.6193817
vn -0.437328 0.6521556 0.619223
vn -0.3021415 0.7251398 0.6187752
vn -0.1541551 0.7707754 0.6181759
vn -0.868456 0.1736912 0.4643442
vn -0.8172503 0.3405209 0.4649164
vn -0.7351393 0.4929758 0.4653441
vn -0.6258249 0.6258249 0.4654958
vn -0.4929758 0.7351393 0.4653441
vn -0.3405209 0.8172503 0.4649166
vn -0.1736912 0.8684557 0.4643447
vn -0.9233571 0.1846715 0.3366126
vn -0.8690543 0.3621059 0.3370815
vn -0.7818324 0.5242876 0.3374325
vn -0.6656032 0.6656032 0.3375569
vn -0.5242876 0.7818323 0.3374325
vn -0.3621058 0.8690541 0.337082
vn -0.1846714 0.923357 0.336613
vn -0.9431655 0 0.3323234
vn -0.924755 -0.184951 0.3325976
vn -0.8703737 -0.3626557 0.3330621
vn -0.7830221 -0.5250854 0.3334093
vn -0.666617 -0.666617 0.3335321
vn -0.5250854 -0.783022 0.3334093
vn -0.3626557 -0.8703737 0.3330621
vn -0.1849511 -0.9247552 0.3325975
vn 0 -0.9431655 0.3323234
vn -0.9473952 0 0.3200659
vn -0.9289091 -0.1857818 0.3203325
vn -0.8742946 -0.3642893 0.3207839
vn -0.7865568 -0.5274557 0.3211213
vn -0.6696284 -0.6696284 0.3212406
vn -0.5274557 -0.7865568 0.3211213
vn -0.3642893 -0.8742946 0.3207839
vn -0.1857819 -0.9289091 0.3203324
vn 0 -0.9473952 0.3200659
vn -0.9542863 0 0.2988938
vn -0.9356772 -0.1871354 0.2991464
vn -0.8806828 -0.3669511 0.299574
vn -0.7923162 -0.5313179 0.2998938
vn -0.6745353 -0.6745353 0.3000068
vn -0.5313179 -0.7923162 0.2998938
vn -0.3669511 -0.8806828 0.299574
vn -0.1871354 -0.9356772 0.2991463
vn 0 -0.9542863 0.2988938
vn -0.9635179 0 0.2676438
vn -0.9447443 -0.1889489 0.2678744
vn -0.8892417 -0.3705173 0.2682649
vn -0.800033 -0.5364927 0.2685568
vn -0.6811101 -0.6811101 0.2686601
vn -0.5364928 -0.800033 0.2685568
vn -0.3705173 -0.8892417 0.2682649
vn -0.1889489 -0.9447442 0.2678744
vn 0 -0.9635179 0.2676438
vn -0.9744495 0 0.2246071
vn -0.9554815 -0.1910963 0.224805
vn -0.8993782 -0.3747409 0.2251402
vn -0.8091728 -0.5426217 0.2253909
vn -0.6888973 -0.6888973 0.2254795
vn -0.5426217 -0.8091727 0.2253909
vn -0.3747409 -0.8993782 0.2251402
vn -0.1910963 -0.9554816 0.2248051
vn 0 -0.9744495 0.2246071
vn -0.9858717 0 0.1675025
vn -0.9667014 -0.1933403 0.1676535
vn -0.9099715 -0.3791548 0.1679095
vn -0.8187252 -0.5490275 0.1681008
vn -0.6970363 -0.6970363 0.1681685
vn -0.5490274 -0.8187252 0.1681008
vn -0.3791548 -0.9099715 0.1679095
vn -0.1933403 -0.9667015 0.1676536
vn 0 -0.9858717 0.1675025
vn -0.9956124 0 0.09357259
vn -0.9762704 -0.1952541 0.09365867
vn -0.9190068 -0.3829195 0.09380449
vn -0.8268733 -0.5544915 0.09391354
vn -0.703979 -0.703979 0.0939521
vn -0.5544915 -0.8268733 0.09391356
vn -0.3829195 -0.9190068 0.09380449
vn -0.1952541 -0.9762704 0.09365869
vn 0 -0.9956124 0.09357259
vn -1 0 0
vn -0.9805807 -0.1961161 0
vn -0.923077 -0.3846154 0
vn -0.830544 -0.556953 0
vn -0.7071068 -0.7071068 0
vn -0.556953 -0.830544 0
vn -0.3846154 -0.923077 0
vn -0.1961161 -0.9805806 0
vn 0 -1 0
vn 0.184951 -0.924755 0.3325976
vn 0.3626557 -0.8703737 0.3330621
vn 0.5250854 -0.7830221 0.3334093
vn 0.666617 -0.666617 0.3335321
vn 0.783022 -0.5250854 0.3334093
vn 0.8703737 -0.3626557 0.3330621
vn 0.9247552 -0.1849511 0.3325975
vn 0.9431655 0 0.3323234
vn 0.1857818 -0.9289091 0.3203325
vn 0.3642893 -0.8742946 0.3207839
vn 0.5274557 -0.7865568 0.3211213
vn 0.6696284 -0.6696284 0.3212406
vn 0.7865568 -0.5274557 0.3211213
vn 0.8742946 -0.3642893 0.3207839
vn 0.9289091 -0.1857819 0.3203324
vn 0.9473952 0 0.3200659
vn 0.1871354 -0.9356772 0.2991464
vn 0.3669511 -0.8806828 0.299574
vn 0.5313179 -0.7923162 0.2998938
vn 0.6745353 -0.6745353 0.3000068
vn 0.7923162 -0.5313179 0.2998938
vn 0.8806828 -0.3669511 0.299574
vn 0.9356772 -0.1871354 0.2991463
vn 0.9542863 0 0.2988938
vn 0.1889489 -0.9447443 0.2678744
vn 0.3705173 -0.8892417 0.2682649
vn 0.5364927 -0.800033 0.2685568
vn 0.6811101 -0.6811101 0.2686601
vn 0.800033 -0.5364928 0.2685568
vn 0.8892417 -0.3705173 0.2682649
vn 0.9447442 -0.1889489 0.2678744
vn 0.9635179 0 0.2676438
vn 0.1910963 -0.9554815 0.224805
vn 0.3747409 -0.8993782 0.2251402
vn 0.5426217 -0.8091728 0.2253909
vn 0.6888973 -0.6888973 0.2254795
vn 0.8091727 -0.5426217 0.2253909
vn 0.8993782 -0.3747409 0.2251402
vn 0.9554816 -0.1910963 0.2248051
vn 0.9744495 0 0.2246071
vn 0.1933403 -0.9667014 0.1676535
vn 0.3791548 -0.9099715 0.1679095
vn 0.5490275 -0.8187252 0.1681008
vn 0.6970363 -0.6970363 0.1681685
vn 0.8187252 -0.5490274 0.1681008
vn 0.9099715 -0.3791548 0.1679095
vn 0.9667015 -0.1933403 0.1676536
vn 0.9858717 0 0.1675025
vn 0.1952541 -0.9762704 0.09365867
vn 0.3829195 -0.9190068 0.09380449
vn 0.5544915 -0.8268733 0.09391354
vn 0.703979 -0.703979 0.0939521
vn 0.8268733 -0.5544915 0.09391356
vn 0.9190068 -0.3829195 0.09380449
vn 0.9762704 -0.1952541 0.09365869
vn 0.9956124 0 0.09357259
vn 0.1961161 -0.9805807 0
vn 0.3846154 -0.923077 0
vn 0.556953 -0.830544 0
vn 0.7071068 -0.7071068 0
vn 0.830544 -0.556953 0
vn 0.923077 -0.3846154 0
vn 0.9805806 -0.1961161 0
vn 1 0 0
vn 0 0.9431655 0.3323234
vn 0.184951 0.924755 0.3325976
vn 0.3626557 0.8703737 0.3330621
vn 0.5250854 0.7830221 0.3334093
vn 0.666617 0.666617 0.3335321
vn 0.783022 0.5250854 0.3334093
vn 0.8703737 0.3626557 0.3330621
vn 0.9247552 0.1849511 0.3325975
vn 0 0.9473952 0.3200659
vn 0.1857818 0.9289091 0.3203325
vn 0.3642893 0.8742946 0.3207839
vn 0.5274557 0.7865568 0.3211213
vn 0.6696284 0.6696284 0.3212406
vn 0.7865568 0.5274557 0.3211213
vn 0.8742946 0.3642893 0.3207839
vn 0.9289091 0.1857819 0.3203324
vn 0 0.9542863 0.2988938
vn 0.1871354 0.9356772 0.2991464
vn 0.3669511 0.8806828 0.299574
vn 0.5313179 0.7923162 0.2998938
vn 0.6745353 0.6745353 0.3000068
vn 0.7923162 0.5313179 0.2998938
vn 0.8806828 0.3669511 0.299574
vn 0.9356772 0.1871354 0.2991463
vn 0 0.9635179 0.2676438
vn 0.1889489 0.9447443 0.2678744
vn 0.3705173 0.8892417 0.2682649
vn 0.5364927 0.800033 0.2685568
vn 0.6811101 0.6811101 0.2686601
vn 0.800033 0.5364928 0.2685568
vn 0.8892417 0.3705173 0.2682649
vn 0.9447442 0.1889489 0.2678744
vn 0 0.9744495 0.2246071
vn 0.1910963 0.9554815 0.224805
vn 0.3747409 0.8993782 0.2251402
vn 0.5426217 0.8091728 0.2253909
vn 0.6888973 0.6888973 0.2254795
vn 0.8091727 0.5426217 0.2253909
vn 0.8993782 0.3747409 0.2251402
vn 0.9554816 0.1910963 0.2248051
vn 0 0.9858717 0.1675025
vn 0.1933403 0.9667014 0.1676535
vn 0.3791548 0.9099715 0.1679095
vn 0.5490275 0.8187252 0.1681008
vn 0.6970363 0.6970363 0.1681685
vn 0.8187252 0.5490274 0.1681008
vn 0.9099715 0.3791548 0.1679095
vn 0.9667015 0.1933403 0.1676536
vn 0 0.9956124 0.09357259
vn 0.1952541 0.9762704 0.09365867
vn 0.3829195 0.9190068 0.09380449
vn 0.5544915 0.8268733 0.09391354
vn 0.703979 0.703979 0.0939521
vn 0.8268733 0.5544915 0.09391356
vn 0.9190068 0.3829195 0.09380449
vn 0.9762704 0.1952541 0.09365869
vn 0 1 0
vn 0.1961161 0.9805807 0
vn 0.3846154 0.923077 0
vn 0.556953 0.830544 0
vn 0.7071068 0.7071068 0
vn 0.830544 0.556953 0
vn 0.923077 0.3846154 0
vn 0.9805806 0.1961161 0
vn -0.924755 0.184951 0.3325976
vn -0.8703737 0.3626557 0.3330621
vn -0.7830221 0.5250854 0.3334093
vn -0.666617 0.666617 0.3335321
vn -0.5250854 0.783022 0.3334093
vn -0.3626557 0.8703737 0.3330621
vn -0.1849511 0.9247552 0.3325975
vn -0.9289091 0.1857818 0.3203325
vn -0.8742946 0.3642893 0.3207839
vn -0.7865568 0.5274557 0.3211213
vn -0.6696284 0.6696284 0.3212406
vn -0.5274557 0.7865568 0.3211213
vn -0.3642893 0.8742946 0.3207839
vn -0.1857819 0.9289091 0.3203324
vn -0.9356772 0.1871354 0.2991464
vn -0.8806828 0.3669511 0.299574
vn -0.7923162 0.5313179 0.2998938
vn -0.6745353 0.6745353 0.3000068
vn -0.5313179 0.7923162 0.2998938
vn -0.3669511 0.8806828 0.299574
vn -0.1871354 0.9356772 0.2991463
vn -0.9447443 0.1889489 0.2678744
vn -0.8892417 0.3705173 0.2682649
vn -0.800033 0.5364927 0.2685568
vn -0.6811101 0.6811101 0.2686601
vn -0.5364928 0.800033 0.2685568
vn -0.3705173 0.8892417 0.2682649
vn -0.1889489 0.9447442 0.2678744
vn -0.9554815 0.1910963 0.224805
vn -0.8993782 0.3747409 0.2251402
vn -0.8091728 0.5426217 0.2253909
vn -0.6888973 0.6888973 0.2254795
vn -0.5426217 0.8091727 0.2253909
vn -0.3747409 0.8993782 0.2251402
vn -0.1910963 0.9554816 0.2248051
vn -0.9667014 0.1933403 0.1676535
vn -0.9099715 0.3791548 0.1679095
vn -0.8187252 0.5490275 0.1681008
vn -0.6970363 0.6970363 0.1681685
vn -0.5490274 0.8187252 0.1681008
vn -0.3791548 0.9099715 0.1679095
vn -0.1933403 0.9667015 0.1676536
vn -0.9762704 0.1952541 0.09365867
vn -0.9190068 0.3829195 0.09380449
vn -0.8268733 0.5544915 0.09391354
vn -0.703979 0.703979 0.0939521
vn -0.5544915 0.8268733 0.09391356
vn -0.3829195 0.9190068 0.09380449
vn -0.1952541 0.9762704 0.09365869
vn -0.9805807 0.1961161 0
vn -0.923077 0.3846154 0
vn -0.830544 0.556953 0
vn -0.7071068 0.7071068 0
vn -0.556953 0.830544 0
vn -0.3846154 0.923077 0
vn -0.1961161 0.9805806 0
vn -0.9791011 0 -0.2033741
vn -0.9600508 -0.1920101 -0.2035549
vn -0.903692 -0.3765384 -0.2038614
vn -0.8130628 -0.5452303 -0.2040906
vn -0.6922117 -0.6922117 -0.2041716
vn -0.5452303 -0.8130627 -0.2040906
vn -0.3765384 -0.903692 -0.2038614
vn -0.1920101 -0.9600508 -0.203555
vn 0 -0.9791011 -0.2033741
vn -0.9249402 0 -0.3801124
vn -0.906857 -0.1813714 -0.380414
vn -0.8534824 -0.3556176 -0.380925
vn -0.7677953 -0.5148745 -0.3813069
vn -0.6536444 -0.6536444 -0.3814419
vn -0.5148745 -0.7677951 -0.3813068
vn -0.3556176 -0.8534824 -0.380925
vn -0.1813714 -0.906857 -0.3804141
vn 0 -0.9249402 -0.3801124
vn -0.856581 0 -0.5160127
vn -0.8397393 -0.1679479 -0.5163637
vn -0.7901636 -0.3292348 -0.5169582
vn -0.7107316 -0.4766082 -0.5174023
vn -0.6050341 -0.6050341 -0.5175593
vn -0.4766082 -0.7107316 -0.5174023
vn -0.3292348 -0.7901636 -0.5169582
vn -0.1679478 -0.8397392 -0.5163638
vn 0 -0.856581 -0.5160127
vn -0.792624 0 -0.6097108
vn -0.7769638 -0.1553928 -0.6100659
vn -0.730973 -0.3045721 -0.6106671
vn -0.6574097 -0.4408512 -0.6111159
vn -0.5596175 -0.5596175 -0.6112745
vn -0.4408512 -0.6574097 -0.6111159
vn -0.3045721 -0.730973 -0.6106671
vn -0.1553928 -0.7769638 -0.6100659
vn 0 -0.792624 -0.6097108
vn -0.7478974 0 -0.6638143
vn -0.7330741 -0.1466148 -0.6641585
vn -0.6896067 -0.2873361 -0.664741
vn -0.6201562 -0.4158695 -0.6651757
vn -0.5278905 -0.5278905 -0.6653295
vn -0.4158695 -0.6201562 -0.6651758
vn -0.2873361 -0.6896067 -0.664741
vn -0.1466148 -0.733074 -0.6641586
vn 0 -0.7478974 -0.6638143
vn -0.7399401 0 -0.6726727
vn -0.7252664 -0.1450533 -0.6730142
vn -0.6822492 -0.2842705 -0.673592
vn -0.6135313 -0.4114269 -0.6740232
vn -0.5222486 -0.5222486 -0.6741756
vn -0.4114269 -0.6135314 -0.6740232
vn -0.2842705 -0.6822492 -0.673592
vn -0.1450533 -0.7252665 -0.6730142
vn 0 -0.7399401 -0.6726727
vn -0.8108996 0 -0.5851852
vn -0.7948999 -0.15898 -0.585542
vn -0.7478819 -0.3116175 -0.5861461
vn -0.6726402 -0.4510646 -0.586597
vn -0.5725892 -0.5725892 -0.5867565
vn -0.4510646 -0.6726401 -0.586597
vn -0.3116175 -0.7478819 -0.5861461
vn -0.15898 -0.7948999 -0.5855421
vn 0 -0.8108996 -0.5851852
vn -1 0 0
vn -0.9805806 -0.1961161 0
vn -0.9230769 -0.3846154 0
vn -0.8305439 -0.556953 0
vn -0.7071068 -0.7071068 0
vn -0.556953 -0.8305439 0
vn -0.3846154 -0.9230769 0
vn -0.1961162 -0.9805807 0
vn 0 -1 0
vn 0.1920101 -0.9600508 -0.2035549
vn 0.3765384 -0.903692 -0.2038614
vn 0.5452303 -0.8130628 -0.2040906
vn 0.6922117 -0.6922117 -0.2041716
vn 0.8130627 -0.5452303 -0.2040906
vn 0.903692 -0.3765384 -0.2038614
vn 0.9600508 -0.1920101 -0.203555
vn 0.9791011 0 -0.2033741
vn 0.1813714 -0.906857 -0.380414
vn 0.3556176 -0.8534824 -0.380925
vn 0.5148745 -0.7677953 -0.3813069
vn 0.6536444 -0.6536444 -0.3814419
vn 0.7677951 -0.5148745 -0.3813068
vn 0.8534824 -0.3556176 -0.380925
vn 0.906857 -0.1813714 -0.3804141
vn 0.9249402 0 -0.3801124
vn 0.1679479 -0.8397393 -0.5163637
vn 0.3292348 -0.7901636 -0.5169582
vn 0.4766082 -0.7107316 -0.5174023
vn 0.6050341 -0.6050341 -0.5175593
vn 0.7107316 -0.4766082 -0.5174023
vn 0.7901636 -0.3292348 -0.5169582
vn 0.8397392 -0.1679478 -0.5163638
vn 0.856581 0 -0.5160127
vn 0.1553928 -0.7769638 -0.6100659
vn 0.3045721 -0.730973 -0.6106671
vn 0.4408512 -0.6574097 -0.6111159
vn 0.5596175 -0.5596175 -0.6112745
vn 0.6574097 -0.4408512 -0.6111159
vn 0.730973 -0.3045721 -0.6106671
vn 0.7769638 -0.1553928 -0.6100659
vn 0.792624 0 -0.6097108
vn 0.1466148 -0.7330741 -0.6641585
vn 0.2873361 -0.6896067 -0.664741
vn 0.4158695 -0.6201562 -0.6651757
vn 0.5278905 -0.5278905 -0.6653295
vn 0.6201562 -0.4158695 -0.6651758
vn 0.6896067 -0.2873361 -0.664741
vn 0.733074 -0.1466148 -0.6641586
vn 0.7478974 0 -0.6638143
vn 0.1450533 -0.7252664 -0.6730142
vn 0.2842705 -0.6822492 -0.673592
vn 0.4114269 -0.6135313 -0.6740232
vn 0.5222486 -0.5222486 -0.6741756
vn 0.6135314 -0.4114269 -0.6740232
vn 0.6822492 -0.2842705 -0.673592
vn 0.7252665 -0.1450533 -0.6730142
vn 0.7399401 0 -0.6726727
vn 0.15898 -0.7948999 -0.585542
vn 0.3116175 -0.7478819 -0.5861461
vn 0.4510646 -0.6726402 -0.586597
vn 0.5725892 -0.5725892 -0.5867565
vn 0.6726401 -0.4510646 -0.586597
vn 0.7478819 -0.3116175 -0.5861461
vn 0.7948999 -0.15898 -0.5855421
vn 0.8108996 0 -0.5851852
vn 0.1961161 -0.9805806 0
vn 0.3846154 -0.9230769 0
vn 0.556953 -0.8305439 0
vn 0.7071068 -0.7071068 0
vn 0.8305439 -0.556953 0
vn 0.9230769 -0.3846154 0
vn 0.9805807 -0.1961162 0
vn 1 0 0
vn 0 0.9791011 -0.2033741
vn 0.1920101 0.9600508 -0.2035549
vn 0.3765384 0.903692 -0.2038614
vn 0.5452303 0.8130628 -0.2040906
vn 0.6922117 0.6922117 -0.2041716
vn 0.8130627 0.5452303 -0.2040906
vn 0.903692 0.3765384 -0.2038614
vn 0.9600508 0.1920101 -0.203555
vn 0 0.9249402 -0.3801124
vn 0.1813714 0.906857 -0.380414
vn 0.3556176 0.8534824 -0.380925
vn 0.5148745 0.7677953 -0.3813069
vn 0.6536444 0.6536444 -0.3814419
vn 0.7677951 0.5148745 -0.3813068
vn 0.8534824 0.3556176 -0.380925
vn 0.906857 0.1813714 -0.3804141
vn 0 0.856581 -0.5160127
vn 0.1679479 0.8397393 -0.5163637
vn 0.3292348 0.7901636 -0.5169582
vn 0.4766082 0.7107316 -0.5174023
vn 0.6050341 0.6050341 -0.5175593
vn 0.7107316 0.4766082 -0.5174023
vn 0.7901636 0.3292348 -0.5169582
vn 0.8397392 0.1679478 -0.5163638
vn 0 0.792624 -0.6097108
vn 0.1553928 0.7769638 -0.6100659
vn 0.3045721 0.730973 -0.6106671
vn 0.4408512 0.6574097 -0.6111159
vn 0.5596175 0.5596175 -0.6112745
vn 0.6574097 0.4408512 -0.6111159
vn 0.730973 0.3045721 -0.6106671
vn 0.7769638 0.1553928 -0.6100659
vn 0 0.7478974 -0.6638143
vn 0.1466148 0.7330741 -0.6641585
vn 0.2873361 0.6896067 -0.664741
vn 0.4158695 0.6201562 -0.6651757
vn 0.5278905 0.5278905 -0.6653295
vn 0.6201562 0.4158695 -0.6651758
vn 0.6896067 0.2873361 -0.664741
vn 0.733074 0.1466148 -0.6641586
vn 0 0.7399401 -0.6726727
vn 0.1450533 0.7252664 -0.6730142
vn 0.2842705 0.6822492 -0.673592
vn 0.4114269 0.6135313 -0.6740232
vn 0.5222486 0.5222486 -0.6741756
vn 0.6135314 0.4114269 -0.6740232
vn 0.6822492 0.2842705 -0.673592
vn 0.7252665 0.1450533 -0.6730142
vn 0 0.8108996 -0.5851852
vn 0.15898 0.7948999 -0.585542
vn 0.3116175 0.7478819 -0.5861461
vn 0.4510646 0.6726402 -0.586597
vn 0.5725892 0.5725892 -0.5867565
vn 0.6726401 0.4510646 -0.586597
vn 0.7478819 0.3116175 -0.5861461
vn 0.7948999 0.15898 -0.5855421
vn 0 1 0
vn 0.1961161 0.9805806 0
vn 0.3846154 0.9230769 0
vn 0.556953 0.8305439 0
vn 0.7071068 0.7071068 0
vn 0.8305439 0.556953 0
vn 0.9230769 0.3846154 0
vn 0.9805807 0.1961162 0
vn -0.9600508 0.1920101 -0.2035549
vn -0.903692 0.3765384 -0.2038614
vn -0.8130628 0.5452303 -0.2040906
vn -0.6922117 0.6922117 -0.2041716
vn -0.5452303 0.8130627 -0.2040906
vn -0.3765384 0.903692 -0.2038614
vn -0.1920101 0.9600508 -0.203555
vn -0.906857 0.1813714 -0.380414
vn -0.8534824 0.3556176 -0.380925
vn -0.7677953 0.5148745 -0.3813069
vn -0.6536444 0.6536444 -0.3814419
vn -0.5148745 0.7677951 -0.3813068
vn -0.3556176 0.8534824 -0.380925
vn -0.1813714 0.906857 -0.3804141
vn -0.8397393 0.1679479 -0.5163637
vn -0.7901636 0.3292348 -0.5169582
vn -0.7107316 0.4766082 -0.5174023
vn -0.6050341 0.6050341 -0.5175593
vn -0.4766082 0.7107316 -0.5174023
vn -0.3292348 0.7901636 -0.5169582
vn -0.1679478 0.8397392 -0.5163638
vn -0.7769638 0.1553928 -0.6100659
vn -0.730973 0.3045721 -0.6106671
vn -0.6574097 0.4408512 -0.6111159
vn -0.5596175 0.5596175 -0.6112745
vn -0.4408512 0.6574097 -0.6111159
vn -0.3045721 0.730973 -0.6106671
vn -0.1553928 0.7769638 -0.6100659
vn -0.7330741 0.1466148 -0.6641585
vn -0.6896067 0.2873361 -0.664741
vn -0.6201562 0.4158695 -0.6651757
vn -0.5278905 0.5278905 -0.6653295
vn -0.4158695 0.6201562 -0.6651758
vn -0.2873361 0.6896067 -0.664741
vn -0.1466148 0.733074 -0.6641586
vn -0.7252664 0.1450533 -0.6730142
vn -0.6822492 0.2842705 -0.673592
vn -0.6135313 0.4114269 -0.6740232
vn -0.5222486 0.5222486 -0.6741756
vn -0.4114269 0.6135314 -0.6740232
vn -0.2842705 0.6822492 -0.673592
vn -0.1450533 0.7252665 -0.6730142
vn -0.7948999 0.15898 -0.585542
vn -0.7478819 0.3116175 -0.5861461
vn -0.6726402 0.4510646 -0.586597
vn -0.5725892 0.5725892 -0.5867565
vn -0.4510646 0.6726401 -0.586597
vn -0.3116175 0.7478819 -0.5861461
vn -0.15898 0.7948999 -0.5855421
vn -0.9805806 0.1961161 0
vn -0.9230769 0.3846154 0
vn -0.8305439 0.556953 0
vn -0.7071068 0.7071068 0
vn -0.556953 0.8305439 0
vn -0.3846154 0.9230769 0
vn -0.1961162 0.9805807 0

vt 0.125 1
vt 0.1396484 1
vt 0.1542969 1
vt 0.1689453 1
vt 0.1835938 1
vt 0.1982422 1
vt 0.2128906 1
vt 0.2275391 1
vt 0.2421875 1
vt 0.125 0.9580078
vt 0.1396484 0.9579368
vt 0.1542969 0.9577395
vt 0.1689453 0.9574321
vt 0.1835938 0.9570313
vt 0.1982422 0.9565669
vt 0.2128906 0.9560971
vt 0.2275391 0.9557204
vt 0.2421875 0.9555664
vt 0.125 0.920759
vt 0.1396484 0.9206129
vt 0.1542969 0.920207
vt 0.1689453 0.9195746
vt 0.1835938 0.91875
vt 0.1982422 0.9177946
vt 0.2128906 0.9168284
vt 0.2275391 0.9160535
vt 0.2421875 0.9157366
vt 0.125 0.8874163
vt 0.1396484 0.8872034
vt 0.1542969 0.8866115
vt 0.1689453 0.8856892
vt 0.1835938 0.8844866
vt 0.1982422 0.8830934
vt 0.2128906 0.8816843
vt 0.2275391 0.8805542
vt 0.2421875 0.8800921
vt 0.125 0.8571429
vt 0.1396484 0.8568833
vt 0.1542969 0.8561617
vt 0.1689453 0.8550375
vt 0.1835938 0.8535714
vt 0.1982422 0.851873
vt 0.2128906 0.8501553
vt 0.2275391 0.8487777
vt 0.2421875 0.8482143
vt 0.125 0.8291016
vt 0.1396484 0.8288279
vt 0.1542969 0.8280667
vt 0.1689453 0.826881
vt 0.1835938 0.8253348
vt 0.1982422 0.8235435
vt 0.2128906 0.8217319
vt 0.2275391 0.8202789
vt 0.2421875 0.8196847
vt 0.125 0.8024554
vt 0.1396484 0.8022121
vt 0.1542969 0.8015355
vt 0.1689453 0.8004815
vt 0.1835938 0.7991071
vt 0.1982422 0.7975149
vt 0.2128906 0.7959045
vt 0.2275391 0.794613
vt 0.2421875 0.7940848
vt 0.125 0.7763672
vt 0.1396484 0.7762111
vt 0.1542969 0.775777
vt 0.1689453 0.7751006
vt 0.1835938 0.7742187
vt 0.1982422 0.7731971
vt 0.2128906 0.7721637
vt 0.2275391 0.771335
vt 0.2421875 0.7709961
vt 0.125 0.75
vt 0.1396484 0.75
vt 0.1542969 0.75
vt 0.1689453 0.75
vt 0.1835938 0.75
vt 0.1982422 0.75
vt 0.2128906 0.75
vt 0.2275391 0.75
vt 0.2421875 0.75
vt 0.1103516 1
vt 0.09570313 1
vt 0.08105469 1
vt 0.06640625 1
vt 0.05175781 1
vt 0.03710938 1
vt 0.02246094 1
vt 0.0078125 1
vt 0.1103516 0.9579368
vt 0.09570313 0.9577395
vt 0.08105469 0.9574321
vt 0.06640625 0.9570313
vt 0.05175781 0.9565669
vt 0.03710938 0.9560971
vt 0.02246094 0.9557204
vt 0.0078125 0.9555664
vt 0.1103516 0.9206129
vt 0.09570313 0.920207
vt 0.08105469 0.9195746
vt 0.06640625 0.91875
vt 0.05175781 0.9177946
vt 0.03710938 0.9168284
vt 0.02246094 0.9160535
vt 0.0078125 0.9157366
vt 0.1103516 0.8872034
vt 0.09570313 0.8866115
vt 0.08105469 0.8856892
vt 0.06640625 0.8844866
vt 0.05175781 0.8830934
vt 0.03710938 0.8816843
vt 0.02246094 0.8805542
vt 0.0078125 0.8800921
vt 0.1103516 0.8568833
vt 0.09570313 0.8561617
vt 0.08105469 0.8550375
vt 0.06640625 0.8535714
vt 0.05175781 0.851873
vt 0.03710938 0.8501553
vt 0.02246094 0.8487777
vt 0.0078125 0.8482143
vt 0.1103516 0.8288279
vt 0.09570313 0.8280667
vt 0.08105469 0.826881
vt 0.06640625 0.8253348
vt 0.05175781 0.8235435
vt 0.03710938 0.8217319
vt 0.02246094 0.8202789
vt 0.0078125 0.8196847
vt 0.1103516 0.8022121
vt 0.09570313 0.8015355
vt 0.08105469 0.8004815
vt 0.06640625 0.7991071
vt 0.05175781 0.7975149
vt 0.03710938 0.7959045
vt 0.02246094 0.794613
vt 0.0078125 0.7940848
vt 0.1103516 0.7762111
vt 0.09570313 0.775777
vt 0.08105469 0.7751006
vt 0.06640625 0.7742187
vt 0.05175781 0.7731971
vt 0.03710938 0.7721637
vt 0.02246094 0.771335
vt 0.0078125 0.7709961
vt 0.1103516 0.75
vt 0.09570313 0.75
vt 0.08105469 0.75
vt 0.06640625 0.75
vt 0.05175781 0.75
vt 0.03710938 0.75
vt 0.02246094 0.75
vt 0.0078125 0.75
vt 0.125 0.7250979
vt 0.1396484 0.7252588
vt 0.1542969 0.725706
vt 0.1689453 0.7264001
vt 0.1835938 0.7272977
vt 0.1982422 0.7283232
vt 0.2128906 0.7293411
vt 0.2275391 0.7301419
vt 0.2421875 0.7304651
vt 0.125 0.6994448
vt 0.1396484 0.6996687
vt 0.1542969 0.7002899
vt 0.1689453 0.7012514
vt 0.1835938 0.7024906
vt 0.1982422 0.7039014
vt 0.2128906 0.7052976
vt 0.2275391 0.7063934
vt 0.2421875 0.7068352
vt 0.125 0.6728218
vt 0.1396484 0.6730368
vt 0.1542969 0.6736315
vt 0.1689453 0.6745479
vt 0.1835938 0.6757223
vt 0.1982422 0.6770519
vt 0.2128906 0.6783612
vt 0.2275391 0.6793848
vt 0.2421875 0.6797967
vt 0.125 0.6450101
vt 0.1396484 0.6451702
vt 0.1542969 0.6456107
vt 0.1689453 0.6462836
vt 0.1835938 0.6471369
vt 0.1982422 0.6480923
vt 0.2128906 0.6490237
vt 0.2275391 0.6497465
vt 0.2421875 0.6500361
vt 0.125 0.615791
vt 0.1396484 0.6158761
vt 0.1542969 0.6161073
vt 0.1689453 0.6164527
vt 0.1835938 0.6168781
vt 0.1982422 0.6173398
vt 0.2128906 0.617777
vt 0.2275391 0.6181085
vt 0.2421875 0.6182396
vt 0.125 0.5849454
vt 0.1396484 0.5849616
vt 0.1542969 0.5850012
vt 0.1689453 0.5850491
vt 0.1835938 0.5850898
vt 0.1982422 0.585112
vt 0.2128906 0.5851129
vt 0.2275391 0.5851013
vt 0.2421875 0.5850939
vt 0.125 0.5522547
vt 0.1396484 0.5522338
vt 0.1542969 0.5521722
vt 0.1689453 0.5520668
vt 0.1835938 0.5519158
vt 0.1982422 0.5517263
vt 0.2128906 0.5515233
vt 0.2275391 0.551355
vt 0.2421875 0.5512852
vt 0.125 0.5175
vt 0.1396484 0.5175
vt 0.1542969 0.5175
vt 0.1689453 0.5175
vt 0.1835938 0.5175
vt 0.1982422 0.5175
vt 0.2128906 0.5175
vt 0.2275391 0.5175
vt 0.2421875 0.5175
vt 0.1103516 0.7252588
vt 0.09570313 0.725706
vt 0.08105469 0.7264001
vt 0.06640625 0.7272977
vt 0.05175781 0.7283232
vt 0.03710938 0.7293411
vt 0.02246094 0.7301419
vt 0.0078125 0.7304651
vt 0.1103516 0.6996687
vt 0.09570313 0.7002899
vt 0.08105469 0.7012514
vt 0.06640625 0.7024906
vt 0.05175781 0.7039014
vt 0.03710938 0.7052976
vt 0.02246094 0.7063934
vt 0.0078125 0.7068352
vt 0.1103516 0.6730368
vt 0.09570313 0.6736315
vt 0.08105469 0.6745479
vt 0.06640625 0.6757223
vt 0.05175781 0.6770519
vt 0.03710938 0.6783612
vt 0.02246094 0.6793848
vt 0.0078125 0.6797967
vt 0.1103516 0.6451702
vt 0.09570313 0.6456107
vt 0.08105469 0.6462836
vt 0.06640625 0.6471369
vt 0.05175781 0.6480923
vt 0.03710938 0.6490237
vt 0.02246094 0.6497465
vt 0.0078125 0.6500361
vt 0.1103516 0.6158761
vt 0.09570313 0.6161073
vt 0.08105469 0.6164527
vt 0.06640625 0.6168781
vt 0.05175781 0.6173398
vt 0.03710938 0.617777
vt 0.02246094 0.6181085
vt 0.0078125 0.6182396
vt 0.1103516 0.5849616
vt 0.09570313 0.5850012
vt 0.08105469 0.5850491
vt 0.06640625 0.5850898
vt 0.05175781 0.585112
vt 0.03710938 0.5851129
vt 0.02246094 0.5851013
vt 0.0078125 0.5850939
vt 0.1103516 0.5522338
vt 0.09570313 0.5521722
vt 0.08105469 0.5520668
vt 0.06640625 0.5519158
vt 0.05175781 0.5517263
vt 0.03710938 0.5515233
vt 0.02246094 0.551355
vt 0.0078125 0.5512852
vt 0.1103516 0.5175
vt 0.09570313 0.5175
vt 0.08105469 0.5175
vt 0.06640625 0.5175
vt 0.05175781 0.5175
vt 0.03710938 0.5175
vt 0.02246094 0.5175
vt 0.0078125 0.5175
vt 0.75 1
vt 0.765625 1
vt 0.78125 1
vt 0.796875 1
vt 0.8125 1
vt 0.828125 1
vt 0.84375 1
vt 0.859375 1
vt 0.875 1
vt 0.75 0.9899594
vt 0.765625 0.9898133
vt 0.78125 0.989434
vt 0.796875 0.9889686
vt 0.8125 0.9885632
vt 0.828125 0.9882954
vt 0.84375 0.9881512
vt 0.859375 0.9880748
vt 0.875 0.9880413
vt 0.75 0.9804893
vt 0.765625 0.9802951
vt 0.78125 0.9797953
vt 0.796875 0.9791825
vt 0.8125 0.9786437
vt 0.828125 0.9782783
vt 0.84375 0.978073
vt 0.859375 0.9779618
vt 0.875 0.9779148
vt 0.75 0.9713995
vt 0.765625 0.971227
vt 0.78125 0.9707904
vt 0.796875 0.9702558
vt 0.8125 0.9697772
vt 0.828125 0.9694378
vt 0.84375 0.9692335
vt 0.859375 0.969119
vt 0.875 0.9690735
vt 0.75 0.9625
vt 0.765625 0.9623909
vt 0.78125 0.9621258
vt 0.796875 0.9618024
vt 0.8125 0.9614999
vt 0.828125 0.9612628
vt 0.84375 0.9611008
vt 0.859375 0.9610049
vt 0.875 0.9609703
vt 0.75 0.9536005
vt 0.765625 0.9535684
vt 0.78125 0.953508
vt 0.796875 0.9534362
vt 0.8125 0.9533475
vt 0.828125 0.9532425
vt 0.84375 0.953143
vt 0.859375 0.9530776
vt 0.875 0.9530583
vt 0.75 0.9445107
vt 0.765625 0.9445413
vt 0.78125 0.9446434
vt 0.796875 0.9447711
vt 0.8125 0.9448562
vt 0.828125 0.9448659
vt 0.84375 0.9448282
vt 0.859375 0.9447955
vt 0.875 0.9447906
vt 0.75 0.9350407
vt 0.765625 0.9350912
vt 0.78125 0.9352385
vt 0.796875 0.935421
vt 0.8125 0.9355617
vt 0.828125 0.935622
vt 0.84375 0.9356245
vt 0.859375 0.9356169
vt 0.875 0.9356202
vt 0.75 0.925
vt 0.765625 0.925
vt 0.78125 0.925
vt 0.796875 0.925
vt 0.8125 0.925
vt 0.828125 0.925
vt 0.84375 0.925
vt 0.859375 0.925
vt 0.875 0.925
vt 1 1
vt 0.984375 1
vt 0.96875 1
vt 0.953125 1
vt 0.9375 1
vt 0.921875 1
vt 0.90625 1
vt 0.890625 1
vt 1 0.9899594
vt 0.984375 0.9898133
vt 0.96875 0.989434
vt 0.953125 0.9889686
vt 0.9375 0.9885632
vt 0.921875 0.9882954
vt 0.90625 0.9881512
vt 0.890625 0.9880748
vt 1 0.9804893
vt 0.984375 0.9802951
vt 0.96875 0.9797953
vt 0.953125 0.9791825
vt 0.9375 0.9786437
vt 0.921875 0.9782783
vt 0.90625 0.978073
vt 0.890625 0.9779618
vt 1 0.9713995
vt 0.984375 0.971227
vt 0.96875 0.9707904
vt 0.953125 0.9702558
vt 0.9375 0.9697772
vt 0.921875 0.9694378
vt 0.90625 0.9692335
vt 0.890625 0.969119
vt 1 0.9625
vt 0.984375 0.9623909
vt 0.96875 0.9621258
vt 0.953125 0.9618024
vt 0.9375 0.9614999
vt 0.921875 0.9612628
vt 0.90625 0.9611008
vt 0.890625 0.9610049
vt 1 0.9536005
vt 0.984375 0.9535684
vt 0.96875 0.953508
vt 0.953125 0.9534362
vt 0.9375 0.9533475
vt 0.921875 0.9532425
vt 0.90625 0.953143
vt 0.890625 0.9530776
vt 1 0.9445107
vt 0.984375 0.9445413
vt 0.96875 0.9446434
vt 0.953125 0.9447711
vt 0.9375 0.9448562
vt 0.921875 0.9448659
vt 0.90625 0.9448282
vt 0.890625 0.9447955
vt 1 0.9350407
vt 0.984375 0.9350912
vt 0.96875 0.9352385
vt 0.953125 0.935421
vt 0.9375 0.9355617
vt 0.921875 0.935622
vt 0.90625 0.9356245
vt 0.890625 0.9356169
vt 1 0.925
vt 0.984375 0.925
vt 0.96875 0.925
vt 0.953125 0.925
vt 0.9375 0.925
vt 0.921875 0.925
vt 0.90625 0.925
vt 0.890625 0.925
vt 0.75 0.8859077
vt 0.765625 0.8858967
vt 0.78125 0.8857755
vt 0.796875 0.8855011
vt 0.8125 0.885135
vt 0.828125 0.8847607
vt 0.84375 0.8844408
vt 0.859375 0.8842179
vt 0.875 0.8841317
vt 0.75 0.8415551
vt 0.765625 0.8414145
vt 0.78125 0.8409839
vt 0.796875 0.8403336
vt 0.8125 0.8396048
vt 0.828125 0.8389249
vt 0.84375 0.8383757
vt 0.859375 0.838008
vt 0.875 0.8378703
vt 0.75 0.7928047
vt 0.765625 0.7924767
vt 0.78125 0.7916601
vt 0.796875 0.7906222
vt 0.8125 0.7895848
vt 0.828125 0.7886872
vt 0.84375 0.7879997
vt 0.859375 0.7875582
vt 0.875 0.7873985
vt 0.75 0.7405194
vt 0.765625 0.740007
vt 0.78125 0.738839
vt 0.796875 0.737492
vt 0.8125 0.7362506
vt 0.828125 0.7352424
vt 0.84375 0.7345079
vt 0.859375 0.7340562
vt 0.875 0.7338991
vt 0.75 0.6855618
vt 0.765625 0.6849291
vt 0.78125 0.6835557
vt 0.796875 0.6820678
vt 0.8125 0.6807777
vt 0.828125 0.6797847
vt 0.84375 0.6790951
vt 0.859375 0.6786897
vt 0.875 0.678555
vt 0.75 0.6287944
vt 0.765625 0.6281664
vt 0.78125 0.626845
vt 0.796875 0.6254747
vt 0.8125 0.6243414
vt 0.828125 0.6235089
vt 0.84375 0.6229564
vt 0.859375 0.6226466
vt 0.875 0.6225487
vt 0.75 0.57108
vt 0.765625 0.5706427
vt 0.78125 0.5697418
vt 0.796875 0.5688375
vt 0.8125 0.5681175
vt 0.828125 0.5676095
vt 0.84375 0.5672868
vt 0.859375 0.5671145
vt 0.875 0.5670632
vt 0.75 0.5132812
vt 0.765625 0.5132812
vt 0.78125 0.5132812
vt 0.796875 0.5132812
vt 0.8125 0.5132812
vt 0.828125 0.5132812
vt 0.84375 0.5132812
vt 0.859375 0.5132812
vt 0.875 0.5132812
vt 1 0.8859077
vt 0.984375 0.8858967
vt 0.96875 0.8857755
vt 0.953125 0.8855011
vt 0.9375 0.885135
vt 0.921875 0.8847607
vt 0.90625 0.8844408
vt 0.890625 0.8842179
vt 1 0.8415551
vt 0.984375 0.8414145
vt 0.96875 0.8409839
vt 0.953125 0.8403336
vt 0.9375 0.8396048
vt 0.921875 0.8389249
vt 0.90625 0.8383757
vt 0.890625 0.838008
vt 1 0.7928047
vt 0.984375 0.7924767
vt 0.96875 0.7916601
vt 0.953125 0.7906222
vt 0.9375 0.7895848
vt 0.921875 0.7886872
vt 0.90625 0.7879997
vt 0.890625 0.7875582
vt 1 0.7405194
vt 0.984375 0.740007
vt 0.96875 0.738839
vt 0.953125 0.737492
vt 0.9375 0.7362506
vt 0.921875 0.7352424
vt 0.90625 0.7345079
vt 0.890625 0.7340562
vt 1 0.6855618
vt 0.984375 0.6849291
vt 0.96875 0.6835557
vt 0.953125 0.6820678
vt 0.9375 0.6807777
vt 0.921875 0.6797847
vt 0.90625 0.6790951
vt 0.890625 0.6786897
vt 1 0.6287944
vt 0.984375 0.6281664
vt 0.96875 0.626845
vt 0.953125 0.6254747
vt 0.9375 0.6243414
vt 0.921875 0.6235089
vt 0.90625 0.6229564
vt 0.890625 0.6226466
vt 1 0.57108
vt 0.984375 0.5706427
vt 0.96875 0.5697418
vt 0.953125 0.5688375
vt 0.9375 0.5681175
vt 0.921875 0.5676095
vt 0.90625 0.5672868
vt 0.890625 0.5671145
vt 1 0.5132812
vt 0.984375 0.5132812
vt 0.96875 0.5132812
vt 0.953125 0.5132812
vt 0.9375 0.5132812
vt 0.921875 0.5132812
vt 0.90625 0.5132812
vt 0.890625 0.5132812
vt 0.375 0.75
vt 0.375 0.7140784
vt 0.3785046 0.7147623
vt 0.3818767 0.7167964
vt 0.3849858 0.7201103
vt 0.3877107 0.7245786
vt 0.3899449 0.7300283
vt 0.3916018 0.7362466
vt 0.3926189 0.7429908
vt 0.3929608 0.75
vt 0.375 0.6780881
vt 0.3820157 0.6794592
vt 0.3887655 0.6835345
vt 0.3949884 0.6901704
vt 0.4004423 0.6991153
vt 0.4049148 0.7100232
vt 0.4082327 0.7224691
vt 0.4102704 0.7359686
vt 0.4109559 0.75
vt 0.375 0.64301
vt 0.3854377 0.6450527
vt 0.3954787 0.6511202
vt 0.4047354 0.6609955
vt 0.4128484 0.6743032
vt 0.4195023 0.6905291
vt 0.4244399 0.7090427
vt 0.4274737 0.7291247
vt 0.428495 0.75
vt 0.375 0.6098246
vt 0.3886748 0.6125044
vt 0.4018288 0.6204593
vt 0.4139546 0.6334007
vt 0.4245822 0.6508355
vt 0.4332997 0.6720908
vt 0.4397703 0.6963425
vt 0.4437478 0.7226504
vt 0.4450877 0.75
vt 0.375 0.5795127
vt 0.3916315 0.582776
vt 0.4076281 0.5924577
vt 0.4223735 0.608201
vt 0.4352973 0.6294053
vt 0.4458995 0.6552529
vt 0.4537712 0.6847438
vt 0.458612 0.716737
vt 0.4602436 0.75
vt 0.375 0.553055
vt 0.394212 0.5568294
vt 0.4126891 0.5680209
vt 0.42972 0.5862116
vt 0.4446471 0.6107059
vt 0.4568942 0.6405602
vt 0.4659896 0.6746218
vt 0.4715853 0.711576
vt 0.4734725 0.75
vt 0.375 0.5314322
vt 0.3963208 0.5356263
vt 0.4168242 0.548055
vt 0.4357215 0.5682477
vt 0.4522848 0.5954303
vt 0.4658762 0.628557
vt 0.4759725 0.6663517
vt 0.4821869 0.7073584
vt 0.4842839 0.75
vt 0.375 0.515625
vt 0.3978621 0.5201285
vt 0.4198457 0.5334657
vt 0.4401059 0.5551243
vt 0.4578641 0.5842718
vt 0.4724379 0.6197882
vt 0.4832671 0.6603086
vt 0.4899358 0.7042757
vt 0.4921875 0.75
vt 0.3926189 0.7570092
vt 0.3916018 0.7637534
vt 0.3899449 0.7699717
vt 0.3877107 0.7754214
vt 0.3849858 0.7798897
vt 0.3818767 0.7832036
vt 0.3785046 0.7852377
vt 0.375 0.7859216
vt 0.4102704 0.7640314
vt 0.4082327 0.7775309
vt 0.4049148 0.7899768
vt 0.4004423 0.8008847
vt 0.3949884 0.8098296
vt 0.3887655 0.8164655
vt 0.3820157 0.8205408
vt 0.375 0.8219119
vt 0.4274737 0.7708753
vt 0.4244399 0.7909573
vt 0.4195023 0.8094709
vt 0.4128484 0.8256968
vt 0.4047354 0.8390045
vt 0.3954787 0.8488798
vt 0.3854377 0.8549473
vt 0.375 0.85699
vt 0.4437478 0.7773496
vt 0.4397703 0.8036575
vt 0.4332997 0.8279092
vt 0.4245822 0.8491645
vt 0.4139546 0.8665994
vt 0.4018287 0.8795407
vt 0.3886748 0.8874957
vt 0.375 0.8901754
vt 0.458612 0.783263
vt 0.4537712 0.8152562
vt 0.4458995 0.8447471
vt 0.4352973 0.8705947
vt 0.4223735 0.891799
vt 0.4076281 0.9075424
vt 0.3916315 0.917224
vt 0.375 0.9204873
vt 0.4715853 0.7884241
vt 0.4659895 0.8253782
vt 0.4568942 0.8594399
vt 0.4446471 0.8892941
vt 0.4297199 0.9137884
vt 0.4126891 0.9319791
vt 0.394212 0.9431706
vt 0.375 0.946945
vt 0.4821869 0.7926416
vt 0.4759725 0.8336483
vt 0.4658761 0.871443
vt 0.4522848 0.9045697
vt 0.4357215 0.9317523
vt 0.4168241 0.9519451
vt 0.3963208 0.9643737
vt 0.375 0.9685678
vt 0.4899358 0.7957243
vt 0.4832671 0.8396914
vt 0.4724378 0.8802118
vt 0.457864 0.9157282
vt 0.4401059 0.9448757
vt 0.4198457 0.9665343
vt 0.3978622 0.9798715
vt 0.375 0.984375
vt 0.3570392 0.75
vt 0.3573811 0.7570092
vt 0.3583982 0.7637534
vt 0.3600551 0.7699717
vt 0.3622893 0.7754214
vt 0.3650142 0.7798897
vt 0.3681233 0.7832036
vt 0.3714954 0.7852377
vt 0.3390441 0.75
vt 0.3397296 0.7640314
vt 0.3417673 0.7775309
vt 0.3450852 0.7899768
vt 0.3495577 0.8008847
vt 0.3550116 0.8098296
vt 0.3612345 0.8164655
vt 0.3679843 0.8205408
vt 0.321505 0.75
vt 0.3225263 0.7708753
vt 0.3255601 0.7909573
vt 0.3304977 0.8094709
vt 0.3371516 0.8256968
vt 0.3452646 0.8390045
vt 0.3545213 0.8488798
vt 0.3645623 0.8549473
vt 0.3049123 0.75
vt 0.3062522 0.7773496
vt 0.3102297 0.8036575
vt 0.3167003 0.8279092
vt 0.3254178 0.8491645
vt 0.3360454 0.8665994
vt 0.3481713 0.8795407
vt 0.3613252 0.8874957
vt 0.2897564 0.75
vt 0.291388 0.783263
vt 0.2962288 0.8152562
vt 0.3041005 0.8447471
vt 0.3147027 0.8705947
vt 0.3276265 0.891799
vt 0.3423719 0.9075424
vt 0.3583685 0.917224
vt 0.2765275 0.75
vt 0.2784147 0.7884241
vt 0.2840105 0.8253782
vt 0.2931058 0.8594399
vt 0.3053529 0.8892941
vt 0.3202801 0.9137884
vt 0.3373109 0.9319791
vt 0.355788 0.9431706
vt 0.2657161 0.75
vt 0.2678131 0.7926416
vt 0.2740275 0.8336483
vt 0.2841239 0.871443
vt 0.2977152 0.9045697
vt 0.3142785 0.9317523
vt 0.3331759 0.9519451
vt 0.3536792 0.9643737
vt 0.2578125 0.75
vt 0.2600642 0.7957243
vt 0.2667329 0.8396914
vt 0.2775622 0.8802118
vt 0.292136 0.9157282
vt 0.3098941 0.9448757
vt 0.3301543 0.9665343
vt 0.3521378 0.9798715
vt 0.3714954 0.7147623
vt 0.3681233 0.7167964
vt 0.3650142 0.7201103
vt 0.3622893 0.7245786
vt 0.3600551 0.7300283
vt 0.3583982 0.7362466
vt 0.3573811 0.7429908
vt 0.3679843 0.6794592
vt 0.3612345 0.6835345
vt 0.3550116 0.6901704
vt 0.3495577 0.6991153
vt 0.3450852 0.7100232
vt 0.3417673 0.7224691
vt 0.3397296 0.7359686
vt 0.3645623 0.6450527
vt 0.3545213 0.6511202
vt 0.3452646 0.6609955
vt 0.3371516 0.6743032
vt 0.3304977 0.6905291
vt 0.3255601 0.7090427
vt 0.3225263 0.7291247
vt 0.3613252 0.6125044
vt 0.3481712 0.6204593
vt 0.3360454 0.6334007
vt 0.3254178 0.6508355
vt 0.3167003 0.6720908
vt 0.3102297 0.6963425
vt 0.3062522 0.7226504
vt 0.3583685 0.582776
vt 0.3423719 0.5924577
vt 0.3276265 0.608201
vt 0.3147027 0.6294053
vt 0.3041005 0.6552529
vt 0.2962288 0.6847438
vt 0.291388 0.716737
vt 0.355788 0.5568294
vt 0.3373109 0.5680209
vt 0.32028 0.5862116
vt 0.3053529 0.6107059
vt 0.2931058 0.6405602
vt 0.2840104 0.6746218
vt 0.2784147 0.711576
vt 0.3536792 0.5356263
vt 0.3331758 0.548055
vt 0.3142785 0.5682477
vt 0.2977152 0.5954303
vt 0.2841238 0.628557
vt 0.2740275 0.6663517
vt 0.2678131 0.7073584
vt 0.3521379 0.5201285
vt 0.3301543 0.5334657
vt 0.3098941 0.5551243
vt 0.2921359 0.5842718
vt 0.2775621 0.6197882
vt 0.2667329 0.6603086
vt 0.2600642 0.7042757
vt 0.625 0.7139423
vt 0.6285173 0.7146351
vt 0.6318994 0.716687
vt 0.6350163 0.7200191
vt 0.6377483 0.7245034
vt 0.6399904 0.7299674
vt 0.6416565 0.7362013
vt 0.6426824 0.7429655
vt 0.6430289 0.75
vt 0.625 0.6949512
vt 0.6303695 0.6960109
vt 0.6355321 0.6991464
vt 0.6402897 0.7042349
vt 0.6444597 0.7110806
vt 0.6478826 0.7194207
vt 0.6504268 0.7289357
vt 0.6519946 0.7392609
vt 0.6525244 0.75
vt 0.625 0.6698761
vt 0.6328156 0.6714169
vt 0.6403304 0.6759782
vt 0.6472559 0.6833833
vt 0.6533262 0.6933476
vt 0.6583083 0.7054882
vt 0.6620109 0.7193391
vt 0.6642916 0.7343688
vt 0.665062 0.75
vt 0.625 0.6409306
vt 0.6356393 0.6430253
vt 0.6458701 0.6492302
vt 0.6552991 0.6593085
vt 0.6635635 0.6728728
vt 0.6703458 0.6894019
vt 0.6753849 0.7082598
vt 0.6784874 0.7287214
vt 0.6795347 0.75
vt 0.625 0.6103284
vt 0.6386247 0.6130082
vt 0.6517271 0.6209503
vt 0.663803 0.6338543
vt 0.6743875 0.651225
vt 0.6830729 0.6723939
vt 0.6895248 0.6965459
vt 0.6934959 0.7227507
vt 0.6948358 0.75
vt 0.625 0.5802831
vt 0.6415557 0.5835378
vt 0.6574772 0.5931862
vt 0.6721518 0.6088648
vt 0.6850138 0.6299725
vt 0.6955676 0.6556965
vt 0.7034069 0.6850456
vt 0.7082311 0.7168886
vt 0.7098584 0.75
vt 0.625 0.5530083
vt 0.6442163 0.5567863
vt 0.6626964 0.5679855
vt 0.6797292 0.586184
vt 0.6946582 0.6106837
vt 0.706908 0.6405417
vt 0.7160072 0.6746072
vt 0.7216069 0.7115674
vt 0.7234958 0.75
vt 0.625 0.5307177
vt 0.6463904 0.5349258
vt 0.6669607 0.5473962
vt 0.6859193 0.5676558
vt 0.7025363 0.5949274
vt 0.7161721 0.6281615
vt 0.7263019 0.6660788
vt 0.7325372 0.7072191
vt 0.7346411 0.75
vt 0.625 0.515625
vt 0.6478621 0.5201285
vt 0.6698457 0.5334657
vt 0.6901059 0.5551243
vt 0.707864 0.5842718
vt 0.7224379 0.6197882
vt 0.7332671 0.6603086
vt 0.7399358 0.7042757
vt 0.7421875 0.75
vt 0.6426824 0.7570345
vt 0.6416565 0.7637987
vt 0.6399904 0.7700326
vt 0.6377483 0.7754967
vt 0.6350163 0.7799809
vt 0.6318994 0.783313
vt 0.6285173 0.7853649
vt 0.625 0.7860577
vt 0.6519945 0.7607391
vt 0.6504268 0.7710643
vt 0.6478826 0.7805793
vt 0.6444597 0.7889194
vt 0.6402896 0.7957651
vt 0.6355321 0.8008537
vt 0.6303695 0.8039891
vt 0.625 0.8050488
vt 0.6642916 0.7656312
vt 0.6620109 0.7806609
vt 0.6583083 0.7945118
vt 0.6533262 0.8066524
vt 0.6472559 0.8166167
vt 0.6403304 0.8240218
vt 0.6328156 0.8285831
vt 0.625 0.8301239
vt 0.6784874 0.7712786
vt 0.6753849 0.7917402
vt 0.6703458 0.8105981
vt 0.6635635 0.8271272
vt 0.6552991 0.8406916
vt 0.6458701 0.8507698
vt 0.6356393 0.8569747
vt 0.625 0.8590694
vt 0.6934959 0.7772494
vt 0.6895248 0.8034541
vt 0.6830729 0.8276061
vt 0.6743875 0.848775
vt 0.663803 0.8661457
vt 0.651727 0.8790497
vt 0.6386247 0.8869919
vt 0.625 0.8896716
vt 0.7082311 0.7831114
vt 0.7034069 0.8149544
vt 0.6955676 0.8443035
vt 0.6850138 0.8700276
vt 0.6721517 0.8911352
vt 0.6574772 0.9068138
vt 0.6415557 0.9164622
vt 0.625 0.9197169
vt 0.7216069 0.7884326
vt 0.7160072 0.8253928
vt 0.706908 0.8594584
vt 0.6946582 0.8893163
vt 0.6797292 0.9138161
vt 0.6626964 0.9320145
vt 0.6442163 0.9432137
vt 0.625 0.9469917
vt 0.7325371 0.7927809
vt 0.7263019 0.8339213
vt 0.7161721 0.8718385
vt 0.7025363 0.9050727
vt 0.6859192 0.9323442
vt 0.6669606 0.9526039
vt 0.6463905 0.9650742
vt 0.625 0.9692823
vt 0.7399358 0.7957243
vt 0.7332671 0.8396914
vt 0.7224379 0.8802118
vt 0.707864 0.9157282
vt 0.6901059 0.9448757
vt 0.6698457 0.9665343
vt 0.6478621 0.9798715
vt 0.625 0.984375
vt 0.6069711 0.75
vt 0.6073176 0.7570345
vt 0.6083435 0.7637987
vt 0.6100096 0.7700326
vt 0.6122517 0.7754967
vt 0.6149837 0.7799809
vt 0.6181006 0.783313
vt 0.6214827 0.7853649
vt 0.5974756 0.75
vt 0.5980055 0.7607391
vt 0.5995732 0.7710643
vt 0.6021174 0.7805793
vt 0.6055403 0.7889194
vt 0.6097104 0.7957651
vt 0.6144679 0.8008537
vt 0.6196305 0.8039891
vt 0.584938 0.75
vt 0.5857084 0.7656312
vt 0.5879891 0.7806609
vt 0.5916917 0.7945118
vt 0.5966738 0.8066524
vt 0.6027441 0.8166167
vt 0.6096696 0.8240218
vt 0.6171844 0.8285831
vt 0.5704653 0.75
vt 0.5715126 0.7712786
vt 0.5746151 0.7917402
vt 0.5796542 0.8105981
vt 0.5864365 0.8271272
vt 0.5947009 0.8406916
vt 0.6041299 0.8507698
vt 0.6143607 0.8569747
vt 0.5551642 0.75
vt 0.5565041 0.7772494
vt 0.5604752 0.8034541
vt 0.5669271 0.8276061
vt 0.5756125 0.848775
vt 0.586197 0.8661457
vt 0.598273 0.8790497
vt 0.6113753 0.8869919
vt 0.5401416 0.75
vt 0.5417689 0.7831114
vt 0.5465931 0.8149544
vt 0.5544324 0.8443035
vt 0.5649862 0.8700276
vt 0.5778483 0.8911352
vt 0.5925228 0.9068138
vt 0.6084443 0.9164622
vt 0.5265042 0.75
vt 0.5283931 0.7884326
vt 0.5339928 0.8253928
vt 0.543092 0.8594584
vt 0.5553418 0.8893163
vt 0.5702708 0.9138161
vt 0.5873036 0.9320145
vt 0.6057837 0.9432137
vt 0.5153589 0.75
vt 0.5174629 0.7927809
vt 0.5236981 0.8339213
vt 0.5338279 0.8718385
vt 0.5474637 0.9050727
vt 0.5640808 0.9323442
vt 0.5830394 0.9526039
vt 0.6036095 0.9650742
vt 0.5078125 0.75
vt 0.5100642 0.7957243
vt 0.5167329 0.8396914
vt 0.5275621 0.8802118
vt 0.542136 0.9157282
vt 0.5598941 0.9448757
vt 0.5801543 0.9665343
vt 0.6021379 0.9798715
vt 0.6214827 0.7146351
vt 0.6181006 0.716687
vt 0.6149837 0.7200191
vt 0.6122517 0.7245034
vt 0.6100096 0.7299674
vt 0.6083435 0.7362013
vt 0.6073176 0.7429655
vt 0.6196305 0.6960109
vt 0.6144679 0.6991464
vt 0.6097103 0.7042349
vt 0.6055403 0.7110806
vt 0.6021174 0.7194207
vt 0.5995732 0.7289357
vt 0.5980054 0.7392609
vt 0.6171844 0.6714169
vt 0.6096696 0.6759782
vt 0.6027441 0.6833833
vt 0.5966738 0.6933476
vt 0.5916917 0.7054882
vt 0.5879891 0.7193391
vt 0.5857084 0.7343688
vt 0.6143607 0.6430253
vt 0.6041299 0.6492302
vt 0.5947009 0.6593085
vt 0.5864365 0.6728728
vt 0.5796542 0.6894019
vt 0.5746151 0.7082598
vt 0.5715126 0.7287214
vt 0.6113753 0.6130082
vt 0.5982729 0.6209503
vt 0.586197 0.6338543
vt 0.5756125 0.651225
vt 0.5669271 0.6723939
vt 0.5604752 0.6965459
vt 0.5565041 0.7227507
vt 0.6084443 0.5835378
vt 0.5925228 0.5931862
vt 0.5778482 0.6088648
vt 0.5649862 0.6299725
vt 0.5544324 0.6556965
vt 0.5465931 0.6850456
vt 0.5417689 0.7168886
vt 0.6057837 0.5567863
vt 0.5873036 0.5679855
vt 0.5702708 0.586184
vt 0.5553418 0.6106837
vt 0.543092 0.6405417
vt 0.5339928 0.6746072
vt 0.5283931 0.7115674
vt 0.6036096 0.5349258
vt 0.5830393 0.5473962
vt 0.5640807 0.5676558
vt 0.5474637 0.5949274
vt 0.5338279 0.6281615
vt 0.5236981 0.6660788
vt 0.5174628 0.7072191
vt 0.6021379 0.5201285
vt 0.5801543 0.5334657
vt 0.5598941 0.5551243
vt 0.542136 0.5842718
vt 0.5275621 0.6197882
vt 0.5167329 0.6603086
vt 0.5100642 0.7042757
vt 0 0.5
vt 0.03125 0.5
vt 0.0625 0.5
vt 0.09375 0.5
vt 0.125 0.5
vt 0.15625 0.5
vt 0.1875 0.5
vt 0.21875 0.5
vt 0.25 0.5
vt 0 0.494123
vt 0.03125 0.4941238
vt 0.0625 0.494125
vt 0.09375 0.4941259
vt 0.125 0.4941262
vt 0.15625 0.4941259
vt 0.1875 0.494125
vt 0.21875 0.4941238
vt 0.25 0.494123
vt 0 0.4887835
vt 0.03125 0.4887843
vt 0.0625 0.4887857
vt 0.09375 0.4887867
vt 0.125 0.4887871
vt 0.15625 0.4887867
vt 0.1875 0.4887857
vt 0.21875 0.4887843
vt 0.25 0.4887835
vt 0 0.4838022
vt 0.03125 0.4838027
vt 0.0625 0.4838036
vt 0.09375 0.4838042
vt 0.125 0.4838044
vt 0.15625 0.4838042
vt 0.1875 0.4838036
vt 0.21875 0.4838027
vt 0.25 0.4838022
vt 0 0.479
vt 0.03125 0.479
vt 0.0625 0.479
vt 0.09375 0.479
vt 0.125 0.479
vt 0.15625 0.479
vt 0.1875 0.479
vt 0.21875 0.479
vt 0.25 0.479
vt 0 0.4741978
vt 0.03125 0.4741973
vt 0.0625 0.4741964
vt 0.09375 0.4741958
vt 0.125 0.4741956
vt 0.15625 0.4741958
vt 0.1875 0.4741964
vt 0.21875 0.4741973
vt 0.25 0.4741978
vt 0 0.4692165
vt 0.03125 0.4692157
vt 0.0625 0.4692143
vt 0.09375 0.4692133
vt 0.125 0.4692129
vt 0.15625 0.4692133
vt 0.1875 0.4692143
vt 0.21875 0.4692157
vt 0.25 0.4692165
vt 0 0.463877
vt 0.03125 0.4638762
vt 0.0625 0.463875
vt 0.09375 0.4638741
vt 0.125 0.4638738
vt 0.15625 0.4638741
vt 0.1875 0.463875
vt 0.21875 0.4638762
vt 0.25 0.463877
vt 0 0.458
vt 0.03125 0.458
vt 0.0625 0.458
vt 0.09375 0.458
vt 0.125 0.458
vt 0.15625 0.458
vt 0.1875 0.458
vt 0.21875 0.458
vt 0.25 0.458
vt 0.28125 0.5
vt 0.3125 0.5
vt 0.34375 0.5
vt 0.375 0.5
vt 0.40625 0.5
vt 0.4375 0.5
vt 0.46875 0.5
vt 0.5 0.5
vt 0.28125 0.4941238
vt 0.3125 0.494125
vt 0.34375 0.4941259
vt 0.375 0.4941262
vt 0.40625 0.4941259
vt 0.4375 0.494125
vt 0.46875 0.4941238
vt 0.5 0.494123
vt 0.28125 0.4887843
vt 0.3125 0.4887857
vt 0.34375 0.4887867
vt 0.375 0.4887871
vt 0.40625 0.4887867
vt 0.4375 0.4887857
vt 0.46875 0.4887843
vt 0.5 0.4887835
vt 0.28125 0.4838027
vt 0.3125 0.4838036
vt 0.34375 0.4838042
vt 0.375 0.4838044
vt 0.40625 0.4838042
vt 0.4375 0.4838036
vt 0.46875 0.4838027
vt 0.5 0.4838022
vt 0.28125 0.479
vt 0.3125 0.479
vt 0.34375 0.479
vt 0.375 0.479
vt 0.40625 0.479
vt 0.4375 0.479
vt 0.46875 0.479
vt 0.5 0.479
vt 0.28125 0.4741973
vt 0.3125 0.4741964
vt 0.34375 0.4741958
vt 0.375 0.4741956
vt 0.40625 0.4741958
vt 0.4375 0.4741964
vt 0.46875 0.4741973
vt 0.5 0.4741978
vt 0.28125 0.4692157
vt 0.3125 0.4692143
vt 0.34375 0.4692133
vt 0.375 0.4692129
vt 0.40625 0.4692133
vt 0.4375 0.4692143
vt 0.46875 0.4692157
vt 0.5 0.4692165
vt 0.28125 0.4638762
vt 0.3125 0.463875
vt 0.34375 0.4638741
vt 0.375 0.4638738
vt 0.40625 0.4638741
vt 0.4375 0.463875
vt 0.46875 0.4638762
vt 0.5 0.463877
vt 0.28125 0.458
vt 0.3125 0.458
vt 0.34375 0.458
vt 0.375 0.458
vt 0.40625 0.458
vt 0.4375 0.458
vt 0.46875 0.458
vt 0.5 0.458
vt 0.75 0.5
vt 0.71875 0.5
vt 0.6875 0.5
vt 0.65625 0.5
vt 0.625 0.5
vt 0.59375 0.5
vt 0.5625 0.5
vt 0.53125 0.5
vt 0.75 0.494123
vt 0.71875 0.4941238
vt 0.6875 0.494125
vt 0.65625 0.4941259
vt 0.625 0.4941262
vt 0.59375 0.4941259
vt 0.5625 0.494125
vt 0.53125 0.4941238
vt 0.75 0.4887835
vt 0.71875 0.4887843
vt 0.6875 0.4887857
vt 0.65625 0.4887867
vt 0.625 0.4887871
vt 0.59375 0.4887867
vt 0.5625 0.4887857
vt 0.53125 0.4887843
vt 0.75 0.4838022
vt 0.71875 0.4838027
vt 0.6875 0.4838036
vt 0.65625 0.4838042
vt 0.625 0.4838044
vt 0.59375 0.4838042
vt 0.5625 0.4838036
vt 0.53125 0.4838027
vt 0.75 0.479
vt 0.71875 0.479
vt 0.6875 0.479
vt 0.65625 0.479
vt 0.625 0.479
vt 0.59375 0.479
vt 0.5625 0.479
vt 0.53125 0.479
vt 0.75 0.4741978
vt 0.71875 0.4741973
vt 0.6875 0.4741964
vt 0.65625 0.4741958
vt 0.625 0.4741956
vt 0.59375 0.4741958
vt 0.5625 0.4741964
vt 0.53125 0.4741973
vt 0.75 0.4692165
vt 0.71875 0.4692157
vt 0.6875 0.4692143
vt 0.65625 0.4692133
vt 0.625 0.4692129
vt 0.59375 0.4692133
vt 0.5625 0.4692143
vt 0.53125 0.4692157
vt 0.75 0.463877
vt 0.71875 0.4638762
vt 0.6875 0.463875
vt 0.65625 0.4638741
vt 0.625 0.4638738
vt 0.59375 0.4638741
vt 0.5625 0.463875
vt 0.53125 0.4638762
vt 0.75 0.458
vt 0.71875 0.458
vt 0.6875 0.458
vt 0.65625 0.458
vt 0.625 0.458
vt 0.59375 0.458
vt 0.5625 0.458
vt 0.53125 0.458
vt 1 0.5
vt 0.96875 0.5
vt 0.9375 0.5
vt 0.90625 0.5
vt 0.875 0.5
vt 0.84375 0.5
vt 0.8125 0.5
vt 0.78125 0.5
vt 1 0.494123
vt 0.96875 0.4941238
vt 0.9375 0.494125
vt 0.90625 0.4941259
vt 0.875 0.4941262
vt 0.84375 0.4941259
vt 0.8125 0.494125
vt 0.78125 0.4941238
vt 1 0.4887835
vt 0.96875 0.4887843
vt 0.9375 0.4887857
vt 0.90625 0.4887867
vt 0.875 0.4887871
vt 0.84375 0.4887867
vt 0.8125 0.4887857
vt 0.78125 0.4887843
vt 1 0.4838022
vt 0.96875 0.4838027
vt 0.9375 0.4838036
vt 0.90625 0.4838042
vt 0.875 0.4838044
vt 0.84375 0.4838042
vt 0.8125 0.4838036
vt 0.78125 0.4838027
vt 1 0.479
vt 0.96875 0.479
vt 0.9375 0.479
vt 0.90625 0.479
vt 0.875 0.479
vt 0.84375 0.479
vt 0.8125 0.479
vt 0.78125 0.479
vt 1 0.4741978
vt 0.96875 0.4741973
vt 0.9375 0.4741964
vt 0.90625 0.4741958
vt 0.875 0.4741956
vt 0.84375 0.4741958
vt 0.8125 0.4741964
vt 0.78125 0.4741973
vt 1 0.4692165
vt 0.96875 0.4692157
vt 0.9375 0.4692143
vt 0.90625 0.4692133
vt 0.875 0.4692129
vt 0.84375 0.4692133
vt 0.8125 0.4692143
vt 0.78125 0.4692157
vt 1 0.463877
vt 0.96875 0.4638762
vt 0.9375 0.463875
vt 0.90625 0.4638741
vt 0.875 0.4638738
vt 0.84375 0.4638741
vt 0.8125 0.463875
vt 0.78125 0.4638762
vt 1 0.458
vt 0.96875 0.458
vt 0.9375 0.458
vt 0.90625 0.458
vt 0.875 0.458
vt 0.84375 0.458
vt 0.8125 0.458
vt 0.78125 0.458
vt 0 0.4327778
vt 0.03125 0.432777
vt 0.0625 0.4327758
vt 0.09375 0.4327748
vt 0.125 0.4327745
vt 0.15625 0.4327748
vt 0.1875 0.4327758
vt 0.21875 0.432777
vt 0.25 0.4327778
vt 0 0.4077078
vt 0.03125 0.4077063
vt 0.0625 0.4077039
vt 0.09375 0.4077021
vt 0.125 0.4077015
vt 0.15625 0.4077021
vt 0.1875 0.4077039
vt 0.21875 0.4077063
vt 0.25 0.4077078
vt 0 0.382942
vt 0.03125 0.3829399
vt 0.0625 0.3829366
vt 0.09375 0.3829342
vt 0.125 0.3829333
vt 0.15625 0.3829342
vt 0.1875 0.3829366
vt 0.21875 0.3829399
vt 0.25 0.382942
vt 0 0.3586324
vt 0.03125 0.3586301
vt 0.0625 0.3586262
vt 0.09375 0.3586234
vt 0.125 0.3586224
vt 0.15625 0.3586234
vt 0.1875 0.3586262
vt 0.21875 0.3586301
vt 0.25 0.3586324
vt 0 0.3349314
vt 0.03125 0.334929
vt 0.0625 0.3349251
vt 0.09375 0.3349222
vt 0.125 0.3349211
vt 0.15625 0.3349222
vt 0.1875 0.3349251
vt 0.21875 0.334929
vt 0.25 0.3349314
vt 0 0.3119909
vt 0.03125 0.3119888
vt 0.0625 0.3119854
vt 0.09375 0.3119829
vt 0.125 0.311982
vt 0.15625 0.3119829
vt 0.1875 0.3119854
vt 0.21875 0.3119888
vt 0.25 0.3119909
vt 0 0.2899631
vt 0.03125 0.2899618
vt 0.0625 0.2899597
vt 0.09375 0.2899581
vt 0.125 0.2899575
vt 0.15625 0.2899581
vt 0.1875 0.2899597
vt 0.21875 0.2899618
vt 0.25 0.2899631
vt 0 0.269
vt 0.03125 0.269
vt 0.0625 0.269
vt 0.09375 0.269
vt 0.125 0.269
vt 0.15625 0.269
vt 0.1875 0.269
vt 0.21875 0.269
vt 0.25 0.269
vt 0.28125 0.432777
vt 0.3125 0.4327758
vt 0.34375 0.4327748
vt 0.375 0.4327745
vt 0.40625 0.4327748
vt 0.4375 0.4327758
vt 0.46875 0.432777
vt 0.5 0.4327778
vt 0.28125 0.4077063
vt 0.3125 0.4077039
vt 0.34375 0.4077021
vt 0.375 0.4077015
vt 0.40625 0.4077021
vt 0.4375 0.4077039
vt 0.46875 0.4077063
vt 0.5 0.4077078
vt 0.28125 0.3829399
vt 0.3125 0.3829366
vt 0.34375 0.3829342
vt 0.375 0.3829333
vt 0.40625 0.3829342
vt 0.4375 0.3829366
vt 0.46875 0.3829399
vt 0.5 0.382942
vt 0.28125 0.3586301
vt 0.3125 0.3586262
vt 0.34375 0.3586234
vt 0.375 0.3586224
vt 0.40625 0.3586234
vt 0.4375 0.3586262
vt 0.46875 0.3586301
vt 0.5 0.3586324
vt 0.28125 0.334929
vt 0.3125 0.3349251
vt 0.34375 0.3349222
vt 0.375 0.3349211
vt 0.40625 0.3349222
vt 0.4375 0.3349251
vt 0.46875 0.334929
vt 0.5 0.3349314
vt 0.28125 0.3119888
vt 0.3125 0.3119854
vt 0.34375 0.3119829
vt 0.375 0.311982
vt 0.40625 0.3119829
vt 0.4375 0.3119854
vt 0.46875 0.3119888
vt 0.5 0.3119909
vt 0.28125 0.2899618
vt 0.3125 0.2899597
vt 0.34375 0.2899581
vt 0.375 0.2899575
vt 0.40625 0.2899581
vt 0.4375 0.2899597
vt 0.46875 0.2899618
vt 0.5 0.2899631
vt 0.28125 0.269
vt 0.3125 0.269
vt 0.34375 0.269
vt 0.375 0.269
vt 0.40625 0.269
vt 0.4375 0.269
vt 0.46875 0.269
vt 0.5 0.269
vt 0.75 0.4327778
vt 0.71875 0.432777
vt 0.6875 0.4327758
vt 0.65625 0.4327748
vt 0.625 0.4327745
vt 0.59375 0.4327748
vt 0.5625 0.4327758
vt 0.53125 0.432777
vt 0.75 0.4077078
vt 0.71875 0.4077063
vt 0.6875 0.4077039
vt 0.65625 0.4077021
vt 0.625 0.4077015
vt 0.59375 0.4077021
vt 0.5625 0.4077039
vt 0.53125 0.4077063
vt 0.75 0.382942
vt 0.71875 0.3829399
vt 0.6875 0.3829366
vt 0.65625 0.3829342
vt 0.625 0.3829333
vt 0.59375 0.3829342
vt 0.5625 0.3829366
vt 0.53125 0.3829399
vt 0.75 0.3586324
vt 0.71875 0.3586301
vt 0.6875 0.3586262
vt 0.65625 0.3586234
vt 0.625 0.3586224
vt 0.59375 0.3586234
vt 0.5625 0.3586262
vt 0.53125 0.3586301
vt 0.75 0.3349314
vt 0.71875 0.334929
vt 0.6875 0.3349251
vt 0.65625 0.3349222
vt 0.625 0.3349211
vt 0.59375 0.3349222
vt 0.5625 0.3349251
vt 0.53125 0.334929
vt 0.75 0.3119909
vt 0.71875 0.3119888
vt 0.6875 0.3119854
vt 0.65625 0.3119829
vt 0.625 0.311982
vt 0.59375 0.3119829
vt 0.5625 0.3119854
vt 0.53125 0.3119888
vt 0.75 0.2899631
vt 0.71875 0.2899618
vt 0.6875 0.2899597
vt 0.65625 0.2899581
vt 0.625 0.2899575
vt 0.59375 0.2899581
vt 0.5625 0.2899597
vt 0.53125 0.2899618
vt 0.75 0.269
vt 0.71875 0.269
vt 0.6875 0.269
vt 0.65625 0.269
vt 0.625 0.269
vt 0.59375 0.269
vt 0.5625 0.269
vt 0.53125 0.269
vt 1 0.4327778
vt 0.96875 0.432777
vt 0.9375 0.4327758
vt 0.90625 0.4327748
vt 0.875 0.4327745
vt 0.84375 0.4327748
vt 0.8125 0.4327758
vt 0.78125 0.432777
vt 1 0.4077078
vt 0.96875 0.4077063
vt 0.9375 0.4077039
vt 0.90625 0.4077021
vt 0.875 0.4077015
vt 0.84375 0.4077021
vt 0.8125 0.4077039
vt 0.78125 0.4077063
vt 1 0.382942
vt 0.96875 0.3829399
vt 0.9375 0.3829366
vt 0.90625 0.3829342
vt 0.875 0.3829333
vt 0.84375 0.3829342
vt 0.8125 0.3829366
vt 0.78125 0.3829399
vt 1 0.3586324
vt 0.96875 0.3586301
vt 0.9375 0.3586262
vt 0.90625 0.3586234
vt 0.875 0.3586224
vt 0.84375 0.3586234
vt 0.8125 0.3586262
vt 0.78125 0.3586301
vt 1 0.3349314
vt 0.96875 0.334929
vt 0.9375 0.3349251
vt 0.90625 0.3349222
vt 0.875 0.3349211
vt 0.84375 0.3349222
vt 0.8125 0.3349251
vt 0.78125 0.334929
vt 1 0.3119909
vt 0.96875 0.3119888
vt 0.9375 0.3119854
vt 0.90625 0.3119829
vt 0.875 0.311982
vt 0.84375 0.3119829
vt 0.8125 0.3119854
vt 0.78125 0.3119888
vt 1 0.2899631
vt 0.96875 0.2899618
vt 0.9375 0.2899597
vt 0.90625 0.2899581
vt 0.875 0.2899575
vt 0.84375 0.2899581
vt 0.8125 0.2899597
vt 0.78125 0.2899618
vt 1 0.269
vt 0.96875 0.269
vt 0.9375 0.269
vt 0.90625 0.269
vt 0.875 0.269
vt 0.84375 0.269
vt 0.8125 0.269
vt 0.78125 0.269
vt 0 0.2482904
vt 0.03125 0.2482954
vt 0.0625 0.2483036
vt 0.09375 0.2483096
vt 0.125 0.2483117
vt 0.15625 0.2483096
vt 0.1875 0.2483036
vt 0.21875 0.2482954
vt 0.25 0.2482904
vt 0 0.2282345
vt 0.03125 0.2282416
vt 0.0625 0.2282532
vt 0.09375 0.2282618
vt 0.125 0.2282648
vt 0.15625 0.2282618
vt 0.1875 0.2282532
vt 0.21875 0.2282416
vt 0.25 0.2282345
vt 0 0.209339
vt 0.03125 0.209346
vt 0.0625 0.2093575
vt 0.09375 0.209366
vt 0.125 0.209369
vt 0.15625 0.209366
vt 0.1875 0.2093575
vt 0.21875 0.209346
vt 0.25 0.209339
vt 0 0.1921104
vt 0.03125 0.192116
vt 0.0625 0.1921251
vt 0.09375 0.1921318
vt 0.125 0.1921341
vt 0.15625 0.1921318
vt 0.1875 0.1921251
vt 0.21875 0.192116
vt 0.25 0.1921104
vt 0 0.1770555
vt 0.03125 0.1770589
vt 0.0625 0.1770645
vt 0.09375 0.1770686
vt 0.125 0.17707
vt 0.15625 0.1770686
vt 0.1875 0.1770645
vt 0.21875 0.1770589
vt 0.25 0.1770555
vt 0 0.1646811
vt 0.03125 0.1646823
vt 0.0625 0.1646844
vt 0.09375 0.1646859
vt 0.125 0.1646864
vt 0.15625 0.1646859
vt 0.1875 0.1646844
vt 0.21875 0.1646823
vt 0.25 0.1646811
vt 0 0.1554937
vt 0.03125 0.1554936
vt 0.0625 0.1554933
vt 0.09375 0.1554932
vt 0.125 0.1554931
vt 0.15625 0.1554932
vt 0.1875 0.1554933
vt 0.21875 0.1554936
vt 0.25 0.1554937
vt 0 0.15
vt 0.03125 0.15
vt 0.0625 0.15
vt 0.09375 0.15
vt 0.125 0.15
vt 0.15625 0.15
vt 0.1875 0.15
vt 0.21875 0.15
vt 0.25 0.15
vt 0.28125 0.2482954
vt 0.3125 0.2483036
vt 0.34375 0.2483096
vt 0.375 0.2483117
vt 0.40625 0.2483096
vt 0.4375 0.2483036
vt 0.46875 0.2482954
vt 0.5 0.2482904
vt 0.28125 0.2282416
vt 0.3125 0.2282532
vt 0.34375 0.2282618
vt 0.375 0.2282648
vt 0.40625 0.2282618
vt 0.4375 0.2282532
vt 0.46875 0.2282416
vt 0.5 0.2282345
vt 0.28125 0.209346
vt 0.3125 0.2093575
vt 0.34375 0.209366
vt 0.375 0.209369
vt 0.40625 0.209366
vt 0.4375 0.2093575
vt 0.46875 0.209346
vt 0.5 0.209339
vt 0.28125 0.192116
vt 0.3125 0.1921251
vt 0.34375 0.1921318
vt 0.375 0.1921341
vt 0.40625 0.1921318
vt 0.4375 0.1921251
vt 0.46875 0.192116
vt 0.5 0.1921104
vt 0.28125 0.1770589
vt 0.3125 0.1770645
vt 0.34375 0.1770686
vt 0.375 0.17707
vt 0.40625 0.1770686
vt 0.4375 0.1770645
vt 0.46875 0.1770589
vt 0.5 0.1770555
vt 0.28125 0.1646823
vt 0.3125 0.1646844
vt 0.34375 0.1646859
vt 0.375 0.1646864
vt 0.40625 0.1646859
vt 0.4375 0.1646844
vt 0.46875 0.1646823
vt 0.5 0.1646811
vt 0.28125 0.1554936
vt 0.3125 0.1554933
vt 0.34375 0.1554932
vt 0.375 0.1554931
vt 0.40625 0.1554932
vt 0.4375 0.1554933
vt 0.46875 0.1554936
vt 0.5 0.1554937
vt 0.28125 0.15
vt 0.3125 0.15
vt 0.34375 0.15
vt 0.375 0.15
vt 0.40625 0.15
vt 0.4375 0.15
vt 0.46875 0.15
vt 0.5 0.15
vt 0.75 0.2482904
vt 0.71875 0.2482954
vt 0.6875 0.2483036
vt 0.65625 0.2483096
vt 0.625 0.2483117
vt 0.59375 0.2483096
vt 0.5625 0.2483036
vt 0.53125 0.2482954
vt 0.75 0.2282345
vt 0.71875 0.2282416
vt 0.6875 0.2282532
vt 0.65625 0.2282618
vt 0.625 0.2282648
vt 0.59375 0.2282618
vt 0.5625 0.2282532
vt 0.53125 0.2282416
vt 0.75 0.209339
vt 0.71875 0.209346
vt 0.6875 0.2093575
vt 0.65625 0.209366
vt 0.625 0.209369
vt 0.59375 0.209366
vt 0.5625 0.2093575
vt 0.53125 0.209346
vt 0.75 0.1921104
vt 0.71875 0.192116
vt 0.6875 0.1921251
vt 0.65625 0.1921318
vt 0.625 0.1921341
vt 0.59375 0.1921318
vt 0.5625 0.1921251
vt 0.53125 0.192116
vt 0.75 0.1770555
vt 0.71875 0.1770589
vt 0.6875 0.1770645
vt 0.65625 0.1770686
vt 0.625 0.17707
vt 0.59375 0.1770686
vt 0.5625 0.1770645
vt 0.53125 0.1770589
vt 0.75 0.1646811
vt 0.71875 0.1646823
vt 0.6875 0.1646844
vt 0.65625 0.1646859
vt 0.625 0.1646864
vt 0.59375 0.1646859
vt 0.5625 0.1646844
vt 0.53125 0.1646823
vt 0.75 0.1554937
vt 0.71875 0.1554936
vt 0.6875 0.1554933
vt 0.65625 0.1554932
vt 0.625 0.1554931
vt 0.59375 0.1554932
vt 0.5625 0.1554933
vt 0.53125 0.1554936
vt 0.75 0.15
vt 0.71875 0.15
vt 0.6875 0.15
vt 0.65625 0.15
vt 0.625 0.15
vt 0.59375 0.15
vt 0.5625 0.15
vt 0.53125 0.15
vt 1 0.2482904
vt 0.96875 0.2482954
vt 0.9375 0.2483036
vt 0.90625 0.2483096
vt 0.875 0.2483117
vt 0.84375 0.2483096
vt 0.8125 0.2483036
vt 0.78125 0.2482954
vt 1 0.2282345
vt 0.96875 0.2282416
vt 0.9375 0.2282532
vt 0.90625 0.2282618
vt 0.875 0.2282648
vt 0.84375 0.2282618
vt 0.8125 0.2282532
vt 0.78125 0.2282416
vt 1 0.209339
vt 0.96875 0.209346
vt 0.9375 0.2093575
vt 0.90625 0.209366
vt 0.875 0.209369
vt 0.84375 0.209366
vt 0.8125 0.2093575
vt 0.78125 0.209346
vt 1 0.1921104
vt 0.96875 0.192116
vt 0.9375 0.1921251
vt 0.90625 0.1921318
vt 0.875 0.1921341
vt 0.84375 0.1921318
vt 0.8125 0.1921251
vt 0.78125 0.192116
vt 1 0.1770555
vt 0.96875 0.1770589
vt 0.9375 0.1770645
vt 0.90625 0.1770686
vt 0.875 0.17707
vt 0.84375 0.1770686
vt 0.8125 0.1770645
vt 0.78125 0.1770589
vt 1 0.1646811
vt 0.96875 0.1646823
vt 0.9375 0.1646844
vt 0.90625 0.1646859
vt 0.875 0.1646864
vt 0.84375 0.1646859
vt 0.8125 0.1646844
vt 0.78125 0.1646823
vt 1 0.1554937
vt 0.96875 0.1554936
vt 0.9375 0.1554933
vt 0.90625 0.1554932
vt 0.875 0.1554931
vt 0.84375 0.1554932
vt 0.8125 0.1554933
vt 0.78125 0.1554936
vt 1 0.15
vt 0.96875 0.15
vt 0.9375 0.15
vt 0.90625 0.15
vt 0.875 0.15
vt 0.84375 0.15
vt 0.8125 0.15
vt 0.78125 0.15

f 2/2/2 1/1/1 10/10/10 11/11/11
f 3/3/3 2/2/2 11/11/11 12/12/12
f 4/4/4 3/3/3 12/12/12 13/13/13
f 5/5/5 4/4/4 13/13/13 14/14/14
f 6/6/6 5/5/5 14/14/14 15/15/15
f 7/7/7 6/6/6 15/15/15 16/16/16
f 8/8/8 7/7/7 16/16/16 17/17/17
f 9/9/9 8/8/8 17/17/17 18/18/18
f 11/11/11 10/10/10 19/19/19 20/20/20
f 12/12/12 11/11/11 20/20/20 21/21/21
f 13/13/13 12/12/12 21/21/21 22/22/22
f 14/14/14 13/13/13 22/22/22 23/23/23
f 15/15/15 14/14/14 23/23/23 24/24/24
f 16/16/16 15/15/15 24/24/24 25/25/25
f 17/17/17 16/16/16 25/25/25 26/26/26
f 18/18/18 17/17/17 26/26/26 27/27/27
f 20/20/20 19/19/19 28/28/28 29/29/29
f 21/21/21 20/20/20 29/29/29 30/30/30
f 22/22/22 21/21/21 30/30/30 31/31/31
f 23/23/23 22/22/22 31/31/31 32/32/32
f 24/24/24 23/23/23 32/32/32 33/33/33
f 25/25/25 24/24/24 33/33/33 34/34/34
f 26/26/26 25/25/25 34/34/34 35/35/35
f 27/27/27 26/26/26 35/35/35 36/36/36
f 29/29/29 28/28/28 37/37/37 38/38/38
f 30/30/30 29/29/29 38/38/38 39/39/39
f 31/31/31 30/30/30 39/39/39 40/40/40
f 32/32/32 31/31/31 40/40/40 41/41/41
f 33/33/33 32/32/32 41/41/41 42/42/42
f 34/34/34 33/33/33 42/42/42 43/43/43
f 35/35/35 34/34/34 43/43/43 44/44/44
f 36/36/36 35/35/35 44/44/44 45/45/45
f 38/38/38 37/37/37 46/46/46 47/47/47
f 39/39/39 38/38/38 47/47/47 48/48/48
f 40/40/40 39/39/39 48/48/48 49/49/49
f 41/41/41 40/40/40 49/49/49 50/50/50
f 42/42/42 41/41/41 50/50/50 51/51/51
f 43/43/43 42/42/42 51/51/51 52/52/52
f 44/44/44 43/43/43 52/52/52 53/53/53
f 45/45/45 44/44/44 53/53/53 54/54/54
f 47/47/47 46/46/46 55/55/55 56/56/56
f 48/48/48 47/47/47 56/56/56 57/57/57
f 49/49/49 48/48/48 57/57/57 58/58/58
f 50/50/50 49/49/49 58/58/58 59/59/59
f 51/51/51 50/50/50 59/59/59 60/60/60
f 52/52/52 51/51/51 60/60/60 61/61/61
f 53/53/53 52/52/52 61/61/61 62/62/62
f 54/54/54 53/53/53 62/62/62 63/63/63
f 56/56/56 55/55/55 64/64/64 65/65/65
f 57/57/57 56/56/56 65/65/65 66/66/66
f 58/58/58 57/57/57 66/66/66 67/67/67
f 59/59/59 58/58/58 67/67/67 68/68/68
f 60/60/60 59/59/59 68/68/68 69/69/69
f 61/61/61 60/60/60 69/69/69 70/70/70
f 62/62/62 61/61/61 70/70/70 71/71/71
f 63/63/63 62/62/62 71/71/71 72/72/72
f 65/65/65 64/64/64 73/73/73 74/74/74
f 66/66/66 65/65/65 74/74/74 75/75/75
f 67/67/67 66/66/66 75/75/75 76/76/76
f 68/68/68 67/67/67 76/76/76 77/77/77
f 69/69/69 68/68/68 77/77/77 78/78/78
f 70/70/70 69/69/69 78/78/78 79/79/79
f 71/71/71 70/70/70 79/79/79 80/80/80
f 72/72/72 71/71/71 80/80/80 81/81/81
f 10/10/10 1/1/1 82/82/82 89/90/89
f 89/90/89 82/82/82 83/83/83 90/91/90
f 90/91/90 83/83/83 84/84/84 91/92/91
f 91/92/91 84/84/84 85/85/85 92/93/92
f 92/93/92 85/85/85 86/86/86 93/94/93
f 93/94/93 86/86/86 87/87/87 94/95/94
f 94/95/94 87/87/87 88/88/88 95/96/95
f 95/96/95 88/88/88 9/89/9 18/97/18
f 19/19/19 10/10/10 89/90/89 96/98/96
f 96/98/96 89/90/89 90/91/90 97/99/97
f 97/99/97 90/91/90 91/92/91 98/100/98
f 98/100/98 91/92/91 92/93/92 99/101/99
f 99/101/99 92/93/92 93/94/93 100/102/100
f 100/102/100 93/94/93 94/95/94 101/103/101
f 101/103/101 94/95/94 95/96/95 102/104/102
f 102/104/102 95/96/95 18/97/18 27/105/27
f 28/28/28 19/19/19 96/98/96 103/106/103
f 103/106/103 96/98/96 97/99/97 104/107/104
f 104/107/104 97/99/97 98/100/98 105/108/105
f 105/108/105 98/100/98 99/101/99 106/109/106
f 106/109/106 99/101/99 100/102/100 107/110/107
f 107/110/107 100/102/100 101/103/101 108/111/108
f 108/111/108 101/103/101 102/104/102 109/112/109
f 109/112/109 102/104/102 27/105/27 36/113/36
f 37/37/37 28/28/28 103/106/103 110/114/110
f 110/114/110 103/106/103 104/107/104 111/115/111
f 111/115/111 104/107/104 105/108/105 112/116/112
f 112/116/112 105/108/105 106/109/106 113/117/113
f 113/117/113 106/109/106 107/110/107 114/118/114
f 114/118/114 107/110/107 108/111/108 115/119/115
f 115/119/115 108/111/108 109/112/109 116/120/116
f 116/120/116 109/112/109 36/113/36 45/121/45
f 46/46/46 37/37/37 110/114/110 117/122/117
f 117/122/117 110/114/110 111/115/111 118/123/118
f 118/123/118 111/115/111 112/116/112 119/124/119
f 119/124/119 112/116/112 113/117/113 120/125/120
f 120/125/120 113/117/113 114/118/114 121/126/121
f 121/126/121 114/118/114 115/119/115 122/127/122
f 122/127/122 115/119/115 116/120/116 123/128/123
f 123/128/123 116/120/116 45/121/45 54/129/54
f 55/55/55 46/46/46 117/122/117 124/130/124
f 124/130/124 117/122/117 118/123/118 125/131/125
f 125/131/125 118/123/118 119/124/119 126/132/126
f 126/132/126 119/124/119 120/125/120 127/133/127
f 127/133/127 120/125/120 121/126/121 128/134/128
f 128/134/128 121/126/121 122/127/122 129/135/129
f 129/135/129 122/127/122 123/128/123 130/136/130
f 130/136/130 123/128/123 54/129/54 63/137/63
f 64/64/64 55/55/55 124/130/124 131/138/131
f 131/138/131 124/130/124 125/131/125 132/139/132
f 132/139/132 125/131/125 126/132/126 133/140/133
f 133/140/133 126/132/126 127/133/127 134/141/134
f 134/141/134 127/133/127 128/134/128 135/142/135
f 135/142/135 128/134/128 129/135/129 136/143/136
f 136/143/136 129/135/129 130/136/130 137/144/137
f 137/144/137 130/136/130 63/137/63 72/145/72
f 73/73/73 64/64/64 131/138/131 138/146/138
f 138/146/138 131/138/131 132/139/132 139/147/139
f 139/147/139 132/139/132 133/140/133 140/148/140
f 140/148/140 133/140/133 134/141/134 141/149/141
f 141/149/141 134/141/134 135/142/135 142/150/142
f 142/150/142 135/142/135 136/143/136 143/151/143
f 143/151/143 136/143/136 137/144/137 144/152/144
f 144/152/144 137/144/137 72/145/72 81/153/81
f 74/74/74 73/73/73 145/154/145 146/155/146
f 75/75/75 74/74/74 146/155/146 147/156/147
f 76/76/76 75/75/75 147/156/147 148/157/148
f 77/77/77 76/76/76 148/157/148 149/158/149
f 78/78/78 77/77/77 149/158/149 150/159/150
f 79/79/79 78/78/78 150/159/150 151/160/151
f 80/80/80 79/79/79 151/160/151 152/161/152
f 81/81/81 80/80/80 152/161/152 153/162/153
f 146/155/146 145/154/145 154/163/154 155/164/155
f 147/156/147 146/155/146 155/164/155 156/165/156
f 148/157/148 147/156/147 156/165/156 157/166/157
f 149/158/149 148/157/148 157/166/157 158/167/158
f 150/159/150 149/158/149 158/167/158 159/168/159
f 151/160/151 150/159/150 159/168/159 160/169/160
f 152/161/152 151/160/151 160/169/160 161/170/161
f 153/162/153 152/161/152 161/170/161 162/171/162
f 155/164/155 154/163/154 163/172/163 164/173/164
f 156/165/156 155/164/155 164/173/164 165/174/165
f 157/166/157 156/165/156 165/174/165 166/175/166
f 158/167/158 157/166/157 166/175/166 167/176/167
f 159/168/159 158/167/158 167/176/167 168/177/168
f 160/169/160 159/168/159 168/177/168 169/178/169
f 161/170/161 160/169/160 169/178/169 170/179/170
f 162/171/162 161/170/161 170/179/170 171/180/171
f 164/173/164 163/172/163 172/181/172 173/182/173
f 165/174/165 164/173/164 173/182/173 174/183/174
f 166/175/166 165/174/165 174/183/174 175/184/175
f 167/176/167 166/175/166 175/184/175 176/185/176
f 168/177/168 167/176/167 176/185/176 177/186/177
f 169/178/169 168/177/168 177/186/177 178/187/178
f 170/179/170 169/178/169 178/187/178 179/188/179
f 171/180/171 170/179/170 179/188/179 180/189/180
f 173/182/173 172/181/172 181/190/181 182/191/182
f 174/183/174 173/182/173 182/191/182 183/192/183
f 175/184/175 174/183/174 183/192/183 184/193/184
f 176/185/176 175/184/175 184/193/184 185/194/185
f 177/186/177 176/185/176 185/194/185 186/195/186
f 178/187/178 177/186/177 186/195/186 187/196/187
f 179/188/179 178/187/178 187/196/187 188/197/188
f 180/189/180 179/188/179 188/197/188 189/198/189
f 182/191/182 181/190/181 190/199/190 191/200/191
f 183/192/183 182/191/182 191/200/191 192/201/192
f 184/193/184 183/192/183 192/201/192 193/202/193
f 185/194/185 184/193/184 193/202/193 194/203/194
f 186/195/186 185/194/185 194/203/194 195/204/195
f 187/196/187 186/195/186 195/204/195 196/205/196
f 188/197/188 187/196/187 196/205/196 197/206/197
f 189/198/189 188/197/188 197/206/197 198/207/198
f 191/200/191 190/199/190 199/208/199 200/209/200
f 192/201/192 191/200/191 200/209/200 201/210/201
f 193/202/193 192/201/192 201/210/201 202/211/202
f 194/203/194 193/202/193 202/211/202 203/212/203
f 195/204/195 194/203/194 203/212/203 204/213/204
f 196/205/196 195/204/195 204/213/204 205/214/205
f 197/206/197 196/205/196 205/214/205 206/215/206
f 198/207/198 197/206/197 206/215/206 207/216/207
f 200/209/200 199/208/199 208/217/208 209/218/209
f 201/210/201 200/209/200 209/218/209 210/219/210
f 202/211/202 201/210/201 210/219/210 211/220/211
f 203/212/203 202/211/202 211/220/211 212/221/212
f 204/213/204 203/212/203 212/221/212 213/222/213
f 205/214/205 204/213/204 213/222/213 214/223/214
f 206/215/206 205/214/205 214/223/214 215/224/215
f 207/216/207 206/215/206 215/224/215 216/225/216
f 145/154/145 73/73/73 138/146/138 217/226/217
f 217/226/217 138/146/138 139/147/139 218/227/218
f 218/227/218 139/147/139 140/148/140 219/228/219
f 219/228/219 140/148/140 141/149/141 220/229/220
f 220/229/220 141/149/141 142/150/142 221/230/221
f 221/230/221 142/150/142 143/151/143 222/231/222
f 222/231/222 143/151/143 144/152/144 223/232/223
f 223/232/223 144/152/144 81/153/81 153/233/153
f 154/163/154 145/154/145 217/226/217 224/234/224
f 224/234/224 217/226/217 218/227/218 225/235/225
f 225/235/225 218/227/218 219/228/219 226/236/226
f 226/236/226 219/228/219 220/229/220 227/237/227
f 227/237/227 220/229/220 221/230/221 228/238/228
f 228/238/228 221/230/221 222/231/222 229/239/229
f 229/239/229 222/231/222 223/232/223 230/240/230
f 230/240/230 223/232/223 153/233/153 162/241/162
f 163/172/163 154/163/154 224/234/224 231/242/231
f 231/242/231 224/234/224 225/235/225 232/243/232
f 232/243/232 225/235/225 226/236/226 233/244/233
f 233/244/233 226/236/226 227/237/227 234/245/234
f 234/245/234 227/237/227 228/238/228 235/246/235
f 235/246/235 228/238/228 229/239/229 236/247/236
f 236/247/236 229/239/229 230/240/230 237/248/237
f 237/248/237 230/240/230 162/241/162 171/249/171
f 172/181/172 163/172/163 231/242/231 238/250/238
f 238/250/238 231/242/231 232/243/232 239/251/239
f 239/251/239 232/243/232 233/244/233 240/252/240
f 240/252/240 233/244/233 234/245/234 241/253/241
f 241/253/241 234/245/234 235/246/235 242/254/242
f 242/254/242 235/246/235 236/247/236 243/255/243
f 243/255/243 236/247/236 237/248/237 244/256/244
f 244/256/244 237/248/237 171/249/171 180/257/180
f 181/190/181 172/181/172 238/250/238 245/258/245
f 245/258/245 238/250/238 239/251/239 246/259/246
f 246/259/246 239/251/239 240/252/240 247/260/247
f 247/260/247 240/252/240 241/253/241 248/261/248
f 248/261/248 241/253/241 242/254/242 249/262/249
f 249/262/249 242/254/242 243/255/243 250/263/250
f 250/263/250 243/255/243 244/256/244 251/264/251
f 251/264/251 244/256/244 180/257/180 189/265/189
f 190/199/190 181/190/181 245/258/245 252/266/252
f 252/266/252 245/258/245 246/259/246 253/267/253
f 253/267/253 246/259/246 247/260/247 254/268/254
f 254/268/254 247/260/247 248/261/248 255/269/255
f 255/269/255 248/261/248 249/262/249 256/270/256
f 256/270/256 249/262/249 250/263/250 257/271/257
f 257/271/257 250/263/250 251/264/251 258/272/258
f 258/272/258 251/264/251 189/265/189 198/273/198
f 199/208/199 190/199/190 252/266/252 259/274/259
f 259/274/259 252/266/252 253/267/253 260/275/260
f 260/275/260 253/267/253 254/268/254 261/276/261
f 261/276/261 254/268/254 255/269/255 262/277/262
f 262/277/262 255/269/255 256/270/256 263/278/263
f 263/278/263 256/270/256 257/271/257 264/279/264
f 264/279/264 257/271/257 258/272/258 265/280/265
f 265/280/265 258/272/258 198/273/198 207/281/207
f 208/217/208 199/208/199 259/274/259 266/282/266
f 266/282/266 259/274/259 260/275/260 267/283/267
f 267/283/267 260/275/260 261/276/261 268/284/268
f 268/284/268 261/276/261 262/277/262 269/285/269
f 269/285/269 262/277/262 263/278/263 270/286/270
f 270/286/270 263/278/263 264/279/264 271/287/271
f 271/287/271 264/279/264 265/280/265 272/288/272
f 272/288/272 265/280/265 207/281/207 216/289/216
f 274/291/274 273/290/273 282/299/282 283/300/283
f 275/292/275 274/291/274 283/300/283 284/301/284
f 276/293/276 275/292/275 284/301/284 285/302/285
f 277/294/277 276/293/276 285/302/285 286/303/286
f 278/295/278 277/294/277 286/303/286 287/304/287
f 279/296/279 278/295/278 287/304/287 288/305/288
f 280/297/280 279/296/279 288/305/288 289/306/289
f 281/298/281 280/297/280 289/306/289 290/307/290
f 283/300/283 282/299/282 291/308/291 292/309/292
f 284/301/284 283/300/283 292/309/292 293/310/293
f 285/302/285 284/301/284 293/310/293 294/311/294
f 286/303/286 285/302/285 294/311/294 295/312/295
f 287/304/287 286/303/286 295/312/295 296/313/296
f 288/305/288 287/304/287 296/313/296 297/314/297
f 289/306/289 288/305/288 297/314/297 298/315/298
f 290/307/290 289/306/289 298/315/298 299/316/299
f 292/309/292 291/308/291 300/317/300 301/318/301
f 293/310/293 292/309/292 301/318/301 302/319/302
f 294/311/294 293/310/293 302/319/302 303/320/303
f 295/312/295 294/311/294 303/320/303 304/321/304
f 296/313/296 295/312/295 304/321/304 305/322/305
f 297/314/297 296/313/296 305/322/305 306/323/306
f 298/315/298 297/314/297 306/323/306 307/324/307
f 299/316/299 298/315/298 307/324/307 308/325/308
f 301/318/301 300/317/300 309/326/309 310/327/310
f 302/319/302 301/318/301 310/327/310 311/328/311
f 303/320/303 302/319/302 311/328/311 312/329/312
f 304/321/304 303/320/303 312/329/312 313/330/313
f 305/322/305 304/321/304 313/330/313 314/331/314
f 306/323/306 305/322/305 314/331/314 315/332/315
f 307/324/307 306/323/306 315/332/315 316/333/316
f 308/325/308 307/324/307 316/333/316 317/334/317
f 310/327/310 309/326/309 318/335/318 319/336/319
f 311/328/311 310/327/310 319/336/319 320/337/320
f 312/329/312 311/328/311 320/337/320 321/338/321
f 313/330/313 312/329/312 321/338/321 322/339/322
f 314/331/314 313/330/313 322/339/322 323/340/323
f 315/332/315 314/331/314 323/340/323 324/341/324
f 316/333/316 315/332/315 324/341/324 325/342/325
f 317/334/317 316/333/316 325/342/325 326/343/326
f 319/336/319 318/335/318 327/344/327 328/345/328
f 320/337/320 319/336/319 328/345/328 329/346/329
f 321/338/321 320/337/320 329/346/329 330/347/330
f 322/339/322 321/338/321 330/347/330 331/348/331
f 323/340/323 322/339/322 331/348/331 332/349/332
f 324/341/324 323/340/323 332/349/332 333/350/333
f 325/342/325 324/341/324 333/350/333 334/351/334
f 326/343/326 325/342/325 334/351/334 335/352/335
f 328/345/328 327/344/327 336/353/336 337/354/337
f 329/346/329 328/345/328 337/354/337 338/355/338
f 330/347/330 329/346/329 338/355/338 339/356/339
f 331/348/331 330/347/330 339/356/339 340/357/340
f 332/349/332 331/348/331 340/357/340 341/358/341
f 333/350/333 332/349/332 341/358/341 342/359/342
f 334/351/334 333/350/333 342/359/342 343/360/343
f 335/352/335 334/351/334 343/360/343 344/361/344
f 337/354/337 336/353/336 345/362/345 346/363/346
f 338/355/338 337/354/337 346/363/346 347/364/347
f 339/356/339 338/355/338 347/364/347 348/365/348
f 340/357/340 339/356/339 348/365/348 349/366/349
f 341/358/341 340/357/340 349/366/349 350/367/350
f 342/359/342 341/358/341 350/367/350 351/368/351
f 343/360/343 342/359/342 351/368/351 352/369/352
f 344/361/344 343/360/343 352/369/352 353/370/353
f 282/379/282 273/371/273 354/372/354 361/380/361
f 361/380/361 354/372/354 355/373/355 362/381/362
f 362/381/362 355/373/355 356/374/356 363/382/363
f 363/382/363 356/374/356 357/375/357 364/383/364
f 364/383/364 357/375/357 358/376/358 365/384/365
f 365/384/365 358/376/358 359/377/359 366/385/366
f 366/385/366 359/377/359 360/378/360 367/386/367
f 367/386/367 360/378/360 281/298/281 290/307/290
f 291/387/291 282/379/282 361/380/361 368/388/368
f 368/388/368 361/380/361 362/381/362 369/389/369
f 369/389/369 362/381/362 363/382/363 370/390/370
f 370/390/370 363/382/363 364/383/364 371/391/371
f 371/391/371 364/383/364 365/384/365 372/392/372
f 372/392/372 365/384/365 366/385/366 373/393/373
f 373/393/373 366/385/366 367/386/367 374/394/374
f 374/394/374 367/386/367 290/307/290 299/316/299
f 300/395/300 291/387/291 368/388/368 375/396/375
f 375/396/375 368/388/368 369/389/369 376/397/376
f 376/397/376 369/389/369 370/390/370 377/398/377
f 377/398/377 370/390/370 371/391/371 378/399/378
f 378/399/378 371/391/371 372/392/372 379/400/379
f 379/400/379 372/392/372 373/393/373 380/401/380
f 380/401/380 373/393/373 374/394/374 381/402/381
f 381/402/381 374/394/374 299/316/299 308/325/308
f 309/403/309 300/395/300 375/396/375 382/404/382
f 382/404/382 375/396/375 376/397/376 383/405/383
f 383/405/383 376/397/376 377/398/377 384/406/384
f 384/406/384 377/398/377 378/399/378 385/407/385
f 385/407/385 378/399/378 379/400/379 386/408/386
f 386/408/386 379/400/379 380/401/380 387/409/387
f 387/409/387 380/401/380 381/402/381 388/410/388
f 388/410/388 381/402/381 308/325/308 317/334/317
f 318/411/318 309/403/309 382/404/382 389/412/389
f 389/412/389 382/404/382 383/405/383 390/413/390
f 390/413/390 383/405/383 384/406/384 391/414/391
f 391/414/391 384/406/384 385/407/385 392/415/392
f 392/415/392 385/407/385 386/408/386 393/416/393
f 393/416/393 386/408/386 387/409/387 394/417/394
f 394/417/394 387/409/387 388/410/388 395/418/395
f 395/418/395 388/410/388 317/334/317 326/343/326
f 327/419/327 318/411/318 389/412/389 396/420/396
f 396/420/396 389/412/389 390/413/390 397/421/397
f 397/421/397 390/413/390 391/414/391 398/422/398
f 398/422/398 391/414/391 392/415/392 399/423/399
f 399/423/399 392/415/392 393/416/393 400/424/400
f 400/424/400 393/416/393 394/417/394 401/425/401
f 401/425/401 394/417/394 395/418/395 402/426/402
f 402/426/402 395/418/395 326/343/326 335/352/335
f 336/427/336 327/419/327 396/420/396 403/428/403
f 403/428/403 396/420/396 397/421/397 404/429/404
f 404/429/404 397/421/397 398/422/398 405/430/405
f 405/430/405 398/422/398 399/423/399 406/431/406
f 406/431/406 399/423/399 400/424/400 407/432/407
f 407/432/407 400/424/400 401/425/401 408/433/408
f 408/433/408 401/425/401 402/426/402 409/434/409
f 409/434/409 402/426/402 335/352/335 344/361/344
f 345/435/345 336/427/336 403/428/403 410/436/410
f 410/436/410 403/428/403 404/429/404 411/437/411
f 411/437/411 404/429/404 405/430/405 412/438/412
f 412/438/412 405/430/405 406/431/406 413/439/413
f 413/439/413 406/431/406 407/432/407 414/440/414
f 414/440/414 407/432/407 408/433/408 415/441/415
f 415/441/415 408/433/408 409/434/409 416/442/416
f 416/442/416 409/434/409 344/361/344 353/370/353
f 346/363/346 345/362/345 417/443/417 418/444/418
f 347/364/347 346/363/346 418/444/418 419/445/419
f 348/365/348 347/364/347 419/445/419 420/446/420
f 349/366/349 348/365/348 420/446/420 421/447/421
f 350/367/350 349/366/349 421/447/421 422/448/422
f 351/368/351 350/367/350 422/448/422 423/449/423
f 352/369/352 351/368/351 423/449/423 424/450/424
f 353/370/353 352/369/352 424/450/424 425/451/425
f 418/444/418 417/443/417 426/452/426 427/453/427
f 419/445/419 418/444/418 427/453/427 428/454/428
f 420/446/420 419/445/419 428/454/428 429/455/429
f 421/447/421 420/446/420 429/455/429 430/456/430
f 422/448/422 421/447/421 430/456/430 431/457/431
f 423/449/423 422/448/422 431/457/431 432/458/432
f 424/450/424 423/449/423 432/458/432 433/459/433
f 425/451/425 424/450/424 433/459/433 434/460/434
f 427/453/427 426/452/426 435/461/435 436/462/436
f 428/454/428 427/453/427 436/462/436 437/463/437
f 429/455/429 428/454/428 437/463/437 438/464/438
f 430/456/430 429/455/429 438/464/438 439/465/439
f 431/457/431 430/456/430 439/465/439 440/466/440
f 432/458/432 431/457/431 440/466/440 441/467/441
f 433/459/433 432/458/432 441/467/441 442/468/442
f 434/460/434 433/459/433 442/468/442 443/469/443
f 436/462/436 435/461/435 444/470/444 445/471/445
f 437/463/437 436/462/436 445/471/445 446/472/446
f 438/464/438 437/463/437 446/472/446 447/473/447
f 439/465/439 438/464/438 447/473/447 448/474/448
f 440/466/440 439/465/439 448/474/448 449/475/449
f 441/467/441 440/466/440 449/475/449 450/476/450
f 442/468/442 441/467/441 450/476/450 451/477/451
f 443/469/443 442/468/442 451/477/451 452/478/452
f 445/471/445 444/470/444 453/479/453 454/480/454
f 446/472/446 445/471/445 454/480/454 455/481/455
f 447/473/447 446/472/446 455/481/455 456/482/456
f 448/474/448 447/473/447 456/482/456 457/483/457
f 449/475/449 448/474/448 457/483/457 458/484/458
f 450/476/450 449/475/449 458/484/458 459/485/459
f 451/477/451 450/476/450 459/485/459 460/486/460
f 452/478/452 451/477/451 460/486/460 461/487/461
f 454/480/454 453/479/453 462/488/462 463/489/463
f 455/481/455 454/480/454 463/489/463 464/490/464
f 456/482/456 455/481/455 464/490/464 465/491/465
f 457/483/457 456/482/456 465/491/465 466/492/466
f 458/484/458 457/483/457 466/492/466 467/493/467
f 459/485/459 458/484/458 467/493/467 468/494/468
f 460/486/460 459/485/459 468/494/468 469/495/469
f 461/487/461 460/486/460 469/495/469 470/496/470
f 463/489/463 462/488/462 471/497/471 472/498/472
f 464/490/464 463/489/463 472/498/472 473/499/473
f 465/491/465 464/490/464 473/499/473 474/500/474
f 466/492/466 465/491/465 474/500/474 475/501/475
f 467/493/467 466/492/466 475/501/475 476/502/476
f 468/494/468 467/493/467 476/502/476 477/503/477
f 469/495/469 468/494/468 477/503/477 478/504/478
f 470/496/470 469/495/469 478/504/478 479/505/479
f 472/498/472 471/497/471 480/506/480 481/507/481
f 473/499/473 472/498/472 481/507/481 482/508/482
f 474/500/474 473/499/473 482/508/482 483/509/483
f 475/501/475 474/500/474 483/509/483 484/510/484
f 476/502/476 475/501/475 484/510/484 485/511/485
f 477/503/477 476/502/476 485/511/485 486/512/486
f 478/504/478 477/503/477 486/512/486 487/513/487
f 479/505/479 478/504/478 487/513/487 488/514/488
f 417/515/417 345/435/345 410/436/410 489/516/489
f 489/516/489 410/436/410 411/437/411 490/517/490
f 490/517/490 411/437/411 412/438/412 491/518/491
f 491/518/491 412/438/412 413/439/413 492/519/492
f 492/519/492 413/439/413 414/440/414 493/520/493
f 493/520/493 414/440/414 415/441/415 494/521/494
f 494/521/494 415/441/415 416/442/416 495/522/495
f 495/522/495 416/442/416 353/370/353 425/451/425
f 426/523/426 417/515/417 489/516/489 496/524/496
f 496/524/496 489/516/489 490/517/490 497/525/497
f 497/525/497 490/517/490 491/518/491 498/526/498
f 498/526/498 491/518/491 492/519/492 499/527/499
f 499/527/499 492/519/492 493/520/493 500/528/500
f 500/528/500 493/520/493 494/521/494 501/529/501
f 501/529/501 494/521/494 495/522/495 502/530/502
f 502/530/502 495/522/495 425/451/425 434/460/434
f 435/531/435 426/523/426 496/524/496 503/532/503
f 503/532/503 496/524/496 497/525/497 504/533/504
f 504/533/504 497/525/497 498/526/498 505/534/505
f 505/534/505 498/526/498 499/527/499 506/535/506
f 506/535/506 499/527/499 500/528/500 507/536/507
f 507/536/507 500/528/500 501/529/501 508/537/508
f 508/537/508 501/529/501 502/530/502 509/538/509
f 509/538/509 502/530/502 434/460/434 443/469/443
f 444/539/444 435/531/435 503/532/503 510/540/510
f 510/540/510 503/532/503 504/533/504 511/541/511
f 511/541/511 504/533/504 505/534/505 512/542/512
f 512/542/512 505/534/505 506/535/506 513/543/513
f 513/543/513 506/535/506 507/536/507 514/544/514
f 514/544/514 507/536/507 508/537/508 515/545/515
f 515/545/515 508/537/508 509/538/509 516/546/516
f 516/546/516 509/538/509 443/469/443 452/478/452
f 453/547/453 444/539/444 510/540/510 517/548/517
f 517/548/517 510/540/510 511/541/511 518/549/518
f 518/549/518 511/541/511 512/542/512 519/550/519
f 519/550/519 512/542/512 513/543/513 520/551/520
f 520/551/520 513/543/513 514/544/514 521/552/521
f 521/552/521 514/544/514 515/545/515 522/553/522
f 522/553/522 515/545/515 516/546/516 523/554/523
f 523/554/523 516/546/516 452/478/452 461/487/461
f 462/555/462 453/547/453 517/548/517 524/556/524
f 524/556/524 517/548/517 518/549/518 525/557/525
f 525/557/525 518/549/518 519/550/519 526/558/526
f 526/558/526 519/550/519 520/551/520 527/559/527
f 527/559/527 520/551/520 521/552/521 528/560/528
f 528/560/528 521/552/521 522/553/522 529/561/529
f 529/561/529 522/553/522 523/554/523 530/562/530
f 530/562/530 523/554/523 461/487/461 470/496/470
f 471/563/471 462/555/462 524/556/524 531/564/531
f 531/564/531 524/556/524 525/557/525 532/565/532
f 532/565/532 525/557/525 526/558/526 533/566/533
f 533/566/533 526/558/526 527/559/527 534/567/534
f 534/567/534 527/559/527 528/560/528 535/568/535
f 535/568/535 528/560/528 529/561/529 536/569/536
f 536/569/536 529/561/529 530/562/530 537/570/537
f 537/570/537 530/562/530 470/496/470 479/505/479
f 480/571/480 471/563/471 531/564/531 538/572/538
f 538/572/538 531/564/531 532/565/532 539/573/539
f 539/573/539 532/565/532 533/566/533 540/574/540
f 540/574/540 533/566/533 534/567/534 541/575/541
f 541/575/541 534/567/534 535/568/535 542/576/542
f 542/576/542 535/568/535 536/569/536 543/577/543
f 543/577/543 536/569/536 537/570/537 544/578/544
f 544/578/544 537/570/537 479/505/479 488/514/488
f 545/579/545 546/580/546 547/581/547
f 545/579/545 547/581/547 548/582/548
f 545/579/545 548/582/548 549/583/549
f 545/579/545 549/583/549 550/584/550
f 545/579/545 550/584/550 551/585/551
f 545/579/545 551/585/551 552/586/552
f 545/579/545 552/586/552 553/587/553
f 545/579/545 553/587/553 554/588/554
f 547/581/547 546/580/546 555/589/555 556/590/556
f 548/582/548 547/581/547 556/590/556 557/591/557
f 549/583/549 548/582/548 557/591/557 558/592/558
f 550/584/550 549/583/549 558/592/558 559/593/559
f 551/585/551 550/584/550 559/593/559 560/594/560
f 552/586/552 551/585/551 560/594/560 561/595/561
f 553/587/553 552/586/552 561/595/561 562/596/562
f 554/588/554 553/587/553 562/596/562 563/597/563
f 556/590/556 555/589/555 564/598/564 565/599/565
f 557/591/557 556/590/556 565/599/565 566/600/566
f 558/592/558 557/591/557 566/600/566 567/601/567
f 559/593/559 558/592/558 567/601/567 568/602/568
f 560/594/560 559/593/559 568/602/568 569/603/569
f 561/595/561 560/594/560 569/603/569 570/604/570
f 562/596/562 561/595/561 570/604/570 571/605/571
f 563/597/563 562/596/562 571/605/571 572/606/572
f 565/599/565 564/598/564 573/607/573 574/608/574
f 566/600/566 565/599/565 574/608/574 575/609/575
f 567/601/567 566/600/566 575/609/575 576/610/576
f 568/602/568 567/601/567 576/610/576 577/611/577
f 569/603/569 568/602/568 577/611/577 578/612/578
f 570/604/570 569/603/569 578/612/578 579/613/579
f 571/605/571 570/604/570 579/613/579 580/614/580
f 572/606/572 571/605/571 580/614/580 581/615/581
f 574/608/574 573/607/573 582/616/582 583/617/583
f 575/609/575 574/608/574 583/617/583 584/618/584
f 576/610/576 575/609/575 584/618/584 585/619/585
f 577/611/577 576/610/576 585/619/585 586/620/586
f 578/612/578 577/611/577 586/620/586 587/621/587
f 579/613/579 578/612/578 587/621/587 588/622/588
f 580/614/580 579/613/579 588/622/588 589/623/589
f 581/615/581 580/614/580 589/623/589 590/624/590
f 583/617/583 582/616/582 591/625/591 592/626/592
f 584/618/584 583/617/583 592/626/592 593/627/593
f 585/619/585 584/618/584 593/627/593 594/628/594
f 586/620/586 585/619/585 594/628/594 595/629/595
f 587/621/587 586/620/586 595/629/595 596/630/596
f 588/622/588 587/621/587 596/630/596 597/631/597
f 589/623/589 588/622/588 597/631/597 598/632/598
f 590/624/590 589/623/589 598/632/598 599/633/599
f 592/626/592 591/625/591 600/634/600 601/635/601
f 593/627/593 592/626/592 601/635/601 602/636/602
f 594/628/594 593/627/593 602/636/602 603/637/603
f 595/629/595 594/628/594 603/637/603 604/638/604
f 596/630/596 595/629/595 604/638/604 605/639/605
f 597/631/597 596/630/596 605/639/605 606/640/606
f 598/632/598 597/631/597 606/640/606 607/641/607
f 599/633/599 598/632/598 607/641/607 608/642/608
f 601/635/601 600/634/600 609/643/609 610/644/610
f 602/636/602 601/635/601 610/644/610 611/645/611
f 603/637/603 602/636/602 611/645/611 612/646/612
f 604/638/604 603/637/603 612/646/612 613/647/613
f 605/639/605 604/638/604 613/647/613 614/648/614
f 606/640/606 605/639/605 614/648/614 615/649/615
f 607/641/607 606/640/606 615/649/615 616/650/616
f 608/642/608 607/641/607 616/650/616 617/651/617
f 545/579/545 554/588/554 618/652/618
f 545/579/545 618/652/618 619/653/619
f 545/579/545 619/653/619 620/654/620
f 545/579/545 620/654/620 621/655/621
f 545/579/545 621/655/621 622/656/622
f 545/579/545 622/656/622 623/657/623
f 545/579/545 623/657/623 624/658/624
f 545/579/545 624/658/624 625/659/625
f 618/652/618 554/588/554 563/597/563 626/660/626
f 619/653/619 618/652/618 626/660/626 627/661/627
f 620/654/620 619/653/619 627/661/627 628/662/628
f 621/655/621 620/654/620 628/662/628 629/663/629
f 622/656/622 621/655/621 629/663/629 630/664/630
f 623/657/623 622/656/622 630/664/630 631/665/631
f 624/658/624 623/657/623 631/665/631 632/666/632
f 625/659/625 624/658/624 632/666/632 633/667/633
f 626/660/626 563/597/563 572/606/572 634/668/634
f 627/661/627 626/660/626 634/668/634 635/669/635
f 628/662/628 627/661/627 635/669/635 636/670/636
f 629/663/629 628/662/628 636/670/636 637/671/637
f 630/664/630 629/663/629 637/671/637 638/672/638
f 631/665/631 630/664/630 638/672/638 639/673/639
f 632/666/632 631/665/631 639/673/639 640/674/640
f 633/667/633 632/666/632 640/674/640 641/675/641
f 634/668/634 572/606/572 581/615/581 642/676/642
f 635/669/635 634/668/634 642/676/642 643/677/643
f 636/670/636 635/669/635 643/677/643 644/678/644
f 637/671/637 636/670/636 644/678/644 645/679/645
f 638/672/638 637/671/637 645/679/645 646/680/646
f 639/673/639 638/672/638 646/680/646 647/681/647
f 640/674/640 639/673/639 647/681/647 648/682/648
f 641/675/641 640/674/640 648/682/648 649/683/649
f 642/676/642 581/615/581 590/624/590 650/684/650
f 643/677/643 642/676/642 650/684/650 651/685/651
f 644/678/644 643/677/643 651/685/651 652/686/652
f 645/679/645 644/678/644 652/686/652 653/687/653
f 646/680/646 645/679/645 653/687/653 654/688/654
f 647/681/647 646/680/646 654/688/654 655/689/655
f 648/682/648 647/681/647 655/689/655 656/690/656
f 649/683/649 648/682/648 656/690/656 657/691/657
f 650/684/650 590/624/590 599/633/599 658/692/658
f 651/685/651 650/684/650 658/692/658 659/693/659
f 652/686/652 651/685/651 659/693/659 660/694/660
f 653/687/653 652/686/652 660/694/660 661/695/661
f 654/688/654 653/687/653 661/695/661 662/696/662
f 655/689/655 654/688/654 662/696/662 663/697/663
f 656/690/656 655/689/655 663/697/663 664/698/664
f 657/691/657 656/690/656 664/698/664 665/699/665
f 658/692/658 599/633/599 608/642/608 666/700/666
f 659/693/659 658/692/658 666/700/666 667/701/667
f 660/694/660 659/693/659 667/701/667 668/702/668
f 661/695/661 660/694/660 668/702/668 669/703/669
f 662/696/662 661/695/661 669/703/669 670/704/670
f 663/697/663 662/696/662 670/704/670 671/705/671
f 664/698/664 663/697/663 671/705/671 672/706/672
f 665/699/665 664/698/664 672/706/672 673/707/673
f 666/700/666 608/642/608 617/651/617 674/708/674
f 667/701/667 666/700/666 674/708/674 675/709/675
f 668/702/668 667/701/667 675/709/675 676/710/676
f 669/703/669 668/702/668 676/710/676 677/711/677
f 670/704/670 669/703/669 677/711/677 678/712/678
f 671/705/671 670/704/670 678/712/678 679/713/679
f 672/706/672 671/705/671 679/713/679 680/714/680
f 673/707/673 672/706/672 680/714/680 681/715/681
f 682/716/682 545/579/545 683/717/683
f 683/717/683 545/579/545 684/718/684
f 684/718/684 545/579/545 685/719/685
f 685/719/685 545/579/545 686/720/686
f 686/720/686 545/579/545 687/721/687
f 687/721/687 545/579/545 688/722/688
f 688/722/688 545/579/545 689/723/689
f 689/723/689 545/579/545 625/659/625
f 690/724/690 682/716/682 683/717/683 691/725/691
f 691/725/691 683/717/683 684/718/684 692/726/692
f 692/726/692 684/718/684 685/719/685 693/727/693
f 693/727/693 685/719/685 686/720/686 694/728/694
f 694/728/694 686/720/686 687/721/687 695/729/695
f 695/729/695 687/721/687 688/722/688 696/730/696
f 696/730/696 688/722/688 689/723/689 697/731/697
f 697/731/697 689/723/689 625/659/625 633/667/633
f 698/732/698 690/724/690 691/725/691 699/733/699
f 699/733/699 691/725/691 692/726/692 700/734/700
f 700/734/700 692/726/692 693/727/693 701/735/701
f 701/735/701 693/727/693 694/728/694 702/736/702
f 702/736/702 694/728/694 695/729/695 703/737/703
f 703/737/703 695/729/695 696/730/696 704/738/704
f 704/738/704 696/730/696 697/731/697 705/739/705
f 705/739/705 697/731/697 633/667/633 641/675/641
f 706/740/706 698/732/698 699/733/699 707/741/707
f 707/741/707 699/733/699 700/734/700 708/742/708
f 708/742/708 700/734/700 701/735/701 709/743/709
f 709/743/709 701/735/701 702/736/702 710/744/710
f 710/744/710 702/736/702 703/737/703 711/745/711
f 711/745/711 703/737/703 704/738/704 712/746/712
f 712/746/712 704/738/704 705/739/705 713/747/713
f 713/747/713 705/739/705 641/675/641 649/683/649
f 714/748/714 706/740/706 707/741/707 715/749/715
f 715/749/715 707/741/707 708/742/708 716/750/716
f 716/750/716 708/742/708 709/743/709 717/751/717
f 717/751/717 709/743/709 710/744/710 718/752/718
f 718/752/718 710/744/710 711/745/711 719/753/719
f 719/753/719 711/745/711 712/746/712 720/754/720
f 720/754/720 712/746/712 713/747/713 721/755/721
f 721/755/721 713/747/713 649/683/649 657/691/657
f 722/756/722 714/748/714 715/749/715 723/757/723
f 723/757/723 715/749/715 716/750/716 724/758/724
f 724/758/724 716/750/716 717/751/717 725/759/725
f 725/759/725 717/751/717 718/752/718 726/760/726
f 726/760/726 718/752/718 719/753/719 727/761/727
f 727/761/727 719/753/719 720/754/720 728/762/728
f 728/762/728 720/754/720 721/755/721 729/763/729
f 729/763/729 721/755/721 657/691/657 665/699/665
f 730/764/730 722/756/722 723/757/723 731/765/731
f 731/765/731 723/757/723 724/758/724 732/766/732
f 732/766/732 724/758/724 725/759/725 733/767/733
f 733/767/733 725/759/725 726/760/726 734/768/734
f 734/768/734 726/760/726 727/761/727 735/769/735
f 735/769/735 727/761/727 728/762/728 736/770/736
f 736/770/736 728/762/728 729/763/729 737/771/737
f 737/771/737 729/763/729 665/699/665 673/707/673
f 738/772/738 730/764/730 731/765/731 739/773/739
f 739/773/739 731/765/731 732/766/732 740/774/740
f 740/774/740 732/766/732 733/767/733 741/775/741
f 741/775/741 733/767/733 734/768/734 742/776/742
f 742/776/742 734/768/734 735/769/735 743/777/743
f 743/777/743 735/769/735 736/770/736 744/778/744
f 744/778/744 736/770/736 737/771/737 745/779/745
f 745/779/745 737/771/737 673/707/673 681/715/681
f 546/580/546 545/579/545 746/780/746
f 746/780/746 545/579/545 747/781/747
f 747/781/747 545/579/545 748/782/748
f 748/782/748 545/579/545 749/783/749
f 749/783/749 545/579/545 750/784/750
f 750/784/750 545/579/545 751/785/751
f 751/785/751 545/579/545 752/786/752
f 752/786/752 545/579/545 682/716/682
f 555/589/555 546/580/546 746/780/746 753/787/753
f 753/787/753 746/780/746 747/781/747 754/788/754
f 754/788/754 747/781/747 748/782/748 755/789/755
f 755/789/755 748/782/748 749/783/749 756/790/756
f 756/790/756 749/783/749 750/784/750 757/791/757
f 757/791/757 750/784/750 751/785/751 758/792/758
f 758/792/758 751/785/751 752/786/752 759/793/759
f 759/793/759 752/786/752 682/716/682 690/724/690
f 564/598/564 555/589/555 753/787/753 760/794/760
f 760/794/760 753/787/753 754/788/754 761/795/761
f 761/795/761 754/788/754 755/789/755 762/796/762
f 762/796/762 755/789/755 756/790/756 763/797/763
f 763/797/763 756/790/756 757/791/757 764/798/764
f 764/798/764 757/791/757 758/792/758 765/799/765
f 765/799/765 758/792/758 759/793/759 766/800/766
f 766/800/766 759/793/759 690/724/690 698/732/698
f 573/607/573 564/598/564 760/794/760 767/801/767
f 767/801/767 760/794/760 761/795/761 768/802/768
f 768/802/768 761/795/761 762/796/762 769/803/769
f 769/803/769 762/796/762 763/797/763 770/804/770
f 770/804/770 763/797/763 764/798/764 771/805/771
f 771/805/771 764/798/764 765/799/765 772/806/772
f 772/806/772 765/799/765 766/800/766 773/807/773
f 773/807/773 766/800/766 698/732/698 706/740/706
f 582/616/582 573/607/573 767/801/767 774/808/774
f 774/808/774 767/801/767 768/802/768 775/809/775
f 775/809/775 768/802/768 769/803/769 776/810/776
f 776/810/776 769/803/769 770/804/770 777/811/777
f 777/811/777 770/804/770 771/805/771 778/812/778
f 778/812/778 771/805/771 772/806/772 779/813/779
f 779/813/779 772/806/772 773/807/773 780/814/780
f 780/814/780 773/807/773 706/740/706 714/748/714
f 591/625/591 582/616/582 774/808/774 781/815/781
f 781/815/781 774/808/774 775/809/775 782/816/782
f 782/816/782 775/809/775 776/810/776 783/817/783
f 783/817/783 776/810/776 777/811/777 784/818/784
f 784/818/784 777/811/777 778/812/778 785/819/785
f 785/819/785 778/812/778 779/813/779 786/820/786
f 786/820/786 779/813/779 780/814/780 787/821/787
f 787/821/787 780/814/780 714/748/714 722/756/722
f 600/634/600 591/625/591 781/815/781 788/822/788
f 788/822/788 781/815/781 782/816/782 789/823/789
f 789/823/789 782/816/782 783/817/783 790/824/790
f 790/824/790 783/817/783 784/818/784 791/825/791
f 791/825/791 784/818/784 785/819/785 792/826/792
f 792/826/792 785/819/785 786/820/786 793/827/793
f 793/827/793 786/820/786 787/821/787 794/828/794
f 794/828/794 787/821/787 722/756/722 730/764/730
f 609/643/609 600/634/600 788/822/788 795/829/795
f 795/829/795 788/822/788 789/823/789 796/830/796
f 796/830/796 789/823/789 790/824/790 797/831/797
f 797/831/797 790/824/790 791/825/791 798/832/798
f 798/832/798 791/825/791 792/826/792 799/833/799
f 799/833/799 792/826/792 793/827/793 800/834/800
f 800/834/800 793/827/793 794/828/794 801/835/801
f 801/835/801 794/828/794 730/764/730 738/772/738
f 610/837/610 609/836/609 802/845/802 803/846/803
f 611/838/611 610/837/610 803/846/803 804/847/804
f 612/839/612 611/838/611 804/847/804 805/848/805
f 613/840/613 612/839/612 805/848/805 806/849/806
f 614/841/614 613/840/613 806/849/806 807/850/807
f 615/842/615 614/841/614 807/850/807 808/851/808
f 616/843/616 615/842/615 808/851/808 809/852/809
f 617/844/617 616/843/616 809/852/809 810/853/810
f 803/846/803 802/845/802 811/854/811 812/855/812
f 804/847/804 803/846/803 812/855/812 813/856/813
f 805/848/805 804/847/804 813/856/813 814/857/814
f 806/849/806 805/848/805 814/857/814 815/858/815
f 807/850/807 806/849/806 815/858/815 816/859/816
f 808/851/808 807/850/807 816/859/816 817/860/817
f 809/852/809 808/851/808 817/860/817 818/861/818
f 810/853/810 809/852/809 818/861/818 819/862/819
f 812/855/812 811/854/811 820/863/820 821/864/821
f 813/856/813 812/855/812 821/864/821 822/865/822
f 814/857/814 813/856/813 822/865/822 823/866/823
f 815/858/815 814/857/814 823/866/823 824/867/824
f 816/859/816 815/858/815 824/867/824 825/868/825
f 817/860/817 816/859/816 825/868/825 826/869/826
f 818/861/818 817/860/817 826/869/826 827/870/827
f 819/862/819 818/861/818 827/870/827 828/871/828
f 821/864/821 820/863/820 829/872/829 830/873/830
f 822/865/822 821/864/821 830/873/830 831/874/831
f 823/866/823 822/865/822 831/874/831 832/875/832
f 824/867/824 823/866/823 832/875/832 833/876/833
f 825/868/825 824/867/824 833/876/833 834/877/834
f 826/869/826 825/868/825 834/877/834 835/878/835
f 827/870/827 826/869/826 835/878/835 836/879/836
f 828/871/828 827/870/827 836/879/836 837/880/837
f 830/873/830 829/872/829 838/881/838 839/882/839
f 831/874/831 830/873/830 839/882/839 840/883/840
f 832/875/832 831/874/831 840/883/840 841/884/841
f 833/876/833 832/875/832 841/884/841 842/885/842
f 834/877/834 833/876/833 842/885/842 843/886/843
f 835/878/835 834/877/834 843/886/843 844/887/844
f 836/879/836 835/878/835 844/887/844 845/888/845
f 837/880/837 836/879/836 845/888/845 846/889/846
f 839/882/839 838/881/838 847/890/847 848/891/848
f 840/883/840 839/882/839 848/891/848 849/892/849
f 841/884/841 840/883/840 849/892/849 850/893/850
f 842/885/842 841/884/841 850/893/850 851/894/851
f 843/886/843 842/885/842 851/894/851 852/895/852
f 844/887/844 843/886/843 852/895/852 853/896/853
f 845/888/845 844/887/844 853/896/853 854/897/854
f 846/889/846 845/888/845 854/897/854 855/898/855
f 848/891/848 847/890/847 856/899/856 857/900/857
f 849/892/849 848/891/848 857/900/857 858/901/858
f 850/893/850 849/892/849 858/901/858 859/902/859
f 851/894/851 850/893/850 859/902/859 860/903/860
f 852/895/852 851/894/851 860/903/860 861/904/861
f 853/896/853 852/895/852 861/904/861 862/905/862
f 854/897/854 853/896/853 862/905/862 863/906/863
f 855/898/855 854/897/854 863/906/863 864/907/864
f 857/900/857 856/899/856 865/908/865 866/909/866
f 858/901/858 857/900/857 866/909/866 867/910/867
f 859/902/859 858/901/858 867/910/867 868/911/868
f 860/903/860 859/902/859 868/911/868 869/912/869
f 861/904/861 860/903/860 869/912/869 870/913/870
f 862/905/862 861/904/861 870/913/870 871/914/871
f 863/906/863 862/905/862 871/914/871 872/915/872
f 864/907/864 863/906/863 872/915/872 873/916/873
f 674/917/674 617/844/617 810/853/810 874/925/874
f 675/918/675 674/917/674 874/925/874 875/926/875
f 676/919/676 675/918/675 875/926/875 876/927/876
f 677/920/677 676/919/676 876/927/876 877/928/877
f 678/921/678 677/920/677 877/928/877 878/929/878
f 679/922/679 678/921/678 878/929/878 879/930/879
f 680/923/680 679/922/679 879/930/879 880/931/880
f 681/924/681 680/923/680 880/931/880 881/932/881
f 874/925/874 810/853/810 819/862/819 882/933/882
f 875/926/875 874/925/874 882/933/882 883/934/883
f 876/927/876 875/926/875 883/934/883 884/935/884
f 877/928/877 876/927/876 884/935/884 885/936/885
f 878/929/878 877/928/877 885/936/885 886/937/886
f 879/930/879 878/929/878 886/937/886 887/938/887
f 880/931/880 879/930/879 887/938/887 888/939/888
f 881/932/881 880/931/880 888/939/888 889/940/889
f 882/933/882 819/862/819 828/871/828 890/941/890
f 883/934/883 882/933/882 890/941/890 891/942/891
f 884/935/884 883/934/883 891/942/891 892/943/892
f 885/936/885 884/935/884 892/943/892 893/944/893
f 886/937/886 885/936/885 893/944/893 894/945/894
f 887/938/887 886/937/886 894/945/894 895/946/895
f 888/939/888 887/938/887 895/946/895 896/947/896
f 889/940/889 888/939/888 896/947/896 897/948/897
f 890/941/890 828/871/828 837/880/837 898/949/898
f 891/942/891 890/941/890 898/949/898 899/950/899
f 892/943/892 891/942/891 899/950/899 900/951/900
f 893/944/893 892/943/892 900/951/900 901/952/901
f 894/945/894 893/944/893 901/952/901 902/953/902
f 895/946/895 894/945/894 902/953/902 903/954/903
f 896/947/896 895/946/895 903/954/903 904/955/904
f 897/948/897 896/947/896 904/955/904 905/956/905
f 898/949/898 837/880/837 846/889/846 906/957/906
f 899/950/899 898/949/898 906/957/906 907/958/907
f 900/951/900 899/950/899 907/958/907 908/959/908
f 901/952/901 900/951/900 908/959/908 909/960/909
f 902/953/902 901/952/901 909/960/909 910/961/910
f 903/954/903 902/953/902 910/961/910 911/962/911
f 904/955/904 903/954/903 911/962/911 912/963/912
f 905/956/905 904/955/904 912/963/912 913/964/913
f 906/957/906 846/889/846 855/898/855 914/965/914
f 907/958/907 906/957/906 914/965/914 915/966/915
f 908/959/908 907/958/907 915/966/915 916/967/916
f 909/960/909 908/959/908 916/967/916 917/968/917
f 910/961/910 909/960/909 917/968/917 918/969/918
f 911/962/911 910/961/910 918/969/918 919/970/919
f 912/963/912 911/962/911 919/970/919 920/971/920
f 913/964/913 912/963/912 920/971/920 921/972/921
f 914/965/914 855/898/855 864/907/864 922/973/922
f 915/966/915 914/965/914 922/973/922 923/974/923
f 916/967/916 915/966/915 923/974/923 924/975/924
f 917/968/917 916/967/916 924/975/924 925/976/925
f 918/969/918 917/968/917 925/976/925 926/977/926
f 919/970/919 918/969/918 926/977/926 927/978/927
f 920/971/920 919/970/919 927/978/927 928/979/928
f 921/972/921 920/971/920 928/979/928 929/980/929
f 922/973/922 864/907/864 873/916/873 930/981/930
f 923/974/923 922/973/922 930/981/930 931/982/931
f 924/975/924 923/974/923 931/982/931 932/983/932
f 925/976/925 924/975/924 932/983/932 933/984/933
f 926/977/926 925/976/925 933/984/933 934/985/934
f 927/978/927 926/977/926 934/985/934 935/986/935
f 928/979/928 927/978/927 935/986/935 936/987/936
f 929/980/929 928/979/928 936/987/936 937/988/937
f 938/997/938 738/989/738 739/990/739 939/998/939
f 939/998/939 739/990/739 740/991/740 940/999/940
f 940/999/940 740/991/740 741/992/741 941/1000/941
f 941/1000/941 741/992/741 742/993/742 942/1001/942
f 942/1001/942 742/993/742 743/994/743 943/1002/943
f 943/1002/943 743/994/743 744/995/744 944/1003/944
f 944/1003/944 744/995/744 745/996/745 945/1004/945
f 945/1004/945 745/996/745 681/924/681 881/932/881
f 946/1005/946 938/997/938 939/998/939 947/1006/947
f 947/1006/947 939/998/939 940/999/940 948/1007/948
f 948/1007/948 940/999/940 941/1000/941 949/1008/949
f 949/1008/949 941/1000/941 942/1001/942 950/1009/950
f 950/1009/950 942/1001/942 943/1002/943 951/1010/951
f 951/1010/951 943/1002/943 944/1003/944 952/1011/952
f 952/1011/952 944/1003/944 945/1004/945 953/1012/953
f 953/1012/953 945/1004/945 881/932/881 889/940/889
f 954/1013/954 946/1005/946 947/1006/947 955/1014/955
f 955/1014/955 947/1006/947 948/1007/948 956/1015/956
f 956/1015/956 948/1007/948 949/1008/949 957/1016/957
f 957/1016/957 949/1008/949 950/1009/950 958/1017/958
f 958/1017/958 950/1009/950 951/1010/951 959/1018/959
f 959/1018/959 951/1010/951 952/1011/952 960/1019/960
f 960/1019/960 952/1011/952 953/1012/953 961/1020/961
f 961/1020/961 953/1012/953 889/940/889 897/948/897
f 962/1021/962 954/1013/954 955/1014/955 963/1022/963
f 963/1022/963 955/1014/955 956/1015/956 964/1023/964
f 964/1023/964 956/1015/956 957/1016/957 965/1024/965
f 965/1024/965 957/1016/957 958/1017/958 966/1025/966
f 966/1025/966 958/1017/958 959/1018/959 967/1026/967
f 967/1026/967 959/1018/959 960/1019/960 968/1027/968
f 968/1027/968 960/1019/960 961/1020/961 969/1028/969
f 969/1028/969 961/1020/961 897/948/897 905/956/905
f 970/1029/970 962/1021/962 963/1022/963 971/1030/971
f 971/1030/971 963/1022/963 964/1023/964 972/1031/972
f 972/1031/972 964/1023/964 965/1024/965 973/1032/973
f 973/1032/973 965/1024/965 966/1025/966 974/1033/974
f 974/1033/974 966/1025/966 967/1026/967 975/1034/975
f 975/1034/975 967/1026/967 968/1027/968 976/1035/976
f 976/1035/976 968/1027/968 969/1028/969 977/1036/977
f 977/1036/977 969/1028/969 905/956/905 913/964/913
f 978/1037/978 970/1029/970 971/1030/971 979/1038/979
f 979/1038/979 971/1030/971 972/1031/972 980/1039/980
f 980/1039/980 972/1031/972 973/1032/973 981/1040/981
f 981/1040/981 973/1032/973 974/1033/974 982/1041/982
f 982/1041/982 974/1033/974 975/1034/975 983/1042/983
f 983/1042/983 975/1034/975 976/1035/976 984/1043/984
f 984/1043/984 976/1035/976 977/1036/977 985/1044/985
f 985/1044/985 977/1036/977 913/964/913 921/972/921
f 986/1045/986 978/1037/978 979/1038/979 987/1046/987
f 987/1046/987 979/1038/979 980/1039/980 988/1047/988
f 988/1047/988 980/1039/980 981/1040/981 989/1048/989
f 989/1048/989 981/1040/981 982/1041/982 990/1049/990
f 990/1049/990 982/1041/982 983/1042/983 991/1050/991
f 991/1050/991 983/1042/983 984/1043/984 992/1051/992
f 992/1051/992 984/1043/984 985/1044/985 993/1052/993
f 993/1052/993 985/1044/985 921/972/921 929/980/929
f 994/1053/994 986/1045/986 987/1046/987 995/1054/995
f 995/1054/995 987/1046/987 988/1047/988 996/1055/996
f 996/1055/996 988/1047/988 989/1048/989 997/1056/997
f 997/1056/997 989/1048/989 990/1049/990 998/1057/998
f 998/1057/998 990/1049/990 991/1050/991 999/1058/999
f 999/1058/999 991/1050/991 992/1051/992 1000/1059/1000
f 1000/1059/1000 992/1051/992 993/1052/993 1001/1060/1001
f 1001/1060/1001 993/1052/993 929/980/929 937/988/937
f 802/845/802 609/836/609 795/1061/795 1002/1068/1002
f 1002/1068/1002 795/1061/795 796/1062/796 1003/1069/1003
f 1003/1069/1003 796/1062/796 797/1063/797 1004/1070/1004
f 1004/1070/1004 797/1063/797 798/1064/798 1005/1071/1005
f 1005/1071/1005 798/1064/798 799/1065/799 1006/1072/1006
f 1006/1072/1006 799/1065/799 800/1066/800 1007/1073/1007
f 1007/1073/1007 800/1066/800 801/1067/801 1008/1074/1008
f 1008/1074/1008 801/1067/801 738/989/738 938/997/938
f 811/854/811 802/845/802 1002/1068/1002 1009/1075/1009
f 1009/1075/1009 1002/1068/1002 1003/1069/1003 1010/1076/1010
f 1010/1076/1010 1003/1069/1003 1004/1070/1004 1011/1077/1011
f 1011/1077/1011 1004/1070/1004 1005/1071/1005 1012/1078/1012
f 1012/1078/1012 1005/1071/1005 1006/1072/1006 1013/1079/1013
f 1013/1079/1013 1006/1072/1006 1007/1073/1007 1014/1080/1014
f 1014/1080/1014 1007/1073/1007 1008/1074/1008 1015/1081/1015
f 1015/1081/1015 1008/1074/1008 938/997/938 946/1005/946
f 820/863/820 811/854/811 1009/1075/1009 1016/1082/1016
f 1016/1082/1016 1009/1075/1009 1010/1076/1010 1017/1083/1017
f 1017/1083/1017 1010/1076/1010 1011/1077/1011 1018/1084/1018
f 1018/1084/1018 1011/1077/1011 1012/1078/1012 1019/1085/1019
f 1019/1085/1019 1012/1078/1012 1013/1079/1013 1020/1086/1020
f 1020/1086/1020 1013/1079/1013 1014/1080/1014 1021/1087/1021
f 1021/1087/1021 1014/1080/1014 1015/1081/1015 1022/1088/1022
f 1022/1088/1022 1015/1081/1015 946/1005/946 954/1013/954
f 829/872/829 820/863/820 1016/1082/1016 1023/1089/1023
f 1023/1089/1023 1016/1082/1016 1017/1083/1017 1024/1090/1024
f 1024/1090/1024 1017/1083/1017 1018/1084/1018 1025/1091/1025
f 1025/1091/1025 1018/1084/1018 1019/1085/1019 1026/1092/1026
f 1026/1092/1026 1019/1085/1019 1020/1086/1020 1027/1093/1027
f 1027/1093/1027 1020/1086/1020 1021/1087/1021 1028/1094/1028
f 1028/1094/1028 1021/1087/1021 1022/1088/1022 1029/1095/1029
f 1029/1095/1029 1022/1088/1022 954/1013/954 962/1021/962
f 838/881/838 829/872/829 1023/1089/1023 1030/1096/1030
f 1030/1096/1030 1023/1089/1023 1024/1090/1024 1031/1097/1031
f 1031/1097/1031 1024/1090/1024 1025/1091/1025 1032/1098/1032
f 1032/1098/1032 1025/1091/1025 1026/1092/1026 1033/1099/1033
f 1033/1099/1033 1026/1092/1026 1027/1093/1027 1034/1100/1034
f 1034/1100/1034 1027/1093/1027 1028/1094/1028 1035/1101/1035
f 1035/1101/1035 1028/1094/1028 1029/1095/1029 1036/1102/1036
f 1036/1102/1036 1029/1095/1029 962/1021/962 970/1029/970
f 847/890/847 838/881/838 1030/1096/1030 1037/1103/1037
f 1037/1103/1037 1030/1096/1030 1031/1097/1031 1038/1104/1038
f 1038/1104/1038 1031/1097/1031 1032/1098/1032 1039/1105/1039
f 1039/1105/1039 1032/1098/1032 1033/1099/1033 1040/1106/1040
f 1040/1106/1040 1033/1099/1033 1034/1100/1034 1041/1107/1041
f 1041/1107/1041 1034/1100/1034 1035/1101/1035 1042/1108/1042
f 1042/1108/1042 1035/1101/1035 1036/1102/1036 1043/1109/1043
f 1043/1109/1043 1036/1102/1036 970/1029/970 978/1037/978
f 856/899/856 847/890/847 1037/1103/1037 1044/1110/1044
f 1044/1110/1044 1037/1103/1037 1038/1104/1038 1045/1111/1045
f 1045/1111/1045 1038/1104/1038 1039/1105/1039 1046/1112/1046
f 1046/1112/1046 1039/1105/1039 1040/1106/1040 1047/1113/1047
f 1047/1113/1047 1040/1106/1040 1041/1107/1041 1048/1114/1048
f 1048/1114/1048 1041/1107/1041 1042/1108/1042 1049/1115/1049
f 1049/1115/1049 1042/1108/1042 1043/1109/1043 1050/1116/1050
f 1050/1116/1050 1043/1109/1043 978/1037/978 986/1045/986
f 865/908/865 856/899/856 1044/1110/1044 1051/1117/1051
f 1051/1117/1051 1044/1110/1044 1045/1111/1045 1052/1118/1052
f 1052/1118/1052 1045/1111/1045 1046/1112/1046 1053/1119/1053
f 1053/1119/1053 1046/1112/1046 1047/1113/1047 1054/1120/1054
f 1054/1120/1054 1047/1113/1047 1048/1114/1048 1055/1121/1055
f 1055/1121/1055 1048/1114/1048 1049/1115/1049 1056/1122/1056
f 1056/1122/1056 1049/1115/1049 1050/1116/1050 1057/1123/1057
f 1057/1123/1057 1050/1116/1050 986/1045/986 994/1053/994
f 1059/1125/1059 1058/1124/1058 1067/1133/1067 1068/1134/1068
f 1060/1126/1060 1059/1125/1059 1068/1134/1068 1069/1135/1069
f 1061/1127/1061 1060/1126/1060 1069/1135/1069 1070/1136/1070
f 1062/1128/1062 1061/1127/1061 1070/1136/1070 1071/1137/1071
f 1063/1129/1063 1062/1128/1062 1071/1137/1071 1072/1138/1072
f 1064/1130/1064 1063/1129/1063 1072/1138/1072 1073/1139/1073
f 1065/1131/1065 1064/1130/1064 1073/1139/1073 1074/1140/1074
f 1066/1132/1066 1065/1131/1065 1074/1140/1074 1075/1141/1075
f 1068/1134/1068 1067/1133/1067 1076/1142/1076 1077/1143/1077
f 1069/1135/1069 1068/1134/1068 1077/1143/1077 1078/1144/1078
f 1070/1136/1070 1069/1135/1069 1078/1144/1078 1079/1145/1079
f 1071/1137/1071 1070/1136/1070 1079/1145/1079 1080/1146/1080
f 1072/1138/1072 1071/1137/1071 1080/1146/1080 1081/1147/1081
f 1073/1139/1073 1072/1138/1072 1081/1147/1081 1082/1148/1082
f 1074/1140/1074 1073/1139/1073 1082/1148/1082 1083/1149/1083
f 1075/1141/1075 1074/1140/1074 1083/1149/1083 1084/1150/1084
f 1077/1143/1077 1076/1142/1076 1085/1151/1085 1086/1152/1086
f 1078/1144/1078 1077/1143/1077 1086/1152/1086 1087/1153/1087
f 1079/1145/1079 1078/1144/1078 1087/1153/1087 1088/1154/1088
f 1080/1146/1080 1079/1145/1079 1088/1154/1088 1089/1155/1089
f 1081/1147/1081 1080/1146/1080 1089/1155/1089 1090/1156/1090
f 1082/1148/1082 1081/1147/1081 1090/1156/1090 1091/1157/1091
f 1083/1149/1083 1082/1148/1082 1091/1157/1091 1092/1158/1092
f 1084/1150/1084 1083/1149/1083 1092/1158/1092 1093/1159/1093
f 1086/1152/1086 1085/1151/1085 1094/1160/1094 1095/1161/1095
f 1087/1153/1087 1086/1152/1086 1095/1161/1095 1096/1162/1096
f 1088/1154/1088 1087/1153/1087 1096/1162/1096 1097/1163/1097
f 1089/1155/1089 1088/1154/1088 1097/1163/1097 1098/1164/1098
f 1090/1156/1090 1089/1155/1089 1098/1164/1098 1099/1165/1099
f 1091/1157/1091 1090/1156/1090 1099/1165/1099 1100/1166/1100
f 1092/1158/1092 1091/1157/1091 1100/1166/1100 1101/1167/1101
f 1093/1159/1093 1092/1158/1092 1101/1167/1101 1102/1168/1102
f 1095/1161/1095 1094/1160/1094 1103/1169/1103 1104/1170/1104
f 1096/1162/1096 1095/1161/1095 1104/1170/1104 1105/1171/1105
f 1097/1163/1097 1096/1162/1096 1105/1171/1105 1106/1172/1106
f 1098/1164/1098 1097/1163/1097 1106/1172/1106 1107/1173/1107
f 1099/1165/1099 1098/1164/1098 1107/1173/1107 1108/1174/1108
f 1100/1166/1100 1099/1165/1099 1108/1174/1108 1109/1175/1109
f 1101/1167/1101 1100/1166/1100 1109/1175/1109 1110/1176/1110
f 1102/1168/1102 1101/1167/1101 1110/1176/1110 1111/1177/1111
f 1104/1170/1104 1103/1169/1103 1112/1178/1112 1113/1179/1113
f 1105/1171/1105 1104/1170/1104 1113/1179/1113 1114/1180/1114
f 1106/1172/1106 1105/1171/1105 1114/1180/1114 1115/1181/1115
f 1107/1173/1107 1106/1172/1106 1115/1181/1115 1116/1182/1116
f 1108/1174/1108 1107/1173/1107 1116/1182/1116 1117/1183/1117
f 1109/1175/1109 1108/1174/1108 1117/1183/1117 1118/1184/1118
f 1110/1176/1110 1109/1175/1109 1118/1184/1118 1119/1185/1119
f 1111/1177/1111 1110/1176/1110 1119/1185/1119 1120/1186/1120
f 1113/1179/1113 1112/1178/1112 1121/1187/1121 1122/1188/1122
f 1114/1180/1114 1113/1179/1113 1122/1188/1122 1123/1189/1123
f 1115/1181/1115 1114/1180/1114 1123/1189/1123 1124/1190/1124
f 1116/1182/1116 1115/1181/1115 1124/1190/1124 1125/1191/1125
f 1117/1183/1117 1116/1182/1116 1125/1191/1125 1126/1192/1126
f 1118/1184/1118 1117/1183/1117 1126/1192/1126 1127/1193/1127
f 1119/1185/1119 1118/1184/1118 1127/1193/1127 1128/1194/1128
f 1120/1186/1120 1119/1185/1119 1128/1194/1128 1129/1195/1129
f 1122/1188/1122 1121/1187/1121 1130/1196/1130 1131/1197/1131
f 1123/1189/1123 1122/1188/1122 1131/1197/1131 1132/1198/1132
f 1124/1190/1124 1123/1189/1123 1132/1198/1132 1133/1199/1133
f 1125/1191/1125 1124/1190/1124 1133/1199/1133 1134/1200/1134
f 1126/1192/1126 1125/1191/1125 1134/1200/1134 1135/1201/1135
f 1127/1193/1127 1126/1192/1126 1135/1201/1135 1136/1202/1136
f 1128/1194/1128 1127/1193/1127 1136/1202/1136 1137/1203/1137
f 1129/1195/1129 1128/1194/1128 1137/1203/1137 1138/1204/1138
f 1139/1205/1139 1066/1132/1066 1075/1141/1075 1147/1213/1147
f 1140/1206/1140 1139/1205/1139 1147/1213/1147 1148/1214/1148
f 1141/1207/1141 1140/1206/1140 1148/1214/1148 1149/1215/1149
f 1142/1208/1142 1141/1207/1141 1149/1215/1149 1150/1216/1150
f 1143/1209/1143 1142/1208/1142 1150/1216/1150 1151/1217/1151
f 1144/1210/1144 1143/1209/1143 1151/1217/1151 1152/1218/1152
f 1145/1211/1145 1144/1210/1144 1152/1218/1152 1153/1219/1153
f 1146/1212/1146 1145/1211/1145 1153/1219/1153 1154/1220/1154
f 1147/1213/1147 1075/1141/1075 1084/1150/1084 1155/1221/1155
f 1148/1214/1148 1147/1213/1147 1155/1221/1155 1156/1222/1156
f 1149/1215/1149 1148/1214/1148 1156/1222/1156 1157/1223/1157
f 1150/1216/1150 1149/1215/1149 1157/1223/1157 1158/1224/1158
f 1151/1217/1151 1150/1216/1150 1158/1224/1158 1159/1225/1159
f 1152/1218/1152 1151/1217/1151 1159/1225/1159 1160/1226/1160
f 1153/1219/1153 1152/1218/1152 1160/1226/1160 1161/1227/1161
f 1154/1220/1154 1153/1219/1153 1161/1227/1161 1162/1228/1162
f 1155/1221/1155 1084/1150/1084 1093/1159/1093 1163/1229/1163
f 1156/1222/1156 1155/1221/1155 1163/1229/1163 1164/1230/1164
f 1157/1223/1157 1156/1222/1156 1164/1230/1164 1165/1231/1165
f 1158/1224/1158 1157/1223/1157 1165/1231/1165 1166/1232/1166
f 1159/1225/1159 1158/1224/1158 1166/1232/1166 1167/1233/1167
f 1160/1226/1160 1159/1225/1159 1167/1233/1167 1168/1234/1168
f 1161/1227/1161 1160/1226/1160 1168/1234/1168 1169/1235/1169
f 1162/1228/1162 1161/1227/1161 1169/1235/1169 1170/1236/1170
f 1163/1229/1163 1093/1159/1093 1102/1168/1102 1171/1237/1171
f 1164/1230/1164 1163/1229/1163 1171/1237/1171 1172/1238/1172
f 1165/1231/1165 1164/1230/1164 1172/1238/1172 1173/1239/1173
f 1166/1232/1166 1165/1231/1165 1173/1239/1173 1174/1240/1174
f 1167/1233/1167 1166/1232/1166 1174/1240/1174 1175/1241/1175
f 1168/1234/1168 1167/1233/1167 1175/1241/1175 1176/1242/1176
f 1169/1235/1169 1168/1234/1168 1176/1242/1176 1177/1243/1177
f 1170/1236/1170 1169/1235/1169 1177/1243/1177 1178/1244/1178
f 1171/1237/1171 1102/1168/1102 1111/1177/1111 1179/1245/1179
f 1172/1238/1172 1171/1237/1171 1179/1245/1179 1180/1246/1180
f 1173/1239/1173 1172/1238/1172 1180/1246/1180 1181/1247/1181
f 1174/1240/1174 1173/1239/1173 1181/1247/1181 1182/1248/1182
f 1175/1241/1175 1174/1240/1174 1182/1248/1182 1183/1249/1183
f 1176/1242/1176 1175/1241/1175 1183/1249/1183 1184/1250/1184
f 1177/1243/1177 1176/1242/1176 1184/1250/1184 1185/1251/1185
f 1178/1244/1178 1177/1243/1177 1185/1251/1185 1186/1252/1186
f 1179/1245/1179 1111/1177/1111 1120/1186/1120 1187/1253/1187
f 1180/1246/1180 1179/1245/1179 1187/1253/1187 1188/1254/1188
f 1181/1247/1181 1180/1246/1180 1188/1254/1188 1189/1255/1189
f 1182/1248/1182 1181/1247/1181 1189/1255/1189 1190/1256/1190
f 1183/1249/1183 1182/1248/1182 1190/1256/1190 1191/1257/1191
f 1184/1250/1184 1183/1249/1183 1191/1257/1191 1192/1258/1192
f 1185/1251/1185 1184/1250/1184 1192/1258/1192 1193/1259/1193
f 1186/1252/1186 1185/1251/1185 1193/1259/1193 1194/1260/1194
f 1187/1253/1187 1120/1186/1120 1129/1195/1129 1195/1261/1195
f 1188/1254/1188 1187/1253/1187 1195/1261/1195 1196/1262/1196
f 1189/1255/1189 1188/1254/1188 1196/1262/1196 1197/1263/1197
f 1190/1256/1190 1189/1255/1189 1197/1263/1197 1198/1264/1198
f 1191/1257/1191 1190/1256/1190 1198/1264/1198 1199/1265/1199
f 1192/1258/1192 1191/1257/1191 1199/1265/1199 1200/1266/1200
f 1193/1259/1193 1192/1258/1192 1200/1266/1200 1201/1267/1201
f 1194/1260/1194 1193/1259/1193 1201/1267/1201 1202/1268/1202
f 1195/1261/1195 1129/1195/1129 1138/1204/1138 1203/1269/1203
f 1196/1262/1196 1195/1261/1195 1203/1269/1203 1204/1270/1204
f 1197/1263/1197 1196/1262/1196 1204/1270/1204 1205/1271/1205
f 1198/1264/1198 1197/1263/1197 1205/1271/1205 1206/1272/1206
f 1199/1265/1199 1198/1264/1198 1206/1272/1206 1207/1273/1207
f 1200/1266/1200 1199/1265/1199 1207/1273/1207 1208/1274/1208
f 1201/1267/1201 1200/1266/1200 1208/1274/1208 1209/1275/1209
f 1202/1268/1202 1201/1267/1201 1209/1275/1209 1210/1276/1210
f 1219/1285/1219 1211/1277/1211 1212/1278/1212 1220/1286/1220
f 1220/1286/1220 1212/1278/1212 1213/1279/1213 1221/1287/1221
f 1221/1287/1221 1213/1279/1213 1214/1280/1214 1222/1288/1222
f 1222/1288/1222 1214/1280/1214 1215/1281/1215 1223/1289/1223
f 1223/1289/1223 1215/1281/1215 1216/1282/1216 1224/1290/1224
f 1224/1290/1224 1216/1282/1216 1217/1283/1217 1225/1291/1225
f 1225/1291/1225 1217/1283/1217 1218/1284/1218 1226/1292/1226
f 1226/1292/1226 1218/1284/1218 1146/1212/1146 1154/1220/1154
f 1227/1293/1227 1219/1285/1219 1220/1286/1220 1228/1294/1228
f 1228/1294/1228 1220/1286/1220 1221/1287/1221 1229/1295/1229
f 1229/1295/1229 1221/1287/1221 1222/1288/1222 1230/1296/1230
f 1230/1296/1230 1222/1288/1222 1223/1289/1223 1231/1297/1231
f 1231/1297/1231 1223/1289/1223 1224/1290/1224 1232/1298/1232
f 1232/1298/1232 1224/1290/1224 1225/1291/1225 1233/1299/1233
f 1233/1299/1233 1225/1291/1225 1226/1292/1226 1234/1300/1234
f 1234/1300/1234 1226/1292/1226 1154/1220/1154 1162/1228/1162
f 1235/1301/1235 1227/1293/1227 1228/1294/1228 1236/1302/1236
f 1236/1302/1236 1228/1294/1228 1229/1295/1229 1237/1303/1237
f 1237/1303/1237 1229/1295/1229 1230/1296/1230 1238/1304/1238
f 1238/1304/1238 1230/1296/1230 1231/1297/1231 1239/1305/1239
f 1239/1305/1239 1231/1297/1231 1232/1298/1232 1240/1306/1240
f 1240/1306/1240 1232/1298/1232 1233/1299/1233 1241/1307/1241
f 1241/1307/1241 1233/1299/1233 1234/1300/1234 1242/1308/1242
f 1242/1308/1242 1234/1300/1234 1162/1228/1162 1170/1236/1170
f 1243/1309/1243 1235/1301/1235 1236/1302/1236 1244/1310/1244
f 1244/1310/1244 1236/1302/1236 1237/1303/1237 1245/1311/1245
f 1245/1311/1245 1237/1303/1237 1238/1304/1238 1246/1312/1246
f 1246/1312/1246 1238/1304/1238 1239/1305/1239 1247/1313/1247
f 1247/1313/1247 1239/1305/1239 1240/1306/1240 1248/1314/1248
f 1248/1314/1248 1240/1306/1240 1241/1307/1241 1249/1315/1249
f 1249/1315/1249 1241/1307/1241 1242/1308/1242 1250/1316/1250
f 1250/1316/1250 1242/1308/1242 1170/1236/1170 1178/1244/1178
f 1251/1317/1251 1243/1309/1243 1244/1310/1244 1252/1318/1252
f 1252/1318/1252 1244/1310/1244 1245/1311/1245 1253/1319/1253
f 1253/1319/1253 1245/1311/1245 1246/1312/1246 1254/1320/1254
f 1254/1320/1254 1246/1312/1246 1247/1313/1247 1255/1321/1255
f 1255/1321/1255 1247/1313/1247 1248/1314/1248 1256/1322/1256
f 1256/1322/1256 1248/1314/1248 1249/1315/1249 1257/1323/1257
f 1257/1323/1257 1249/1315/1249 1250/1316/1250 1258/1324/1258
f 1258/1324/1258 1250/1316/1250 1178/1244/1178 1186/1252/1186
f 1259/1325/1259 1251/1317/1251 1252/1318/1252 1260/1326/1260
f 1260/1326/1260 1252/1318/1252 1253/1319/1253 1261/1327/1261
f 1261/1327/1261 1253/1319/1253 1254/1320/1254 1262/1328/1262
f 1262/1328/1262 1254/1320/1254 1255/1321/1255 1263/1329/1263
f 1263/1329/1263 1255/1321/1255 1256/1322/1256 1264/1330/1264
f 1264/1330/1264 1256/1322/1256 1257/1323/1257 1265/1331/1265
f 1265/1331/1265 1257/1323/1257 1258/1324/1258 1266/1332/1266
f 1266/1332/1266 1258/1324/1258 1186/1252/1186 1194/1260/1194
f 1267/1333/1267 1259/1325/1259 1260/1326/1260 1268/1334/1268
f 1268/1334/1268 1260/1326/1260 1261/1327/1261 1269/1335/1269
f 1269/1335/1269 1261/1327/1261 1262/1328/1262 1270/1336/1270
f 1270/1336/1270 1262/1328/1262 1263/1329/1263 1271/1337/1271
f 1271/1337/1271 1263/1329/1263 1264/1330/1264 1272/1338/1272
f 1272/1338/1272 1264/1330/1264 1265/1331/1265 1273/1339/1273
f 1273/1339/1273 1265/1331/1265 1266/1332/1266 1274/1340/1274
f 1274/1340/1274 1266/1332/1266 1194/1260/1194 1202/1268/1202
f 1275/1341/1275 1267/1333/1267 1268/1334/1268 1276/1342/1276
f 1276/1342/1276 1268/1334/1268 1269/1335/1269 1277/1343/1277
f 1277/1343/1277 1269/1335/1269 1270/1336/1270 1278/1344/1278
f 1278/1344/1278 1270/1336/1270 1271/1337/1271 1279/1345/1279
f 1279/1345/1279 1271/1337/1271 1272/1338/1272 1280/1346/1280
f 1280/1346/1280 1272/1338/1272 1273/1339/1273 1281/1347/1281
f 1281/1347/1281 1273/1339/1273 1274/1340/1274 1282/1348/1282
f 1282/1348/1282 1274/1340/1274 1202/1268/1202 1210/1276/1210
f 1067/1357/1067 1058/1349/1058 1283/1350/1283 1290/1358/1290
f 1290/1358/1290 1283/1350/1283 1284/1351/1284 1291/1359/1291
f 1291/1359/1291 1284/1351/1284 1285/1352/1285 1292/1360/1292
f 1292/1360/1292 1285/1352/1285 1286/1353/1286 1293/1361/1293
f 1293/1361/1293 1286/1353/1286 1287/1354/1287 1294/1362/1294
f 1294/1362/1294 1287/1354/1287 1288/1355/1288 1295/1363/1295
f 1295/1363/1295 1288/1355/1288 1289/1356/1289 1296/1364/1296
f 1296/1364/1296 1289/1356/1289 1211/1277/1211 1219/1285/1219
f 1076/1365/1076 1067/1357/1067 1290/1358/1290 1297/1366/1297
f 1297/1366/1297 1290/1358/1290 1291/1359/1291 1298/1367/1298
f 1298/1367/1298 1291/1359/1291 1292/1360/1292 1299/1368/1299
f 1299/1368/1299 1292/1360/1292 1293/1361/1293 1300/1369/1300
f 1300/1369/1300 1293/1361/1293 1294/1362/1294 1301/1370/1301
f 1301/1370/1301 1294/1362/1294 1295/1363/1295 1302/1371/1302
f 1302/1371/1302 1295/1363/1295 1296/1364/1296 1303/1372/1303
f 1303/1372/1303 1296/1364/1296 1219/1285/1219 1227/1293/1227
f 1085/1373/1085 1076/1365/1076 1297/1366/1297 1304/1374/1304
f 1304/1374/1304 1297/1366/1297 1298/1367/1298 1305/1375/1305
f 1305/1375/1305 1298/1367/1298 1299/1368/1299 1306/1376/1306
f 1306/1376/1306 1299/1368/1299 1300/1369/1300 1307/1377/1307
f 1307/1377/1307 1300/1369/1300 1301/1370/1301 1308/1378/1308
f 1308/1378/1308 1301/1370/1301 1302/1371/1302 1309/1379/1309
f 1309/1379/1309 1302/1371/1302 1303/1372/1303 1310/1380/1310
f 1310/1380/1310 1303/1372/1303 1227/1293/1227 1235/1301/1235
f 1094/1381/1094 1085/1373/1085 1304/1374/1304 1311/1382/1311
f 1311/1382/1311 1304/1374/1304 1305/1375/1305 1312/1383/1312
f 1312/1383/1312 1305/1375/1305 1306/1376/1306 1313/1384/1313
f 1313/1384/1313 1306/1376/1306 1307/1377/1307 1314/1385/1314
f 1314/1385/1314 1307/1377/1307 1308/1378/1308 1315/1386/1315
f 1315/1386/1315 1308/1378/1308 1309/1379/1309 1316/1387/1316
f 1316/1387/1316 1309/1379/1309 1310/1380/1310 1317/1388/1317
f 1317/1388/1317 1310/1380/1310 1235/1301/1235 1243/1309/1243
f 1103/1389/1103 1094/1381/1094 1311/1382/1311 1318/1390/1318
f 1318/1390/1318 1311/1382/1311 1312/1383/1312 1319/1391/1319
f 1319/1391/1319 1312/1383/1312 1313/1384/1313 1320/1392/1320
f 1320/1392/1320 1313/1384/1313 1314/1385/1314 1321/1393/1321
f 1321/1393/1321 1314/1385/1314 1315/1386/1315 1322/1394/1322
f 1322/1394/1322 1315/1386/1315 1316/1387/1316 1323/1395/1323
f 1323/1395/1323 1316/1387/1316 1317/1388/1317 1324/1396/1324
f 1324/1396/1324 1317/1388/1317 1243/1309/1243 1251/1317/1251
f 1112/1397/1112 1103/1389/1103 1318/1390/1318 1325/1398/1325
f 1325/1398/1325 1318/1390/1318 1319/1391/1319 1326/1399/1326
f 1326/1399/1326 1319/1391/1319 1320/1392/1320 1327/1400/1327
f 1327/1400/1327 1320/1392/1320 1321/1393/1321 1328/1401/1328
f 1328/1401/1328 1321/1393/1321 1322/1394/1322 1329/1402/1329
f 1329/1402/1329 1322/1394/1322 1323/1395/1323 1330/1403/1330
f 1330/1403/1330 1323/1395/1323 1324/1396/1324 1331/1404/1331
f 1331/1404/1331 1324/1396/1324 1251/1317/1251 1259/1325/1259
f 1121/1405/1121 1112/1397/1112 1325/1398/1325 1332/1406/1332
f 1332/1406/1332 1325/1398/1325 1326/1399/1326 1333/1407/1333
f 1333/1407/1333 1326/1399/1326 1327/1400/1327 1334/1408/1334
f 1334/1408/1334 1327/1400/1327 1328/1401/1328 1335/1409/1335
f 1335/1409/1335 1328/1401/1328 1329/1402/1329 1336/1410/1336
f 1336/1410/1336 1329/1402/1329 1330/1403/1330 1337/1411/1337
f 1337/1411/1337 1330/1403/1330 1331/1404/1331 1338/1412/1338
f 1338/1412/1338 1331/1404/1331 1259/1325/1259 1267/1333/1267
f 1130/1413/1130 1121/1405/1121 1332/1406/1332 1339/1414/1339
f 1339/1414/1339 1332/1406/1332 1333/1407/1333 1340/1415/1340
f 1340/1415/1340 1333/1407/1333 1334/1408/1334 1341/1416/1341
f 1341/1416/1341 1334/1408/1334 1335/1409/1335 1342/1417/1342
f 1342/1417/1342 1335/1409/1335 1336/1410/1336 1343/1418/1343
f 1343/1418/1343 1336/1410/1336 1337/1411/1337 1344/1419/1344
f 1344/1419/1344 1337/1411/1337 1338/1412/1338 1345/1420/1345
f 1345/1420/1345 1338/1412/1338 1267/1333/1267 1275/1341/1275
f 1131/1197/1131 1130/1196/1130 1346/1421/1346 1347/1422/1347
f 1132/1198/1132 1131/1197/1131 1347/1422/1347 1348/1423/1348
f 1133/1199/1133 1132/1198/1132 1348/1423/1348 1349/1424/1349
f 1134/1200/1134 1133/1199/1133 1349/1424/1349 1350/1425/1350
f 1135/1201/1135 1134/1200/1134 1350/1425/1350 1351/1426/1351
f 1136/1202/1136 1135/1201/1135 1351/1426/1351 1352/1427/1352
f 1137/1203/1137 1136/1202/1136 1352/1427/1352 1353/1428/1353
f 1138/1204/1138 1137/1203/1137 1353/1428/1353 1354/1429/1354
f 1347/1422/1347 1346/1421/1346 1355/1430/1355 1356/1431/1356
f 1348/1423/1348 1347/1422/1347 1356/1431/1356 1357/1432/1357
f 1349/1424/1349 1348/1423/1348 1357/1432/1357 1358/1433/1358
f 1350/1425/1350 1349/1424/1349 1358/1433/1358 1359/1434/1359
f 1351/1426/1351 1350/1425/1350 1359/1434/1359 1360/1435/1360
f 1352/1427/1352 1351/1426/1351 1360/1435/1360 1361/1436/1361
f 1353/1428/1353 1352/1427/1352 1361/1436/1361 1362/1437/1362
f 1354/1429/1354 1353/1428/1353 1362/1437/1362 1363/1438/1363
f 1356/1431/1356 1355/1430/1355 1364/1439/1364 1365/1440/1365
f 1357/1432/1357 1356/1431/1356 1365/1440/1365 1366/1441/1366
f 1358/1433/1358 1357/1432/1357 1366/1441/1366 1367/1442/1367
f 1359/1434/1359 1358/1433/1358 1367/1442/1367 1368/1443/1368
f 1360/1435/1360 1359/1434/1359 1368/1443/1368 1369/1444/1369
f 1361/1436/1361 1360/1435/1360 1369/1444/1369 1370/1445/1370
f 1362/1437/1362 1361/1436/1361 1370/1445/1370 1371/1446/1371
f 1363/1438/1363 1362/1437/1362 1371/1446/1371 1372/1447/1372
f 1365/1440/1365 1364/1439/1364 1373/1448/1373 1374/1449/1374
f 1366/1441/1366 1365/1440/1365 1374/1449/1374 1375/1450/1375
f 1367/1442/1367 1366/1441/1366 1375/1450/1375 1376/1451/1376
f 1368/1443/1368 1367/1442/1367 1376/1451/1376 1377/1452/1377
f 1369/1444/1369 1368/1443/1368 1377/1452/1377 1378/1453/1378
f 1370/1445/1370 1369/1444/1369 1378/1453/1378 1379/1454/1379
f 1371/1446/1371 1370/1445/1370 1379/1454/1379 1380/1455/1380
f 1372/1447/1372 1371/1446/1371 1380/1455/1380 1381/1456/1381
f 1374/1449/1374 1373/1448/1373 1382/1457/1382 1383/1458/1383
f 1375/1450/1375 1374/1449/1374 1383/1458/1383 1384/1459/1384
f 1376/1451/1376 1375/1450/1375 1384/1459/1384 1385/1460/1385
f 1377/1452/1377 1376/1451/1376 1385/1460/1385 1386/1461/1386
f 1378/1453/1378 1377/1452/1377 1386/1461/1386 1387/1462/1387
f 1379/1454/1379 1378/1453/1378 1387/1462/1387 1388/1463/1388
f 1380/1455/1380 1379/1454/1379 1388/1463/1388 1389/1464/1389
f 1381/1456/1381 1380/1455/1380 1389/1464/1389 1390/1465/1390
f 1383/1458/1383 1382/1457/1382 1391/1466/1391 1392/1467/1392
f 1384/1459/1384 1383/1458/1383 1392/1467/1392 1393/1468/1393
f 1385/1460/1385 1384/1459/1384 1393/1468/1393 1394/1469/1394
f 1386/1461/1386 1385/1460/1385 1394/1469/1394 1395/1470/1395
f 1387/1462/1387 1386/1461/1386 1395/1470/1395 1396/1471/1396
f 1388/1463/1388 1387/1462/1387 1396/1471/1396 1397/1472/1397
f 1389/1464/1389 1388/1463/1388 1397/1472/1397 1398/1473/1398
f 1390/1465/1390 1389/1464/1389 1398/1473/1398 1399/1474/1399
f 1392/1467/1392 1391/1466/1391 1400/1475/1400 1401/1476/1401
f 1393/1468/1393 1392/1467/1392 1401/1476/1401 1402/1477/1402
f 1394/1469/1394 1393/1468/1393 1402/1477/1402 1403/1478/1403
f 1395/1470/1395 1394/1469/1394 1403/1478/1403 1404/1479/1404
f 1396/1471/1396 1395/1470/1395 1404/1479/1404 1405/1480/1405
f 1397/1472/1397 1396/1471/1396 1405/1480/1405 1406/1481/1406
f 1398/1473/1398 1397/1472/1397 1406/1481/1406 1407/1482/1407
f 1399/1474/1399 1398/1473/1398 1407/1482/1407 1408/1483/1408
f 1401/1476/1401 1400/1475/1400 1409/1484/1409 1410/1485/1410
f 1402/1477/1402 1401/1476/1401 1410/1485/1410 1411/1486/1411
f 1403/1478/1403 1402/1477/1402 1411/1486/1411 1412/1487/1412
f 1404/1479/1404 1403/1478/1403 1412/1487/1412 1413/1488/1413
f 1405/1480/1405 1404/1479/1404 1413/1488/1413 1414/1489/1414
f 1406/1481/1406 1405/1480/1405 1414/1489/1414 1415/1490/1415
f 1407/1482/1407 1406/1481/1406 1415/1490/1415 1416/1491/1416
f 1408/1483/1408 1407/1482/1407 1416/1491/1416 1417/1492/1417
f 1203/1269/1203 1138/1204/1138 1354/1429/1354 1418/1493/1418
f 1204/1270/1204 1203/1269/1203 1418/1493/1418 1419/1494/1419
f 1205/1271/1205 1204/1270/1204 1419/1494/1419 1420/1495/1420
f 1206/1272/1206 1205/1271/1205 1420/1495/1420 1421/1496/1421
f 1207/1273/1207 1206/1272/1206 1421/1496/1421 1422/1497/1422
f 1208/1274/1208 1207/1273/1207 1422/1497/1422 1423/1498/1423
f 1209/1275/1209 1208/1274/1208 1423/1498/1423 1424/1499/1424
f 1210/1276/1210 1209/1275/1209 1424/1499/1424 1425/1500/1425
f 1418/1493/1418 1354/1429/1354 1363/1438/1363 1426/1501/1426
f 1419/1494/1419 1418/1493/1418 1426/1501/1426 1427/1502/1427
f 1420/1495/1420 1419/1494/1419 1427/1502/1427 1428/1503/1428
f 1421/1496/1421 1420/1495/1420 1428/1503/1428 1429/1504/1429
f 1422/1497/1422 1421/1496/1421 1429/1504/1429 1430/1505/1430
f 1423/1498/1423 1422/1497/1422 1430/1505/1430 1431/1506/1431
f 1424/1499/1424 1423/1498/1423 1431/1506/1431 1432/1507/1432
f 1425/1500/1425 1424/1499/1424 1432/1507/1432 1433/1508/1433
f 1426/1501/1426 1363/1438/1363 1372/1447/1372 1434/1509/1434
f 1427/1502/1427 1426/1501/1426 1434/1509/1434 1435/1510/1435
f 1428/1503/1428 1427/1502/1427 1435/1510/1435 1436/1511/1436
f 1429/1504/1429 1428/1503/1428 1436/1511/1436 1437/1512/1437
f 1430/1505/1430 1429/1504/1429 1437/1512/1437 1438/1513/1438
f 1431/1506/1431 1430/1505/1430 1438/1513/1438 1439/1514/1439
f 1432/1507/1432 1431/1506/1431 1439/1514/1439 1440/1515/1440
f 1433/1508/1433 1432/1507/1432 1440/1515/1440 1441/1516/1441
f 1434/1509/1434 1372/1447/1372 1381/1456/1381 1442/1517/1442
f 1435/1510/1435 1434/1509/1434 1442/1517/1442 1443/1518/1443
f 1436/1511/1436 1435/1510/1435 1443/1518/1443 1444/1519/1444
f 1437/1512/1437 1436/1511/1436 1444/1519/1444 1445/1520/1445
f 1438/1513/1438 1437/1512/1437 1445/1520/1445 1446/1521/1446
f 1439/1514/1439 1438/1513/1438 1446/1521/1446 1447/1522/1447
f 1440/1515/1440 1439/1514/1439 1447/1522/1447 1448/1523/1448
f 1441/1516/1441 1440/1515/1440 1448/1523/1448 1449/1524/1449
f 1442/1517/1442 1381/1456/1381 1390/1465/1390 1450/1525/1450
f 1443/1518/1443 1442/1517/1442 1450/1525/1450 1451/1526/1451
f 1444/1519/1444 1443/1518/1443 1451/1526/1451 1452/1527/1452
f 1445/1520/1445 1444/1519/1444 1452/1527/1452 1453/1528/1453
f 1446/1521/1446 1445/1520/1445 1453/1528/1453 1454/1529/1454
f 1447/1522/1447 1446/1521/1446 1454/1529/1454 1455/1530/1455
f 1448/1523/1448 1447/1522/1447 1455/1530/1455 1456/1531/1456
f 1449/1524/1449 1448/1523/1448 1456/1531/1456 1457/1532/1457
f 1450/1525/1450 1390/1465/1390 1399/1474/1399 1458/1533/1458
f 1451/1526/1451 1450/1525/1450 1458/1533/1458 1459/1534/1459
f 1452/1527/1452 1451/1526/1451 1459/1534/1459 1460/1535/1460
f 1453/1528/1453 1452/1527/1452 1460/1535/1460 1461/1536/1461
f 1454/1529/1454 1453/1528/1453 1461/1536/1461 1462/1537/1462
f 1455/1530/1455 1454/1529/1454 1462/1537/1462 1463/1538/1463
f 1456/1531/1456 1455/1530/1455 1463/1538/1463 1464/1539/1464
f 1457/1532/1457 1456/1531/1456 1464/1539/1464 1465/1540/1465
f 1458/1533/1458 1399/1474/1399 1408/1483/1408 1466/1541/1466
f 1459/1534/1459 1458/1533/1458 1466/1541/1466 1467/1542/1467
f 1460/1535/1460 1459/1534/1459 1467/1542/1467 1468/1543/1468
f 1461/1536/1461 1460/1535/1460 1468/1543/1468 1469/1544/1469
f 1462/1537/1462 1461/1536/1461 1469/1544/1469 1470/1545/1470
f 1463/1538/1463 1462/1537/1462 1470/1545/1470 1471/1546/1471
f 1464/1539/1464 1463/1538/1463 1471/1546/1471 1472/1547/1472
f 1465/1540/1465 1464/1539/1464 1472/1547/1472 1473/1548/1473
f 1466/1541/1466 1408/1483/1408 1417/1492/1417 1474/1549/1474
f 1467/1542/1467 1466/1541/1466 1474/1549/1474 1475/1550/1475
f 1468/1543/1468 1467/1542/1467 1475/1550/1475 1476/1551/1476
f 1469/1544/1469 1468/1543/1468 1476/1551/1476 1477/1552/1477
f 1470/1545/1470 1469/1544/1469 1477/1552/1477 1478/1553/1478
f 1471/1546/1471 1470/1545/1470 1478/1553/1478 1479/1554/1479
f 1472/1547/1472 1471/1546/1471 1479/1554/1479 1480/1555/1480
f 1473/1548/1473 1472/1547/1472 1480/1555/1480 1481/1556/1481
f 1482/1557/1482 1275/1341/1275 1276/1342/1276 1483/1558/1483
f 1483/1558/1483 1276/1342/1276 1277/1343/1277 1484/1559/1484
f 1484/1559/1484 1277/1343/1277 1278/1344/1278 1485/1560/1485
f 1485/1560/1485 1278/1344/1278 1279/1345/1279 1486/1561/1486
f 1486/1561/1486 1279/1345/1279 1280/1346/1280 1487/1562/1487
f 1487/1562/1487 1280/1346/1280 1281/1347/1281 1488/1563/1488
f 1488/1563/1488 1281/1347/1281 1282/1348/1282 1489/1564/1489
f 1489/1564/1489 1282/1348/1282 1210/1276/1210 1425/1500/1425
f 1490/1565/1490 1482/1557/1482 1483/1558/1483 1491/1566/1491
f 1491/1566/1491 1483/1558/1483 1484/1559/1484 1492/1567/1492
f 1492/1567/1492 1484/1559/1484 1485/1560/1485 1493/1568/1493
f 1493/1568/1493 1485/1560/1485 1486/1561/1486 1494/1569/1494
f 1494/1569/1494 1486/1561/1486 1487/1562/1487 1495/1570/1495
f 1495/1570/1495 1487/1562/1487 1488/1563/1488 1496/1571/1496
f 1496/1571/1496 1488/1563/1488 1489/1564/1489 1497/1572/1497
f 1497/1572/1497 1489/1564/1489 1425/1500/1425 1433/1508/1433
f 1498/1573/1498 1490/1565/1490 1491/1566/1491 1499/1574/1499
f 1499/1574/1499 1491/1566/1491 1492/1567/1492 1500/1575/1500
f 1500/1575/1500 1492/1567/1492 1493/1568/1493 1501/1576/1501
f 1501/1576/1501 1493/1568/1493 1494/1569/1494 1502/1577/1502
f 1502/1577/1502 1494/1569/1494 1495/1570/1495 1503/1578/1503
f 1503/1578/1503 1495/1570/1495 1496/1571/1496 1504/1579/1504
f 1504/1579/1504 1496/1571/1496 1497/1572/1497 1505/1580/1505
f 1505/1580/1505 1497/1572/1497 1433/1508/1433 1441/1516/1441
f 1506/1581/1506 1498/1573/1498 1499/1574/1499 1507/1582/1507
f 1507/1582/1507 1499/1574/1499 1500/1575/1500 1508/1583/1508
f 1508/1583/1508 1500/1575/1500 1501/1576/1501 1509/1584/1509
f 1509/1584/1509 1501/1576/1501 1502/1577/1502 1510/1585/1510
f 1510/1585/1510 1502/1577/1502 1503/1578/1503 1511/1586/1511
f 1511/1586/1511 1503/1578/1503 1504/1579/1504 1512/1587/1512
f 1512/1587/1512 1504/1579/1504 1505/1580/1505 1513/1588/1513
f 1513/1588/1513 1505/1580/1505 1441/1516/1441 1449/1524/1449
f 1514/1589/1514 1506/1581/1506 1507/1582/1507 1515/1590/1515
f 1515/1590/1515 1507/1582/1507 1508/1583/1508 1516/1591/1516
f 1516/1591/1516 1508/1583/1508 1509/1584/1509 1517/1592/1517
f 1517/1592/1517 1509/1584/1509 1510/1585/1510 1518/1593/1518
f 1518/1593/1518 1510/1585/1510 1511/1586/1511 1519/1594/1519
f 1519/1594/1519 1511/1586/1511 1512/1587/1512 1520/1595/1520
f 1520/1595/1520 1512/1587/1512 1513/1588/1513 1521/1596/1521
f 1521/1596/1521 1513/1588/1513 1449/1524/1449 1457/1532/1457
f 1522/1597/1522 1514/1589/1514 1515/1590/1515 1523/1598/1523
f 1523/1598/1523 1515/1590/1515 1516/1591/1516 1524/1599/1524
f 1524/1599/1524 1516/1591/1516 1517/1592/1517 1525/1600/1525
f 1525/1600/1525 1517/1592/1517 1518/1593/1518 1526/1601/1526
f 1526/1601/1526 1518/1593/1518 1519/1594/1519 1527/1602/1527
f 1527/1602/1527 1519/1594/1519 1520/1595/1520 1528/1603/1528
f 1528/1603/1528 1520/1595/1520 1521/1596/1521 1529/1604/1529
f 1529/1604/1529 1521/1596/1521 1457/1532/1457 1465/1540/1465
f 1530/1605/1530 1522/1597/1522 1523/1598/1523 1531/1606/1531
f 1531/1606/1531 1523/1598/1523 1524/1599/1524 1532/1607/1532
f 1532/1607/1532 1524/1599/1524 1525/1600/1525 1533/1608/1533
f 1533/1608/1533 1525/1600/1525 1526/1601/1526 1534/1609/1534
f 1534/1609/1534 1526/1601/1526 1527/1602/1527 1535/1610/1535
f 1535/1610/1535 1527/1602/1527 1528/1603/1528 1536/1611/1536
f 1536/1611/1536 1528/1603/1528 1529/1604/1529 1537/1612/1537
f 1537/1612/1537 1529/1604/1529 1465/1540/1465 1473/1548/1473
f 1538/1613/1538 1530/1605/1530 1531/1606/1531 1539/1614/1539
f 1539/1614/1539 1531/1606/1531 1532/1607/1532 1540/1615/1540
f 1540/1615/1540 1532/1607/1532 1533/1608/1533 1541/1616/1541
f 1541/1616/1541 1533/1608/1533 1534/1609/1534 1542/1617/1542
f 1542/1617/1542 1534/1609/1534 1535/1610/1535 1543/1618/1543
f 1543/1618/1543 1535/1610/1535 1536/1611/1536 1544/1619/1544
f 1544/1619/1544 1536/1611/1536 1537/1612/1537 1545/1620/1545
f 1545/1620/1545 1537/1612/1537 1473/1548/1473 1481/1556/1481
f 1346/1621/1346 1130/1413/1130 1339/1414/1339 1546/1622/1546
f 1546/1622/1546 1339/1414/1339 1340/1415/1340 1547/1623/1547
f 1547/1623/1547 1340/1415/1340 1341/1416/1341 1548/1624/1548
f 1548/1624/1548 1341/1416/1341 1342/1417/1342 1549/1625/1549
f 1549/1625/1549 1342/1417/1342 1343/1418/1343 1550/1626/1550
f 1550/1626/1550 1343/1418/1343 1344/1419/1344 1551/1627/1551
f 1551/1627/1551 1344/1419/1344 1345/1420/1345 1552/1628/1552
f 1552/1628/1552 1345/1420/1345 1275/1341/1275 1482/1557/1482
f 1355/1629/1355 1346/1621/1346 1546/1622/1546 1553/1630/1553
f 1553/1630/1553 1546/1622/1546 1547/1623/1547 1554/1631/1554
f 1554/1631/1554 1547/1623/1547 1548/1624/1548 1555/1632/1555
f 1555/1632/1555 1548/1624/1548 1549/1625/1549 1556/1633/1556
f 1556/1633/1556 1549/1625/1549 1550/1626/1550 1557/1634/1557
f 1557/1634/1557 1550/1626/1550 1551/1627/1551 1558/1635/1558
f 1558/1635/1558 1551/1627/1551 1552/1628/1552 1559/1636/1559
f 1559/1636/1559 1552/1628/1552 1482/1557/1482 1490/1565/1490
f 1364/1637/1364 1355/1629/1355 1553/1630/1553 1560/1638/1560
f 1560/1638/1560 1553/1630/1553 1554/1631/1554 1561/1639/1561
f 1561/1639/1561 1554/1631/1554 1555/1632/1555 1562/1640/1562
f 1562/1640/1562 1555/1632/1555 1556/1633/1556 1563/1641/1563
f 1563/1641/1563 1556/1633/1556 1557/1634/1557 1564/1642/1564
f 1564/1642/1564 1557/1634/1557 1558/1635/1558 1565/1643/1565
f 1565/1643/1565 1558/1635/1558 1559/1636/1559 1566/1644/1566
f 1566/1644/1566 1559/1636/1559 1490/1565/1490 1498/1573/1498
f 1373/1645/1373 1364/1637/1364 1560/1638/1560 1567/1646/1567
f 1567/1646/1567 1560/1638/1560 1561/1639/1561 1568/1647/1568
f 1568/1647/1568 1561/1639/1561 1562/1640/1562 1569/1648/1569
f 1569/1648/1569 1562/1640/1562 1563/1641/1563 1570/1649/1570
f 1570/1649/1570 1563/1641/1563 1564/1642/1564 1571/1650/1571
f 1571/1650/1571 1564/1642/1564 1565/1643/1565 1572/1651/1572
f 1572/1651/1572 1565/1643/1565 1566/1644/1566 1573/1652/1573
f 1573/1652/1573 1566/1644/1566 1498/1573/1498 1506/1581/1506
f 1382/1653/1382 1373/1645/1373 1567/1646/1567 1574/1654/1574
f 1574/1654/1574 1567/1646/1567 1568/1647/1568 1575/1655/1575
f 1575/1655/1575 1568/1647/1568 1569/1648/1569 1576/1656/1576
f 1576/1656/1576 1569/1648/1569 1570/1649/1570 1577/1657/1577
f 1577/1657/1577 1570/1649/1570 1571/1650/1571 1578/1658/1578
f 1578/1658/1578 1571/1650/1571 1572/1651/1572 1579/1659/1579
f 1579/1659/1579 1572/1651/1572 1573/1652/1573 1580/1660/1580
f 1580/1660/1580 1573/1652/1573 1506/1581/1506 1514/1589/1514
f 1391/1661/1391 1382/1653/1382 1574/1654/1574 1581/1662/1581
f 1581/1662/1581 1574/1654/1574 1575/1655/1575 1582/1663/1582
f 1582/1663/1582 1575/1655/1575 1576/1656/1576 1583/1664/1583
f 1583/1664/1583 1576/1656/1576 1577/1657/1577 1584/1665/1584
f 1584/1665/1584 1577/1657/1577 1578/1658/1578 1585/1666/1585
f 1585/1666/1585 1578/1658/1578 1579/1659/1579 1586/1667/1586
f 1586/1667/1586 1579/1659/1579 1580/1660/1580 1587/1668/1587
f 1587/1668/1587 1580/1660/1580 1514/1589/1514 1522/1597/1522
f 1400/1669/1400 1391/1661/1391 1581/1662/1581 1588/1670/1588
f 1588/1670/1588 1581/1662/1581 1582/1663/1582 1589/1671/1589
f 1589/1671/1589 1582/1663/1582 1583/1664/1583 1590/1672/1590
f 1590/1672/1590 1583/1664/1583 1584/1665/1584 1591/1673/1591
f 1591/1673/1591 1584/1665/1584 1585/1666/1585 1592/1674/1592
f 1592/1674/1592 1585/1666/1585 1586/1667/1586 1593/1675/1593
f 1593/1675/1593 1586/1667/1586 1587/1668/1587 1594/1676/1594
f 1594/1676/1594 1587/1668/1587 1522/1597/1522 1530/1605/1530
f 1409/1677/1409 1400/1669/1400 1588/1670/1588 1595/1678/1595
f 1595/1678/1595 1588/1670/1588 1589/1671/1589 1596/1679/1596
f 1596/1679/1596 1589/1671/1589 1590/1672/1590 1597/1680/1597
f 1597/1680/1597 1590/1672/1590 1591/1673/1591 1598/1681/1598
f 1598/1681/1598 1591/1673/1591 1592/1674/1592 1599/1682/1599
f 1599/1682/1599 1592/1674/1592 1593/1675/1593 1600/1683/1600
f 1600/1683/1600 1593/1675/1593 1594/1676/1594 1601/1684/1601
f 1601/1684/1601 1594/1676/1594 1530/1605/1530 1538/1613/1538
f 1410/1485/1410 1409/1484/1409 1602/1685/1602 1603/1686/1603
f 1411/1486/1411 1410/1485/1410 1603/1686/1603 1604/1687/1604
f 1412/1487/1412 1411/1486/1411 1604/1687/1604 1605/1688/1605
f 1413/1488/1413 1412/1487/1412 1605/1688/1605 1606/1689/1606
f 1414/1489/1414 1413/1488/1413 1606/1689/1606 1607/1690/1607
f 1415/1490/1415 1414/1489/1414 1607/1690/1607 1608/1691/1608
f 1416/1491/1416 1415/1490/1415 1608/1691/1608 1609/1692/1609
f 1417/1492/1417 1416/1491/1416 1609/1692/1609 1610/1693/1610
f 1603/1686/1603 1602/1685/1602 1611/1694/1611 1612/1695/1612
f 1604/1687/1604 1603/1686/1603 1612/1695/1612 1613/1696/1613
f 1605/1688/1605 1604/1687/1604 1613/1696/1613 1614/1697/1614
f 1606/1689/1606 1605/1688/1605 1614/1697/1614 1615/1698/1615
f 1607/1690/1607 1606/1689/1606 1615/1698/1615 1616/1699/1616
f 1608/1691/1608 1607/1690/1607 1616/1699/1616 1617/1700/1617
f 1609/1692/1609 1608/1691/1608 1617/1700/1617 1618/1701/1618
f 1610/1693/1610 1609/1692/1609 1618/1701/1618 1619/1702/1619
f 1612/1695/1612 1611/1694/1611 1620/1703/1620 1621/1704/1621
f 1613/1696/1613 1612/1695/1612 1621/1704/1621 1622/1705/1622
f 1614/1697/1614 1613/1696/1613 1622/1705/1622 1623/1706/1623
f 1615/1698/1615 1614/1697/1614 1623/1706/1623 1624/1707/1624
f 1616/1699/1616 1615/1698/1615 1624/1707/1624 1625/1708/1625
f 1617/1700/1617 1616/1699/1616 1625/1708/1625 1626/1709/1626
f 1618/1701/1618 1617/1700/1617 1626/1709/1626 1627/1710/1627
f 1619/1702/1619 1618/1701/1618 1627/1710/1627 1628/1711/1628
f 1621/1704/1621 1620/1703/1620 1629/1712/1629 1630/1713/1630
f 1622/1705/1622 1621/1704/1621 1630/1713/1630 1631/1714/1631
f 1623/1706/1623 1622/1705/1622 1631/1714/1631 1632/1715/1632
f 1624/1707/1624 1623/1706/1623 1632/1715/1632 1633/1716/1633
f 1625/1708/1625 1624/1707/1624 1633/1716/1633 1634/1717/1634
f 1626/1709/1626 1625/1708/1625 1634/1717/1634 1635/1718/1635
f 1627/1710/1627 1626/1709/1626 1635/1718/1635 1636/1719/1636
f 1628/1711/1628 1627/1710/1627 1636/1719/1636 1637/1720/1637
f 1630/1713/1630 1629/1712/1629 1638/1721/1638 1639/1722/1639
f 1631/1714/1631 1630/1713/1630 1639/1722/1639 1640/1723/1640
f 1632/1715/1632 1631/1714/1631 1640/1723/1640 1641/1724/1641
f 1633/1716/1633 1632/1715/1632 1641/1724/1641 1642/1725/1642
f 1634/1717/1634 1633/1716/1633 1642/1725/1642 1643/1726/1643
f 1635/1718/1635 1634/1717/1634 1643/1726/1643 1644/1727/1644
f 1636/1719/1636 1635/1718/1635 1644/1727/1644 1645/1728/1645
f 1637/1720/1637 1636/1719/1636 1645/1728/1645 1646/1729/1646
f 1639/1722/1639 1638/1721/1638 1647/1730/1647 1648/1731/1648
f 1640/1723/1640 1639/1722/1639 1648/1731/1648 1649/1732/1649
f 1641/1724/1641 1640/1723/1640 1649/1732/1649 1650/1733/1650
f 1642/1725/1642 1641/1724/1641 1650/1733/1650 1651/1734/1651
f 1643/1726/1643 1642/1725/1642 1651/1734/1651 1652/1735/1652
f 1644/1727/1644 1643/1726/1643 1652/1735/1652 1653/1736/1653
f 1645/1728/1645 1644/1727/1644 1653/1736/1653 1654/1737/1654
f 1646/1729/1646 1645/1728/1645 1654/1737/1654 1655/1738/1655
f 1648/1731/1648 1647/1730/1647 1656/1739/1656 1657/1740/1657
f 1649/1732/1649 1648/1731/1648 1657/1740/1657 1658/1741/1658
f 1650/1733/1650 1649/1732/1649 1658/1741/1658 1659/1742/1659
f 1651/1734/1651 1650/1733/1650 1659/1742/1659 1660/1743/1660
f 1652/1735/1652 1651/1734/1651 1660/1743/1660 1661/1744/1661
f 1653/1736/1653 1652/1735/1652 1661/1744/1661 1662/1745/1662
f 1654/1737/1654 1653/1736/1653 1662/1745/1662 1663/1746/1663
f 1655/1738/1655 1654/1737/1654 1663/1746/1663 1664/1747/1664
f 1657/1740/1657 1656/1739/1656 1665/1748/1665 1666/1749/1666
f 1658/1741/1658 1657/1740/1657 1666/1749/1666 1667/1750/1667
f 1659/1742/1659 1658/1741/1658 1667/1750/1667 1668/1751/1668
f 1660/1743/1660 1659/1742/1659 1668/1751/1668 1669/1752/1669
f 1661/1744/1661 1660/1743/1660 1669/1752/1669 1670/1753/1670
f 1662/1745/1662 1661/1744/1661 1670/1753/1670 1671/1754/1671
f 1663/1746/1663 1662/1745/1662 1671/1754/1671 1672/1755/1672
f 1664/1747/1664 1663/1746/1663 1672/1755/1672 1673/1756/1673
f 1474/1549/1474 1417/1492/1417 1610/1693/1610 1674/1757/1674
f 1475/1550/1475 1474/1549/1474 1674/1757/1674 1675/1758/1675
f 1476/1551/1476 1475/1550/1475 1675/1758/1675 1676/1759/1676
f 1477/1552/1477 1476/1551/1476 1676/1759/1676 1677/1760/1677
f 1478/1553/1478 1477/1552/1477 1677/1760/1677 1678/1761/1678
f 1479/1554/1479 1478/1553/1478 1678/1761/1678 1679/1762/1679
f 1480/1555/1480 1479/1554/1479 1679/1762/1679 1680/1763/1680
f 1481/1556/1481 1480/1555/1480 1680/1763/1680 1681/1764/1681
f 1674/1757/1674 1610/1693/1610 1619/1702/1619 1682/1765/1682
f 1675/1758/1675 1674/1757/1674 1682/1765/1682 1683/1766/1683
f 1676/1759/1676 1675/1758/1675 1683/1766/1683 1684/1767/1684
f 1677/1760/1677 1676/1759/1676 1684/1767/1684 1685/1768/1685
f 1678/1761/1678 1677/1760/1677 1685/1768/1685 1686/1769/1686
f 1679/1762/1679 1678/1761/1678 1686/1769/1686 1687/1770/1687
f 1680/1763/1680 1679/1762/1679 1687/1770/1687 1688/1771/1688
f 1681/1764/1681 1680/1763/1680 1688/1771/1688 1689/1772/1689
f 1682/1765/1682 1619/1702/1619 1628/1711/1628 1690/1773/1690
f 1683/1766/1683 1682/1765/1682 1690/1773/1690 1691/1774/1691
f 1684/1767/1684 1683/1766/1683 1691/1774/1691 1692/1775/1692
f 1685/1768/1685 1684/1767/1684 1692/1775/1692 1693/1776/1693
f 1686/1769/1686 1685/1768/1685 1693/1776/1693 1694/1777/1694
f 1687/1770/1687 1686/1769/1686 1694/1777/1694 1695/1778/1695
f 1688/1771/1688 1687/1770/1687 1695/1778/1695 1696/1779/1696
f 1689/1772/1689 1688/1771/1688 1696/1779/1696 1697/1780/1697
f 1690/1773/1690 1628/1711/1628 1637/1720/1637 1698/1781/1698
f 1691/1774/1691 1690/1773/1690 1698/1781/1698 1699/1782/1699
f 1692/1775/1692 1691/1774/1691 1699/1782/1699 1700/1783/1700
f 1693/1776/1693 1692/1775/1692 1700/1783/1700 1701/1784/1701
f 1694/1777/1694 1693/1776/1693 1701/1784/1701 1702/1785/1702
f 1695/1778/1695 1694/1777/1694 1702/1785/1702 1703/1786/1703
f 1696/1779/1696 1695/1778/1695 1703/1786/1703 1704/1787/1704
f 1697/1780/1697 1696/1779/1696 1704/1787/1704 1705/1788/1705
f 1698/1781/1698 1637/1720/1637 1646/1729/1646 1706/1789/1706
f 1699/1782/1699 1698/1781/1698 1706/1789/1706 1707/1790/1707
f 1700/1783/1700 1699/1782/1699 1707/1790/1707 1708/1791/1708
f 1701/1784/1701 1700/1783/1700 1708/1791/1708 1709/1792/1709
f 1702/1785/1702 1701/1784/1701 1709/1792/1709 1710/1793/1710
f 1703/1786/1703 1702/1785/1702 1710/1793/1710 1711/1794/1711
f 1704/1787/1704 1703/1786/1703 1711/1794/1711 1712/1795/1712
f 1705/1788/1705 1704/1787/1704 1712/1795/1712 1713/1796/1713
f 1706/1789/1706 1646/1729/1646 1655/1738/1655 1714/1797/1714
f 1707/1790/1707 1706/1789/1706 1714/1797/1714 1715/1798/1715
f 1708/1791/1708 1707/1790/1707 1715/1798/1715 1716/1799/1716
f 1709/1792/1709 1708/1791/1708 1716/1799/1716 1717/1800/1717
f 1710/1793/1710 1709/1792/1709 1717/1800/1717 1718/1801/1718
f 1711/1794/1711 1710/1793/1710 1718/1801/1718 1719/1802/1719
f 1712/1795/1712 1711/1794/1711 1719/1802/1719 1720/1803/1720
f 1713/1796/1713 1712/1795/1712 1720/1803/1720 1721/1804/1721
f 1714/1797/1714 1655/1738/1655 1664/1747/1664 1722/1805/1722
f 1715/1798/1715 1714/1797/1714 1722/1805/1722 1723/1806/1723
f 1716/1799/1716 1715/1798/1715 1723/1806/1723 1724/1807/1724
f 1717/1800/1717 1716/1799/1716 1724/1807/1724 1725/1808/1725
f 1718/1801/1718 1717/1800/1717 1725/1808/1725 1726/1809/1726
f 1719/1802/1719 1718/1801/1718 1726/1809/1726 1727/1810/1727
f 1720/1803/1720 1719/1802/1719 1727/1810/1727 1728/1811/1728
f 1721/1804/1721 1720/1803/1720 1728/1811/1728 1729/1812/1729
f 1722/1805/1722 1664/1747/1664 1673/1756/1673 1730/1813/1730
f 1723/1806/1723 1722/1805/1722 1730/1813/1730 1731/1814/1731
f 1724/1807/1724 1723/1806/1723 1731/1814/1731 1732/1815/1732
f 1725/1808/1725 1724/1807/1724 1732/1815/1732 1733/1816/1733
f 1726/1809/1726 1725/1808/1725 1733/1816/1733 1734/1817/1734
f 1727/1810/1727 1726/1809/1726 1734/1817/1734 1735/1818/1735
f 1728/1811/1728 1727/1810/1727 1735/1818/1735 1736/1819/1736
f 1729/1812/1729 1728/1811/1728 1736/1819/1736 1737/1820/1737
f 1738/1821/1738 1538/1613/1538 1539/1614/1539 1739/1822/1739
f 1739/1822/1739 1539/1614/1539 1540/1615/1540 1740/1823/1740
f 1740/1823/1740 1540/1615/1540 1541/1616/1541 1741/1824/1741
f 1741/1824/1741 1541/1616/1541 1542/1617/1542 1742/1825/1742
f 1742/1825/1742 1542/1617/1542 1543/1618/1543 1743/1826/1743
f 1743/1826/1743 1543/1618/1543 1544/1619/1544 1744/1827/1744
f 1744/1827/1744 1544/1619/1544 1545/1620/1545 1745/1828/1745
f 1745/1828/1745 1545/1620/1545 1481/1556/1481 1681/1764/1681
f 1746/1829/1746 1738/1821/1738 1739/1822/1739 1747/1830/1747
f 1747/1830/1747 1739/1822/1739 1740/1823/1740 1748/1831/1748
f 1748/1831/1748 1740/1823/1740 1741/1824/1741 1749/1832/1749
f 1749/1832/1749 1741/1824/1741 1742/1825/1742 1750/1833/1750
f 1750/1833/1750 1742/1825/1742 1743/1826/1743 1751/1834/1751
f 1751/1834/1751 1743/1826/1743 1744/1827/1744 1752/1835/1752
f 1752/1835/1752 1744/1827/1744 1745/1828/1745 1753/1836/1753
f 1753/1836/1753 1745/1828/1745 1681/1764/1681 1689/1772/1689
f 1754/1837/1754 1746/1829/1746 1747/1830/1747 1755/1838/1755
f 1755/1838/1755 1747/1830/1747 1748/1831/1748 1756/1839/1756
f 1756/1839/1756 1748/1831/1748 1749/1832/1749 1757/1840/1757
f 1757/1840/1757 1749/1832/1749 1750/1833/1750 1758/1841/1758
f 1758/1841/1758 1750/1833/1750 1751/1834/1751 1759/1842/1759
f 1759/1842/1759 1751/1834/1751 1752/1835/1752 1760/1843/1760
f 1760/1843/1760 1752/1835/1752 1753/1836/1753 1761/1844/1761
f 1761/1844/1761 1753/1836/1753 1689/1772/1689 1697/1780/1697
f 1762/1845/1762 1754/1837/1754 1755/1838/1755 1763/1846/1763
f 1763/1846/1763 1755/1838/1755 1756/1839/1756 1764/1847/1764
f 1764/1847/1764 1756/1839/1756 1757/1840/1757 1765/1848/1765
f 1765/1848/1765 1757/1840/1757 1758/1841/1758 1766/1849/1766
f 1766/1849/1766 1758/1841/1758 1759/1842/1759 1767/1850/1767
f 1767/1850/1767 1759/1842/1759 1760/1843/1760 1768/1851/1768
f 1768/1851/1768 1760/1843/1760 1761/1844/1761 1769/1852/1769
f 1769/1852/1769 1761/1844/1761 1697/1780/1697 1705/1788/1705
f 1770/1853/1770 1762/1845/1762 1763/1846/1763 1771/1854/1771
f 1771/1854/1771 1763/1846/1763 1764/1847/1764 1772/1855/1772
f 1772/1855/1772 1764/1847/1764 1765/1848/1765 1773/1856/1773
f 1773/1856/1773 1765/1848/1765 1766/1849/1766 1774/1857/1774
f 1774/1857/1774 1766/1849/1766 1767/1850/1767 1775/1858/1775
f 1775/1858/1775 1767/1850/1767 1768/1851/1768 1776/1859/1776
f 1776/1859/1776 1768/1851/1768 1769/1852/1769 1777/1860/1777
f 1777/1860/1777 1769/1852/1769 1705/1788/1705 1713/1796/1713
f 1778/1861/1778 1770/1853/1770 1771/1854/1771 1779/1862/1779
f 1779/1862/1779 1771/1854/1771 1772/1855/1772 1780/1863/1780
f 1780/1863/1780 1772/1855/1772 1773/1856/1773 1781/1864/1781
f 1781/1864/1781 1773/1856/1773 1774/1857/1774 1782/1865/1782
f 1782/1865/1782 1774/1857/1774 1775/1858/1775 1783/1866/1783
f 1783/1866/1783 1775/1858/1775 1776/1859/1776 1784/1867/1784
f 1784/1867/1784 1776/1859/1776 1777/1860/1777 1785/1868/1785
f 1785/1868/1785 1777/1860/1777 1713/1796/1713 1721/1804/1721
f 1786/1869/1786 1778/1861/1778 1779/1862/1779 1787/1870/1787
f 1787/1870/1787 1779/1862/1779 1780/1863/1780 1788/1871/1788
f 1788/1871/1788 1780/1863/1780 1781/1864/1781 1789/1872/1789
f 1789/1872/1789 1781/1864/1781 1782/1865/1782 1790/1873/1790
f 1790/1873/1790 1782/1865/1782 1783/1866/1783 1791/1874/1791
f 1791/1874/1791 1783/1866/1783 1784/1867/1784 1792/1875/1792
f 1792/1875/1792 1784/1867/1784 1785/1868/1785 1793/1876/1793
f 1793/1876/1793 1785/1868/1785 1721/1804/1721 1729/1812/1729
f 1794/1877/1794 1786/1869/1786 1787/1870/1787 1795/1878/1795
f 1795/1878/1795 1787/1870/1787 1788/1871/1788 1796/1879/1796
f 1796/1879/1796 1788/1871/1788 1789/1872/1789 1797/1880/1797
f 1797/1880/1797 1789/1872/1789 1790/1873/1790 1798/1881/1798
f 1798/1881/1798 1790/1873/1790 1791/1874/1791 1799/1882/1799
f 1799/1882/1799 1791/1874/1791 1792/1875/1792 1800/1883/1800
f 1800/1883/1800 1792/1875/1792 1793/1876/1793 1801/1884/1801
f 1801/1884/1801 1793/1876/1793 1729/1812/1729 1737/1820/1737
f 1602/1885/1602 1409/1677/1409 1595/1678/1595 1802/1886/1802
f 1802/1886/1802 1595/1678/1595 1596/1679/1596 1803/1887/1803
f 1803/1887/1803 1596/1679/1596 1597/1680/1597 1804/1888/1804
f 1804/1888/1804 1597/1680/1597 1598/1681/1598 1805/1889/1805
f 1805/1889/1805 1598/1681/1598 1599/1682/1599 1806/1890/1806
f 1806/1890/1806 1599/1682/1599 1600/1683/1600 1807/1891/1807
f 1807/1891/1807 1600/1683/1600 1601/1684/1601 1808/1892/1808
f 1808/1892/1808 1601/1684/1601 1538/1613/1538 1738/1821/1738
f 1611/1893/1611 1602/1885/1602 1802/1886/1802 1809/1894/1809
f 1809/1894/1809 1802/1886/1802 1803/1887/1803 1810/1895/1810
f 1810/1895/1810 1803/1887/1803 1804/1888/1804 1811/1896/1811
f 1811/1896/1811 1804/1888/1804 1805/1889/1805 1812/1897/1812
f 1812/1897/1812 1805/1889/1805 1806/1890/1806 1813/1898/1813
f 1813/1898/1813 1806/1890/1806 1807/1891/1807 1814/1899/1814
f 1814/1899/1814 1807/1891/1807 1808/1892/1808 1815/1900/1815
f 1815/1900/1815 1808/1892/1808 1738/1821/1738 1746/1829/1746
f 1620/1901/1620 1611/1893/1611 1809/1894/1809 1816/1902/1816
f 1816/1902/1816 1809/1894/1809 1810/1895/1810 1817/1903/1817
f 1817/1903/1817 1810/1895/1810 1811/1896/1811 1818/1904/1818
f 1818/1904/1818 1811/1896/1811 1812/1897/1812 1819/1905/1819
f 1819/1905/1819 1812/1897/1812 1813/1898/1813 1820/1906/1820
f 1820/1906/1820 1813/1898/1813 1814/1899/1814 1821/1907/1821
f 1821/1907/1821 1814/1899/1814 1815/1900/1815 1822/1908/1822
f 1822/1908/1822 1815/1900/1815 1746/1829/1746 1754/1837/1754
f 1629/1909/1629 1620/1901/1620 1816/1902/1816 1823/1910/1823
f 1823/1910/1823 1816/1902/1816 1817/1903/1817 1824/1911/1824
f 1824/1911/1824 1817/1903/1817 1818/1904/1818 1825/1912/1825
f 1825/1912/1825 1818/1904/1818 1819/1905/1819 1826/1913/1826
f 1826/1913/1826 1819/1905/1819 1820/1906/1820 1827/1914/1827
f 1827/1914/1827 1820/1906/1820 1821/1907/1821 1828/1915/1828
f 1828/1915/1828 1821/1907/1821 1822/1908/1822 1829/1916/1829
f 1829/1916/1829 1822/1908/1822 1754/1837/1754 1762/1845/1762
f 1638/1917/1638 1629/1909/1629 1823/1910/1823 1830/1918/1830
f 1830/1918/1830 1823/1910/1823 1824/1911/1824 1831/1919/1831
f 1831/1919/1831 1824/1911/1824 1825/1912/1825 1832/1920/1832
f 1832/1920/1832 1825/1912/1825 1826/1913/1826 1833/1921/1833
f 1833/1921/1833 1826/1913/1826 1827/1914/1827 1834/1922/1834
f 1834/1922/1834 1827/1914/1827 1828/1915/1828 1835/1923/1835
f 1835/1923/1835 1828/1915/1828 1829/1916/1829 1836/1924/1836
f 1836/1924/1836 1829/1916/1829 1762/1845/1762 1770/1853/1770
f 1647/1925/1647 1638/1917/1638 1830/1918/1830 1837/1926/1837
f 1837/1926/1837 1830/1918/1830 1831/1919/1831 1838/1927/1838
f 1838/1927/1838 1831/1919/1831 1832/1920/1832 1839/1928/1839
f 1839/1928/1839 1832/1920/1832 1833/1921/1833 1840/1929/1840
f 1840/1929/1840 1833/1921/1833 1834/1922/1834 1841/1930/1841
f 1841/1930/1841 1834/1922/1834 1835/1923/1835 1842/1931/1842
f 1842/1931/1842 1835/1923/1835 1836/1924/1836 1843/1932/1843
f 1843/1932/1843 1836/1924/1836 1770/1853/1770 1778/1861/1778
f 1656/1933/1656 1647/1925/1647 1837/1926/1837 1844/1934/1844
f 1844/1934/1844 1837/1926/1837 1838/1927/1838 1845/1935/1845
f 1845/1935/1845 1838/1927/1838 1839/1928/1839 1846/1936/1846
f 1846/1936/1846 1839/1928/1839 1840/1929/1840 1847/1937/1847
f 1847/1937/1847 1840/1929/1840 1841/1930/1841 1848/1938/1848
f 1848/1938/1848 1841/1930/1841 1842/1931/1842 1849/1939/1849
f 1849/1939/1849 1842/1931/1842 1843/1932/1843 1850/1940/1850
f 1850/1940/1850 1843/1932/1843 1778/1861/1778 1786/1869/1786
f 1665/1941/1665 1656/1933/1656 1844/1934/1844 1851/1942/1851
f 1851/1942/1851 1844/1934/1844 1845/1935/1845 1852/1943/1852
f 1852/1943/1852 1845/1935/1845 1846/1936/1846 1853/1944/1853
f 1853/1944/1853 1846/1936/1846 1847/1937/1847 1854/1945/1854
f 1854/1945/1854 1847/1937/1847 1848/1938/1848 1855/1946/1855
f 1855/1946/1855 1848/1938/1848 1849/1939/1849 1856/1947/1856
f 1856/1947/1856 1849/1939/1849 1850/1940/1850 1857/1948/1857
f 1857/1948/1857 1850/1940/1850 1786/1869/1786 1794/1877/1794
