# cmd: C:\Program Files\Python314\python.exe code\main.py --seed 102 --data-split-seed 42 --experiment-name seed_sweep_film_102 --skip-teapot-insertion --shiny-lpips-max-n 120 --multitask-arch film
# cwd: C:\Users\Shanying Liu\Documents\DLCG
Device: cuda
Seed: 102  Experiment: seed_sweep_film_102
Dataset splits: train=10500, val=2250, test=2250

============================================================
Training baseline model (resnet50)
============================================================

Epoch 1/50
  batch 10/329 | loss=0.5198 light=0.5198 mat=0.0000
  batch 20/329 | loss=0.3161 light=0.3161 mat=0.0000
  batch 30/329 | loss=0.4148 light=0.4148 mat=0.0000
  batch 40/329 | loss=0.3121 light=0.3121 mat=0.0000
  batch 50/329 | loss=0.3381 light=0.3381 mat=0.0000
  batch 60/329 | loss=0.2991 light=0.2991 mat=0.0000
  batch 70/329 | loss=0.2765 light=0.2765 mat=0.0000
  batch 80/329 | loss=0.2173 light=0.2173 mat=0.0000
  batch 90/329 | loss=0.2403 light=0.2403 mat=0.0000
  batch 100/329 | loss=0.2619 light=0.2619 mat=0.0000
  batch 110/329 | loss=0.2371 light=0.2371 mat=0.0000
  batch 120/329 | loss=0.1899 light=0.1899 mat=0.0000
  batch 130/329 | loss=0.2593 light=0.2593 mat=0.0000
  batch 140/329 | loss=0.2783 light=0.2783 mat=0.0000
  batch 150/329 | loss=0.2196 light=0.2196 mat=0.0000
  batch 160/329 | loss=0.1918 light=0.1918 mat=0.0000
  batch 170/329 | loss=0.2363 light=0.2363 mat=0.0000
  batch 180/329 | loss=0.1753 light=0.1753 mat=0.0000
  batch 190/329 | loss=0.1792 light=0.1792 mat=0.0000
  batch 200/329 | loss=0.2229 light=0.2229 mat=0.0000
  batch 210/329 | loss=0.2029 light=0.2029 mat=0.0000
  batch 220/329 | loss=0.1896 light=0.1896 mat=0.0000
  batch 230/329 | loss=0.2133 light=0.2133 mat=0.0000
  batch 240/329 | loss=0.2037 light=0.2037 mat=0.0000
  batch 250/329 | loss=0.2256 light=0.2256 mat=0.0000
  batch 260/329 | loss=0.1468 light=0.1468 mat=0.0000
  batch 270/329 | loss=0.1723 light=0.1723 mat=0.0000
  batch 280/329 | loss=0.2506 light=0.2506 mat=0.0000
  batch 290/329 | loss=0.2045 light=0.2045 mat=0.0000
  batch 300/329 | loss=0.1737 light=0.1737 mat=0.0000
  batch 310/329 | loss=0.1722 light=0.1722 mat=0.0000
  batch 320/329 | loss=0.2593 light=0.2593 mat=0.0000
  train | loss=0.2516 light=0.2516 mat=0.0000
  val   | loss=0.2141 light=0.2141 mat=0.0000
  -> new best model (val_loss=0.2141)

Epoch 2/50
  batch 10/329 | loss=0.2123 light=0.2123 mat=0.0000
  batch 20/329 | loss=0.2238 light=0.2238 mat=0.0000
  batch 30/329 | loss=0.2189 light=0.2189 mat=0.0000
  batch 40/329 | loss=0.2100 light=0.2100 mat=0.0000
  batch 50/329 | loss=0.2263 light=0.2263 mat=0.0000
  batch 60/329 | loss=0.1394 light=0.1394 mat=0.0000
  batch 70/329 | loss=0.1988 light=0.1988 mat=0.0000
  batch 80/329 | loss=0.3199 light=0.3199 mat=0.0000
  batch 90/329 | loss=0.1996 light=0.1996 mat=0.0000
  batch 100/329 | loss=0.2111 light=0.2111 mat=0.0000
  batch 110/329 | loss=0.2140 light=0.2140 mat=0.0000
  batch 120/329 | loss=0.1694 light=0.1694 mat=0.0000
  batch 130/329 | loss=0.1894 light=0.1894 mat=0.0000
  batch 140/329 | loss=0.1599 light=0.1599 mat=0.0000
  batch 150/329 | loss=0.1365 light=0.1365 mat=0.0000
  batch 160/329 | loss=0.1875 light=0.1875 mat=0.0000
  batch 170/329 | loss=0.2879 light=0.2879 mat=0.0000
  batch 180/329 | loss=0.1907 light=0.1907 mat=0.0000
  batch 190/329 | loss=0.1944 light=0.1944 mat=0.0000
  batch 200/329 | loss=0.1649 light=0.1649 mat=0.0000
  batch 210/329 | loss=0.2277 light=0.2277 mat=0.0000
  batch 220/329 | loss=0.2159 light=0.2159 mat=0.0000
  batch 230/329 | loss=0.1569 light=0.1569 mat=0.0000
  batch 240/329 | loss=0.3428 light=0.3428 mat=0.0000
  batch 250/329 | loss=0.2519 light=0.2519 mat=0.0000
  batch 260/329 | loss=0.2027 light=0.2027 mat=0.0000
  batch 270/329 | loss=0.1553 light=0.1553 mat=0.0000
  batch 280/329 | loss=0.1621 light=0.1621 mat=0.0000
  batch 290/329 | loss=0.2619 light=0.2619 mat=0.0000
  batch 300/329 | loss=0.2396 light=0.2396 mat=0.0000
  batch 310/329 | loss=0.1961 light=0.1961 mat=0.0000
  batch 320/329 | loss=0.1856 light=0.1856 mat=0.0000
  train | loss=0.2048 light=0.2048 mat=0.0000
  val   | loss=0.1960 light=0.1960 mat=0.0000
  -> new best model (val_loss=0.1960)

Epoch 3/50
  batch 10/329 | loss=0.1855 light=0.1855 mat=0.0000
  batch 20/329 | loss=0.1769 light=0.1769 mat=0.0000
  batch 30/329 | loss=0.1931 light=0.1931 mat=0.0000
  batch 40/329 | loss=0.1676 light=0.1676 mat=0.0000
  batch 50/329 | loss=0.1447 light=0.1447 mat=0.0000
  batch 60/329 | loss=0.2114 light=0.2114 mat=0.0000
  batch 70/329 | loss=0.1451 light=0.1451 mat=0.0000
  batch 80/329 | loss=0.1731 light=0.1731 mat=0.0000
  batch 90/329 | loss=0.1272 light=0.1272 mat=0.0000
  batch 100/329 | loss=0.2428 light=0.2428 mat=0.0000
  batch 110/329 | loss=0.1949 light=0.1949 mat=0.0000
  batch 120/329 | loss=0.1942 light=0.1942 mat=0.0000
  batch 130/329 | loss=0.1946 light=0.1946 mat=0.0000
  batch 140/329 | loss=0.2610 light=0.2610 mat=0.0000
  batch 150/329 | loss=0.2114 light=0.2114 mat=0.0000
  batch 160/329 | loss=0.1746 light=0.1746 mat=0.0000
  batch 170/329 | loss=0.2154 light=0.2154 mat=0.0000
  batch 180/329 | loss=0.2050 light=0.2050 mat=0.0000
  batch 190/329 | loss=0.1634 light=0.1634 mat=0.0000
  batch 200/329 | loss=0.1664 light=0.1664 mat=0.0000
  batch 210/329 | loss=0.2060 light=0.2060 mat=0.0000
  batch 220/329 | loss=0.1852 light=0.1852 mat=0.0000
  batch 230/329 | loss=0.1770 light=0.1770 mat=0.0000
  batch 240/329 | loss=0.2950 light=0.2950 mat=0.0000
  batch 250/329 | loss=0.2386 light=0.2386 mat=0.0000
  batch 260/329 | loss=0.2516 light=0.2516 mat=0.0000
  batch 270/329 | loss=0.2006 light=0.2006 mat=0.0000
  batch 280/329 | loss=0.2453 light=0.2453 mat=0.0000
  batch 290/329 | loss=0.1251 light=0.1251 mat=0.0000
  batch 300/329 | loss=0.2140 light=0.2140 mat=0.0000
  batch 310/329 | loss=0.1498 light=0.1498 mat=0.0000
  batch 320/329 | loss=0.1615 light=0.1615 mat=0.0000
  train | loss=0.1845 light=0.1845 mat=0.0000
  val   | loss=0.1889 light=0.1889 mat=0.0000
  -> new best model (val_loss=0.1889)

Epoch 4/50
  batch 10/329 | loss=0.2009 light=0.2009 mat=0.0000
  batch 20/329 | loss=0.1604 light=0.1604 mat=0.0000
  batch 30/329 | loss=0.1698 light=0.1698 mat=0.0000
  batch 40/329 | loss=0.1802 light=0.1802 mat=0.0000
  batch 50/329 | loss=0.1906 light=0.1906 mat=0.0000
  batch 60/329 | loss=0.1698 light=0.1698 mat=0.0000
  batch 70/329 | loss=0.2103 light=0.2103 mat=0.0000
  batch 80/329 | loss=0.1380 light=0.1380 mat=0.0000
  batch 90/329 | loss=0.1389 light=0.1389 mat=0.0000
  batch 100/329 | loss=0.1544 light=0.1544 mat=0.0000
  batch 110/329 | loss=0.1531 light=0.1531 mat=0.0000
  batch 120/329 | loss=0.1532 light=0.1532 mat=0.0000
  batch 130/329 | loss=0.2025 light=0.2025 mat=0.0000
  batch 140/329 | loss=0.2014 light=0.2014 mat=0.0000
  batch 150/329 | loss=0.2036 light=0.2036 mat=0.0000
  batch 160/329 | loss=0.1821 light=0.1821 mat=0.0000
  batch 170/329 | loss=0.1733 light=0.1733 mat=0.0000
  batch 180/329 | loss=0.1687 light=0.1687 mat=0.0000
  batch 190/329 | loss=0.1299 light=0.1299 mat=0.0000
  batch 200/329 | loss=0.2032 light=0.2032 mat=0.0000
  batch 210/329 | loss=0.1554 light=0.1554 mat=0.0000
  batch 220/329 | loss=0.1539 light=0.1539 mat=0.0000
  batch 230/329 | loss=0.1510 light=0.1510 mat=0.0000
  batch 240/329 | loss=0.1680 light=0.1680 mat=0.0000
  batch 250/329 | loss=0.1815 light=0.1815 mat=0.0000
  batch 260/329 | loss=0.1330 light=0.1330 mat=0.0000
  batch 270/329 | loss=0.1460 light=0.1460 mat=0.0000
  batch 280/329 | loss=0.1648 light=0.1648 mat=0.0000
  batch 290/329 | loss=0.1760 light=0.1760 mat=0.0000
  batch 300/329 | loss=0.1939 light=0.1939 mat=0.0000
  batch 310/329 | loss=0.1866 light=0.1866 mat=0.0000
  batch 320/329 | loss=0.1770 light=0.1770 mat=0.0000
  train | loss=0.1735 light=0.1735 mat=0.0000
  val   | loss=0.1762 light=0.1762 mat=0.0000
  -> new best model (val_loss=0.1762)

Epoch 5/50
  batch 10/329 | loss=0.1443 light=0.1443 mat=0.0000
  batch 20/329 | loss=0.1879 light=0.1879 mat=0.0000
  batch 30/329 | loss=0.1462 light=0.1462 mat=0.0000
  batch 40/329 | loss=0.1596 light=0.1596 mat=0.0000
  batch 50/329 | loss=0.1592 light=0.1592 mat=0.0000
  batch 60/329 | loss=0.1150 light=0.1150 mat=0.0000
  batch 70/329 | loss=0.1351 light=0.1351 mat=0.0000
  batch 80/329 | loss=0.1534 light=0.1534 mat=0.0000
  batch 90/329 | loss=0.1228 light=0.1228 mat=0.0000
  batch 100/329 | loss=0.1609 light=0.1609 mat=0.0000
  batch 110/329 | loss=0.1484 light=0.1484 mat=0.0000
  batch 120/329 | loss=0.1582 light=0.1582 mat=0.0000
  batch 130/329 | loss=0.1596 light=0.1596 mat=0.0000
  batch 140/329 | loss=0.1898 light=0.1898 mat=0.0000
  batch 150/329 | loss=0.1861 light=0.1861 mat=0.0000
  batch 160/329 | loss=0.1837 light=0.1837 mat=0.0000
  batch 170/329 | loss=0.1847 light=0.1847 mat=0.0000
  batch 180/329 | loss=0.1631 light=0.1631 mat=0.0000
  batch 190/329 | loss=0.2064 light=0.2064 mat=0.0000
  batch 200/329 | loss=0.2012 light=0.2012 mat=0.0000
  batch 210/329 | loss=0.1747 light=0.1747 mat=0.0000
  batch 220/329 | loss=0.1309 light=0.1309 mat=0.0000
  batch 230/329 | loss=0.1583 light=0.1583 mat=0.0000
  batch 240/329 | loss=0.1924 light=0.1924 mat=0.0000
  batch 250/329 | loss=0.1723 light=0.1723 mat=0.0000
  batch 260/329 | loss=0.2041 light=0.2041 mat=0.0000
  batch 270/329 | loss=0.1299 light=0.1299 mat=0.0000
  batch 280/329 | loss=0.1767 light=0.1767 mat=0.0000
  batch 290/329 | loss=0.1504 light=0.1504 mat=0.0000
  batch 300/329 | loss=0.1717 light=0.1717 mat=0.0000
  batch 310/329 | loss=0.1526 light=0.1526 mat=0.0000
  batch 320/329 | loss=0.1613 light=0.1613 mat=0.0000
  train | loss=0.1646 light=0.1646 mat=0.0000
  val   | loss=0.1718 light=0.1718 mat=0.0000
  -> new best model (val_loss=0.1718)

Epoch 6/50
  batch 10/329 | loss=0.1316 light=0.1316 mat=0.0000
  batch 20/329 | loss=0.2539 light=0.2539 mat=0.0000
  batch 30/329 | loss=0.1838 light=0.1838 mat=0.0000
  batch 40/329 | loss=0.2183 light=0.2183 mat=0.0000
  batch 50/329 | loss=0.1186 light=0.1186 mat=0.0000
  batch 60/329 | loss=0.1658 light=0.1658 mat=0.0000
  batch 70/329 | loss=0.1785 light=0.1785 mat=0.0000
  batch 80/329 | loss=0.1411 light=0.1411 mat=0.0000
  batch 90/329 | loss=0.1290 light=0.1290 mat=0.0000
  batch 100/329 | loss=0.1404 light=0.1404 mat=0.0000
  batch 110/329 | loss=0.1946 light=0.1946 mat=0.0000
  batch 120/329 | loss=0.1325 light=0.1325 mat=0.0000
  batch 130/329 | loss=0.1577 light=0.1577 mat=0.0000
  batch 140/329 | loss=0.1725 light=0.1725 mat=0.0000
  batch 150/329 | loss=0.1431 light=0.1431 mat=0.0000
  batch 160/329 | loss=0.1543 light=0.1543 mat=0.0000
  batch 170/329 | loss=0.1528 light=0.1528 mat=0.0000
  batch 180/329 | loss=0.1414 light=0.1414 mat=0.0000
  batch 190/329 | loss=0.1619 light=0.1619 mat=0.0000
  batch 200/329 | loss=0.1243 light=0.1243 mat=0.0000
  batch 210/329 | loss=0.1798 light=0.1798 mat=0.0000
  batch 220/329 | loss=0.1516 light=0.1516 mat=0.0000
  batch 230/329 | loss=0.1226 light=0.1226 mat=0.0000
  batch 240/329 | loss=0.1457 light=0.1457 mat=0.0000
  batch 250/329 | loss=0.1522 light=0.1522 mat=0.0000
  batch 260/329 | loss=0.1397 light=0.1397 mat=0.0000
  batch 270/329 | loss=0.1754 light=0.1754 mat=0.0000
  batch 280/329 | loss=0.2033 light=0.2033 mat=0.0000
  batch 290/329 | loss=0.1195 light=0.1195 mat=0.0000
  batch 300/329 | loss=0.1361 light=0.1361 mat=0.0000
  batch 310/329 | loss=0.1285 light=0.1285 mat=0.0000
  batch 320/329 | loss=0.2015 light=0.2015 mat=0.0000
  train | loss=0.1567 light=0.1567 mat=0.0000
  val   | loss=0.1645 light=0.1645 mat=0.0000
  -> new best model (val_loss=0.1645)

Epoch 7/50
  batch 10/329 | loss=0.1300 light=0.1300 mat=0.0000
  batch 20/329 | loss=0.1068 light=0.1068 mat=0.0000
  batch 30/329 | loss=0.1617 light=0.1617 mat=0.0000
  batch 40/329 | loss=0.1459 light=0.1459 mat=0.0000
  batch 50/329 | loss=0.2101 light=0.2101 mat=0.0000
  batch 60/329 | loss=0.1323 light=0.1323 mat=0.0000
  batch 70/329 | loss=0.1992 light=0.1992 mat=0.0000
  batch 80/329 | loss=0.1218 light=0.1218 mat=0.0000
  batch 90/329 | loss=0.1800 light=0.1800 mat=0.0000
  batch 100/329 | loss=0.1340 light=0.1340 mat=0.0000
  batch 110/329 | loss=0.1343 light=0.1343 mat=0.0000
  batch 120/329 | loss=0.1346 light=0.1346 mat=0.0000
  batch 130/329 | loss=0.1487 light=0.1487 mat=0.0000
  batch 140/329 | loss=0.1444 light=0.1444 mat=0.0000
  batch 150/329 | loss=0.2053 light=0.2053 mat=0.0000
  batch 160/329 | loss=0.1306 light=0.1306 mat=0.0000
  batch 170/329 | loss=0.1612 light=0.1612 mat=0.0000
  batch 180/329 | loss=0.1407 light=0.1407 mat=0.0000
  batch 190/329 | loss=0.1261 light=0.1261 mat=0.0000
  batch 200/329 | loss=0.1298 light=0.1298 mat=0.0000
  batch 210/329 | loss=0.1768 light=0.1768 mat=0.0000
  batch 220/329 | loss=0.1585 light=0.1585 mat=0.0000
  batch 230/329 | loss=0.1416 light=0.1416 mat=0.0000
  batch 240/329 | loss=0.1147 light=0.1147 mat=0.0000
  batch 250/329 | loss=0.1109 light=0.1109 mat=0.0000
  batch 260/329 | loss=0.1574 light=0.1574 mat=0.0000
  batch 270/329 | loss=0.1288 light=0.1288 mat=0.0000
  batch 280/329 | loss=0.1058 light=0.1058 mat=0.0000
  batch 290/329 | loss=0.1652 light=0.1652 mat=0.0000
  batch 300/329 | loss=0.1410 light=0.1410 mat=0.0000
  batch 310/329 | loss=0.1618 light=0.1618 mat=0.0000
  batch 320/329 | loss=0.1123 light=0.1123 mat=0.0000
  train | loss=0.1517 light=0.1517 mat=0.0000
  val   | loss=0.1621 light=0.1621 mat=0.0000
  -> new best model (val_loss=0.1621)

Epoch 8/50
  batch 10/329 | loss=0.1488 light=0.1488 mat=0.0000
  batch 20/329 | loss=0.1508 light=0.1508 mat=0.0000
  batch 30/329 | loss=0.1861 light=0.1861 mat=0.0000
  batch 40/329 | loss=0.1295 light=0.1295 mat=0.0000
  batch 50/329 | loss=0.1539 light=0.1539 mat=0.0000
  batch 60/329 | loss=0.1487 light=0.1487 mat=0.0000
  batch 70/329 | loss=0.1111 light=0.1111 mat=0.0000
  batch 80/329 | loss=0.1380 light=0.1380 mat=0.0000
  batch 90/329 | loss=0.1338 light=0.1338 mat=0.0000
  batch 100/329 | loss=0.1379 light=0.1379 mat=0.0000
  batch 110/329 | loss=0.1408 light=0.1408 mat=0.0000
  batch 120/329 | loss=0.1472 light=0.1472 mat=0.0000
  batch 130/329 | loss=0.1527 light=0.1527 mat=0.0000
  batch 140/329 | loss=0.1607 light=0.1607 mat=0.0000
  batch 150/329 | loss=0.1454 light=0.1454 mat=0.0000
  batch 160/329 | loss=0.1663 light=0.1663 mat=0.0000
  batch 170/329 | loss=0.1157 light=0.1157 mat=0.0000
  batch 180/329 | loss=0.1378 light=0.1378 mat=0.0000
  batch 190/329 | loss=0.1136 light=0.1136 mat=0.0000
  batch 200/329 | loss=0.1098 light=0.1098 mat=0.0000
  batch 210/329 | loss=0.1799 light=0.1799 mat=0.0000
  batch 220/329 | loss=0.1577 light=0.1577 mat=0.0000
  batch 230/329 | loss=0.1975 light=0.1975 mat=0.0000
  batch 240/329 | loss=0.1387 light=0.1387 mat=0.0000
  batch 250/329 | loss=0.1307 light=0.1307 mat=0.0000
  batch 260/329 | loss=0.1649 light=0.1649 mat=0.0000
  batch 270/329 | loss=0.1529 light=0.1529 mat=0.0000
  batch 280/329 | loss=0.1934 light=0.1934 mat=0.0000
  batch 290/329 | loss=0.1854 light=0.1854 mat=0.0000
  batch 300/329 | loss=0.1371 light=0.1371 mat=0.0000
  batch 310/329 | loss=0.1355 light=0.1355 mat=0.0000
  batch 320/329 | loss=0.1304 light=0.1304 mat=0.0000
  train | loss=0.1453 light=0.1453 mat=0.0000
  val   | loss=0.1570 light=0.1570 mat=0.0000
  -> new best model (val_loss=0.1570)

Epoch 9/50
  batch 10/329 | loss=0.0986 light=0.0986 mat=0.0000
  batch 20/329 | loss=0.1907 light=0.1907 mat=0.0000
  batch 30/329 | loss=0.1326 light=0.1326 mat=0.0000
  batch 40/329 | loss=0.1470 light=0.1470 mat=0.0000
  batch 50/329 | loss=0.0903 light=0.0903 mat=0.0000
  batch 60/329 | loss=0.1498 light=0.1498 mat=0.0000
  batch 70/329 | loss=0.1335 light=0.1335 mat=0.0000
  batch 80/329 | loss=0.1367 light=0.1367 mat=0.0000
  batch 90/329 | loss=0.1242 light=0.1242 mat=0.0000
  batch 100/329 | loss=0.1108 light=0.1108 mat=0.0000
  batch 110/329 | loss=0.1699 light=0.1699 mat=0.0000
  batch 120/329 | loss=0.1073 light=0.1073 mat=0.0000
  batch 130/329 | loss=0.1317 light=0.1317 mat=0.0000
  batch 140/329 | loss=0.1198 light=0.1198 mat=0.0000
  batch 150/329 | loss=0.1229 light=0.1229 mat=0.0000
  batch 160/329 | loss=0.1157 light=0.1157 mat=0.0000
  batch 170/329 | loss=0.1179 light=0.1179 mat=0.0000
  batch 180/329 | loss=0.1629 light=0.1629 mat=0.0000
  batch 190/329 | loss=0.1357 light=0.1357 mat=0.0000
  batch 200/329 | loss=0.1383 light=0.1383 mat=0.0000
  batch 210/329 | loss=0.1722 light=0.1722 mat=0.0000
  batch 220/329 | loss=0.1270 light=0.1270 mat=0.0000
  batch 230/329 | loss=0.1676 light=0.1676 mat=0.0000
  batch 240/329 | loss=0.1321 light=0.1321 mat=0.0000
  batch 250/329 | loss=0.1337 light=0.1337 mat=0.0000
  batch 260/329 | loss=0.1494 light=0.1494 mat=0.0000
  batch 270/329 | loss=0.1491 light=0.1491 mat=0.0000
  batch 280/329 | loss=0.1296 light=0.1296 mat=0.0000
  batch 290/329 | loss=0.1942 light=0.1942 mat=0.0000
  batch 300/329 | loss=0.1354 light=0.1354 mat=0.0000
  batch 310/329 | loss=0.1268 light=0.1268 mat=0.0000
  batch 320/329 | loss=0.1417 light=0.1417 mat=0.0000
  train | loss=0.1412 light=0.1412 mat=0.0000
  val   | loss=0.1570 light=0.1570 mat=0.0000

Epoch 10/50
  batch 10/329 | loss=0.1295 light=0.1295 mat=0.0000
  batch 20/329 | loss=0.1099 light=0.1099 mat=0.0000
  batch 30/329 | loss=0.1291 light=0.1291 mat=0.0000
  batch 40/329 | loss=0.1181 light=0.1181 mat=0.0000
  batch 50/329 | loss=0.1189 light=0.1189 mat=0.0000
  batch 60/329 | loss=0.1513 light=0.1513 mat=0.0000
  batch 70/329 | loss=0.1720 light=0.1720 mat=0.0000
  batch 80/329 | loss=0.1235 light=0.1235 mat=0.0000
  batch 90/329 | loss=0.1229 light=0.1229 mat=0.0000
  batch 100/329 | loss=0.1098 light=0.1098 mat=0.0000
  batch 110/329 | loss=0.1085 light=0.1085 mat=0.0000
  batch 120/329 | loss=0.1540 light=0.1540 mat=0.0000
  batch 130/329 | loss=0.1269 light=0.1269 mat=0.0000
  batch 140/329 | loss=0.1711 light=0.1711 mat=0.0000
  batch 150/329 | loss=0.1420 light=0.1420 mat=0.0000
  batch 160/329 | loss=0.1575 light=0.1575 mat=0.0000
  batch 170/329 | loss=0.1159 light=0.1159 mat=0.0000
  batch 180/329 | loss=0.1445 light=0.1445 mat=0.0000
  batch 190/329 | loss=0.1670 light=0.1670 mat=0.0000
  batch 200/329 | loss=0.1128 light=0.1128 mat=0.0000
  batch 210/329 | loss=0.1612 light=0.1612 mat=0.0000
  batch 220/329 | loss=0.1022 light=0.1022 mat=0.0000
  batch 230/329 | loss=0.0898 light=0.0898 mat=0.0000
  batch 240/329 | loss=0.1371 light=0.1371 mat=0.0000
  batch 250/329 | loss=0.1501 light=0.1501 mat=0.0000
  batch 260/329 | loss=0.1828 light=0.1828 mat=0.0000
  batch 270/329 | loss=0.1192 light=0.1192 mat=0.0000
  batch 280/329 | loss=0.1361 light=0.1361 mat=0.0000
  batch 290/329 | loss=0.1476 light=0.1476 mat=0.0000
  batch 300/329 | loss=0.1252 light=0.1252 mat=0.0000
  batch 310/329 | loss=0.1286 light=0.1286 mat=0.0000
  batch 320/329 | loss=0.1073 light=0.1073 mat=0.0000
  train | loss=0.1377 light=0.1377 mat=0.0000
  val   | loss=0.1521 light=0.1521 mat=0.0000
  -> new best model (val_loss=0.1521)

Epoch 11/50
  batch 10/329 | loss=0.1240 light=0.1240 mat=0.0000
  batch 20/329 | loss=0.1497 light=0.1497 mat=0.0000
  batch 30/329 | loss=0.1240 light=0.1240 mat=0.0000
  batch 40/329 | loss=0.1385 light=0.1385 mat=0.0000
  batch 50/329 | loss=0.1176 light=0.1176 mat=0.0000
  batch 60/329 | loss=0.1263 light=0.1263 mat=0.0000
  batch 70/329 | loss=0.0836 light=0.0836 mat=0.0000
  batch 80/329 | loss=0.1113 light=0.1113 mat=0.0000
  batch 90/329 | loss=0.1043 light=0.1043 mat=0.0000
  batch 100/329 | loss=0.1107 light=0.1107 mat=0.0000
  batch 110/329 | loss=0.1233 light=0.1233 mat=0.0000
  batch 120/329 | loss=0.1098 light=0.1098 mat=0.0000
  batch 130/329 | loss=0.1715 light=0.1715 mat=0.0000
  batch 140/329 | loss=0.1677 light=0.1677 mat=0.0000
  batch 150/329 | loss=0.1344 light=0.1344 mat=0.0000
  batch 160/329 | loss=0.1272 light=0.1272 mat=0.0000
  batch 170/329 | loss=0.1513 light=0.1513 mat=0.0000
  batch 180/329 | loss=0.1373 light=0.1373 mat=0.0000
  batch 190/329 | loss=0.1415 light=0.1415 mat=0.0000
  batch 200/329 | loss=0.1433 light=0.1433 mat=0.0000
  batch 210/329 | loss=0.1279 light=0.1279 mat=0.0000
  batch 220/329 | loss=0.1498 light=0.1498 mat=0.0000
  batch 230/329 | loss=0.1225 light=0.1225 mat=0.0000
  batch 240/329 | loss=0.1407 light=0.1407 mat=0.0000
  batch 250/329 | loss=0.0851 light=0.0851 mat=0.0000
  batch 260/329 | loss=0.1650 light=0.1650 mat=0.0000
  batch 270/329 | loss=0.1499 light=0.1499 mat=0.0000
  batch 280/329 | loss=0.1329 light=0.1329 mat=0.0000
  batch 290/329 | loss=0.1446 light=0.1446 mat=0.0000
  batch 300/329 | loss=0.1282 light=0.1282 mat=0.0000
  batch 310/329 | loss=0.0963 light=0.0963 mat=0.0000
  batch 320/329 | loss=0.1146 light=0.1146 mat=0.0000
  train | loss=0.1325 light=0.1325 mat=0.0000
  val   | loss=0.1508 light=0.1508 mat=0.0000
  -> new best model (val_loss=0.1508)

Epoch 12/50
  batch 10/329 | loss=0.1290 light=0.1290 mat=0.0000
  batch 20/329 | loss=0.1235 light=0.1235 mat=0.0000
  batch 30/329 | loss=0.1158 light=0.1158 mat=0.0000
  batch 40/329 | loss=0.1110 light=0.1110 mat=0.0000
  batch 50/329 | loss=0.1396 light=0.1396 mat=0.0000
  batch 60/329 | loss=0.1362 light=0.1362 mat=0.0000
  batch 70/329 | loss=0.1123 light=0.1123 mat=0.0000
  batch 80/329 | loss=0.1383 light=0.1383 mat=0.0000
  batch 90/329 | loss=0.1181 light=0.1181 mat=0.0000
  batch 100/329 | loss=0.1224 light=0.1224 mat=0.0000
  batch 110/329 | loss=0.1368 light=0.1368 mat=0.0000
  batch 120/329 | loss=0.1149 light=0.1149 mat=0.0000
  batch 130/329 | loss=0.1582 light=0.1582 mat=0.0000
  batch 140/329 | loss=0.1859 light=0.1859 mat=0.0000
  batch 150/329 | loss=0.1626 light=0.1626 mat=0.0000
  batch 160/329 | loss=0.0961 light=0.0961 mat=0.0000
  batch 170/329 | loss=0.1217 light=0.1217 mat=0.0000
  batch 180/329 | loss=0.1413 light=0.1413 mat=0.0000
  batch 190/329 | loss=0.1497 light=0.1497 mat=0.0000
  batch 200/329 | loss=0.1129 light=0.1129 mat=0.0000
  batch 210/329 | loss=0.1649 light=0.1649 mat=0.0000
  batch 220/329 | loss=0.1241 light=0.1241 mat=0.0000
  batch 230/329 | loss=0.1324 light=0.1324 mat=0.0000
  batch 240/329 | loss=0.1290 light=0.1290 mat=0.0000
  batch 250/329 | loss=0.1499 light=0.1499 mat=0.0000
  batch 260/329 | loss=0.1462 light=0.1462 mat=0.0000
  batch 270/329 | loss=0.1258 light=0.1258 mat=0.0000
  batch 280/329 | loss=0.1152 light=0.1152 mat=0.0000
  batch 290/329 | loss=0.1434 light=0.1434 mat=0.0000
  batch 300/329 | loss=0.1021 light=0.1021 mat=0.0000
  batch 310/329 | loss=0.1273 light=0.1273 mat=0.0000
  batch 320/329 | loss=0.1088 light=0.1088 mat=0.0000
  train | loss=0.1298 light=0.1298 mat=0.0000
  val   | loss=0.1482 light=0.1482 mat=0.0000
  -> new best model (val_loss=0.1482)

Epoch 13/50
  batch 10/329 | loss=0.1289 light=0.1289 mat=0.0000
  batch 20/329 | loss=0.1285 light=0.1285 mat=0.0000
  batch 30/329 | loss=0.1349 light=0.1349 mat=0.0000
  batch 40/329 | loss=0.0959 light=0.0959 mat=0.0000
  batch 50/329 | loss=0.1302 light=0.1302 mat=0.0000
  batch 60/329 | loss=0.1078 light=0.1078 mat=0.0000
  batch 70/329 | loss=0.1359 light=0.1359 mat=0.0000
  batch 80/329 | loss=0.1105 light=0.1105 mat=0.0000
  batch 90/329 | loss=0.1096 light=0.1096 mat=0.0000
  batch 100/329 | loss=0.1338 light=0.1338 mat=0.0000
  batch 110/329 | loss=0.1893 light=0.1893 mat=0.0000
  batch 120/329 | loss=0.1230 light=0.1230 mat=0.0000
  batch 130/329 | loss=0.1580 light=0.1580 mat=0.0000
  batch 140/329 | loss=0.1254 light=0.1254 mat=0.0000
  batch 150/329 | loss=0.1470 light=0.1470 mat=0.0000
  batch 160/329 | loss=0.1469 light=0.1469 mat=0.0000
  batch 170/329 | loss=0.1384 light=0.1384 mat=0.0000
  batch 180/329 | loss=0.1266 light=0.1266 mat=0.0000
  batch 190/329 | loss=0.1139 light=0.1139 mat=0.0000
  batch 200/329 | loss=0.0943 light=0.0943 mat=0.0000
  batch 210/329 | loss=0.1289 light=0.1289 mat=0.0000
  batch 220/329 | loss=0.1249 light=0.1249 mat=0.0000
  batch 230/329 | loss=0.1291 light=0.1291 mat=0.0000
  batch 240/329 | loss=0.1291 light=0.1291 mat=0.0000
  batch 250/329 | loss=0.1036 light=0.1036 mat=0.0000
  batch 260/329 | loss=0.1183 light=0.1183 mat=0.0000
  batch 270/329 | loss=0.1273 light=0.1273 mat=0.0000
  batch 280/329 | loss=0.1162 light=0.1162 mat=0.0000
  batch 290/329 | loss=0.1581 light=0.1581 mat=0.0000
  batch 300/329 | loss=0.1049 light=0.1049 mat=0.0000
  batch 310/329 | loss=0.1224 light=0.1224 mat=0.0000
  batch 320/329 | loss=0.1239 light=0.1239 mat=0.0000
  train | loss=0.1256 light=0.1256 mat=0.0000
  val   | loss=0.1478 light=0.1478 mat=0.0000
  -> new best model (val_loss=0.1478)

Epoch 14/50
  batch 10/329 | loss=0.1078 light=0.1078 mat=0.0000
  batch 20/329 | loss=0.1344 light=0.1344 mat=0.0000
  batch 30/329 | loss=0.0956 light=0.0956 mat=0.0000
  batch 40/329 | loss=0.0840 light=0.0840 mat=0.0000
  batch 50/329 | loss=0.1529 light=0.1529 mat=0.0000
  batch 60/329 | loss=0.1005 light=0.1005 mat=0.0000
  batch 70/329 | loss=0.1289 light=0.1289 mat=0.0000
  batch 80/329 | loss=0.1184 light=0.1184 mat=0.0000
  batch 90/329 | loss=0.0903 light=0.0903 mat=0.0000
  batch 100/329 | loss=0.1709 light=0.1709 mat=0.0000
  batch 110/329 | loss=0.0873 light=0.0873 mat=0.0000
  batch 120/329 | loss=0.0900 light=0.0900 mat=0.0000
  batch 130/329 | loss=0.1286 light=0.1286 mat=0.0000
  batch 140/329 | loss=0.1049 light=0.1049 mat=0.0000
  batch 150/329 | loss=0.0840 light=0.0840 mat=0.0000
  batch 160/329 | loss=0.1120 light=0.1120 mat=0.0000
  batch 170/329 | loss=0.1923 light=0.1923 mat=0.0000
  batch 180/329 | loss=0.1066 light=0.1066 mat=0.0000
  batch 190/329 | loss=0.1068 light=0.1068 mat=0.0000
  batch 200/329 | loss=0.1051 light=0.1051 mat=0.0000
  batch 210/329 | loss=0.1118 light=0.1118 mat=0.0000
  batch 220/329 | loss=0.1125 light=0.1125 mat=0.0000
  batch 230/329 | loss=0.1448 light=0.1448 mat=0.0000
  batch 240/329 | loss=0.0931 light=0.0931 mat=0.0000
  batch 250/329 | loss=0.1525 light=0.1525 mat=0.0000
  batch 260/329 | loss=0.1353 light=0.1353 mat=0.0000
  batch 270/329 | loss=0.1084 light=0.1084 mat=0.0000
  batch 280/329 | loss=0.1200 light=0.1200 mat=0.0000
  batch 290/329 | loss=0.1157 light=0.1157 mat=0.0000
  batch 300/329 | loss=0.1201 light=0.1201 mat=0.0000
  batch 310/329 | loss=0.1222 light=0.1222 mat=0.0000
  batch 320/329 | loss=0.0900 light=0.0900 mat=0.0000
  train | loss=0.1237 light=0.1237 mat=0.0000
  val   | loss=0.1475 light=0.1475 mat=0.0000
  -> new best model (val_loss=0.1475)

Epoch 15/50
  batch 10/329 | loss=0.1502 light=0.1502 mat=0.0000
  batch 20/329 | loss=0.1340 light=0.1340 mat=0.0000
  batch 30/329 | loss=0.1173 light=0.1173 mat=0.0000
  batch 40/329 | loss=0.1587 light=0.1587 mat=0.0000
  batch 50/329 | loss=0.1187 light=0.1187 mat=0.0000
  batch 60/329 | loss=0.1022 light=0.1022 mat=0.0000
  batch 70/329 | loss=0.1210 light=0.1210 mat=0.0000
  batch 80/329 | loss=0.0875 light=0.0875 mat=0.0000
  batch 90/329 | loss=0.1394 light=0.1394 mat=0.0000
  batch 100/329 | loss=0.1353 light=0.1353 mat=0.0000
  batch 110/329 | loss=0.1273 light=0.1273 mat=0.0000
  batch 120/329 | loss=0.1044 light=0.1044 mat=0.0000
  batch 130/329 | loss=0.1299 light=0.1299 mat=0.0000
  batch 140/329 | loss=0.1264 light=0.1264 mat=0.0000
  batch 150/329 | loss=0.1158 light=0.1158 mat=0.0000
  batch 160/329 | loss=0.1385 light=0.1385 mat=0.0000
  batch 170/329 | loss=0.1022 light=0.1022 mat=0.0000
  batch 180/329 | loss=0.1372 light=0.1372 mat=0.0000
  batch 190/329 | loss=0.1647 light=0.1647 mat=0.0000
  batch 200/329 | loss=0.1265 light=0.1265 mat=0.0000
  batch 210/329 | loss=0.1035 light=0.1035 mat=0.0000
  batch 220/329 | loss=0.1404 light=0.1404 mat=0.0000
  batch 230/329 | loss=0.1565 light=0.1565 mat=0.0000
  batch 240/329 | loss=0.1406 light=0.1406 mat=0.0000
  batch 250/329 | loss=0.1098 light=0.1098 mat=0.0000
  batch 260/329 | loss=0.1175 light=0.1175 mat=0.0000
  batch 270/329 | loss=0.0960 light=0.0960 mat=0.0000
  batch 280/329 | loss=0.1069 light=0.1069 mat=0.0000
  batch 290/329 | loss=0.1198 light=0.1198 mat=0.0000
  batch 300/329 | loss=0.0950 light=0.0950 mat=0.0000
  batch 310/329 | loss=0.0924 light=0.0924 mat=0.0000
  batch 320/329 | loss=0.1187 light=0.1187 mat=0.0000
  train | loss=0.1194 light=0.1194 mat=0.0000
  val   | loss=0.1456 light=0.1456 mat=0.0000
  -> new best model (val_loss=0.1456)

Epoch 16/50
  batch 10/329 | loss=0.1218 light=0.1218 mat=0.0000
  batch 20/329 | loss=0.1467 light=0.1467 mat=0.0000
  batch 30/329 | loss=0.1238 light=0.1238 mat=0.0000
  batch 40/329 | loss=0.1118 light=0.1118 mat=0.0000
  batch 50/329 | loss=0.1034 light=0.1034 mat=0.0000
  batch 60/329 | loss=0.0990 light=0.0990 mat=0.0000
  batch 70/329 | loss=0.1029 light=0.1029 mat=0.0000
  batch 80/329 | loss=0.1128 light=0.1128 mat=0.0000
  batch 90/329 | loss=0.1557 light=0.1557 mat=0.0000
  batch 100/329 | loss=0.1081 light=0.1081 mat=0.0000
  batch 110/329 | loss=0.1180 light=0.1180 mat=0.0000
  batch 120/329 | loss=0.1154 light=0.1154 mat=0.0000
  batch 130/329 | loss=0.1340 light=0.1340 mat=0.0000
  batch 140/329 | loss=0.0772 light=0.0772 mat=0.0000
  batch 150/329 | loss=0.0958 light=0.0958 mat=0.0000
  batch 160/329 | loss=0.1396 light=0.1396 mat=0.0000
  batch 170/329 | loss=0.0941 light=0.0941 mat=0.0000
  batch 180/329 | loss=0.1159 light=0.1159 mat=0.0000
  batch 190/329 | loss=0.1056 light=0.1056 mat=0.0000
  batch 200/329 | loss=0.1200 light=0.1200 mat=0.0000
  batch 210/329 | loss=0.1014 light=0.1014 mat=0.0000
  batch 220/329 | loss=0.1301 light=0.1301 mat=0.0000
  batch 230/329 | loss=0.1364 light=0.1364 mat=0.0000
  batch 240/329 | loss=0.1090 light=0.1090 mat=0.0000
  batch 250/329 | loss=0.1008 light=0.1008 mat=0.0000
  batch 260/329 | loss=0.1272 light=0.1272 mat=0.0000
  batch 270/329 | loss=0.0992 light=0.0992 mat=0.0000
  batch 280/329 | loss=0.0979 light=0.0979 mat=0.0000
  batch 290/329 | loss=0.1115 light=0.1115 mat=0.0000
  batch 300/329 | loss=0.1036 light=0.1036 mat=0.0000
  batch 310/329 | loss=0.1127 light=0.1127 mat=0.0000
  batch 320/329 | loss=0.1089 light=0.1089 mat=0.0000
  train | loss=0.1169 light=0.1169 mat=0.0000
  val   | loss=0.1436 light=0.1436 mat=0.0000
  -> new best model (val_loss=0.1436)

Epoch 17/50
  batch 10/329 | loss=0.0843 light=0.0843 mat=0.0000
  batch 20/329 | loss=0.1178 light=0.1178 mat=0.0000
  batch 30/329 | loss=0.1011 light=0.1011 mat=0.0000
  batch 40/329 | loss=0.1110 light=0.1110 mat=0.0000
  batch 50/329 | loss=0.1253 light=0.1253 mat=0.0000
  batch 60/329 | loss=0.1240 light=0.1240 mat=0.0000
  batch 70/329 | loss=0.0888 light=0.0888 mat=0.0000
  batch 80/329 | loss=0.0907 light=0.0907 mat=0.0000
  batch 90/329 | loss=0.0948 light=0.0948 mat=0.0000
  batch 100/329 | loss=0.1303 light=0.1303 mat=0.0000
  batch 110/329 | loss=0.0971 light=0.0971 mat=0.0000
  batch 120/329 | loss=0.0964 light=0.0964 mat=0.0000
  batch 130/329 | loss=0.1206 light=0.1206 mat=0.0000
  batch 140/329 | loss=0.1443 light=0.1443 mat=0.0000
  batch 150/329 | loss=0.1062 light=0.1062 mat=0.0000
  batch 160/329 | loss=0.1059 light=0.1059 mat=0.0000
  batch 170/329 | loss=0.0989 light=0.0989 mat=0.0000
  batch 180/329 | loss=0.1928 light=0.1928 mat=0.0000
  batch 190/329 | loss=0.1126 light=0.1126 mat=0.0000
  batch 200/329 | loss=0.1119 light=0.1119 mat=0.0000
  batch 210/329 | loss=0.0797 light=0.0797 mat=0.0000
  batch 220/329 | loss=0.1114 light=0.1114 mat=0.0000
  batch 230/329 | loss=0.1273 light=0.1273 mat=0.0000
  batch 240/329 | loss=0.1111 light=0.1111 mat=0.0000
  batch 250/329 | loss=0.1282 light=0.1282 mat=0.0000
  batch 260/329 | loss=0.1250 light=0.1250 mat=0.0000
  batch 270/329 | loss=0.1154 light=0.1154 mat=0.0000
  batch 280/329 | loss=0.0910 light=0.0910 mat=0.0000
  batch 290/329 | loss=0.1434 light=0.1434 mat=0.0000
  batch 300/329 | loss=0.1242 light=0.1242 mat=0.0000
  batch 310/329 | loss=0.1227 light=0.1227 mat=0.0000
  batch 320/329 | loss=0.1319 light=0.1319 mat=0.0000
  train | loss=0.1147 light=0.1147 mat=0.0000
  val   | loss=0.1419 light=0.1419 mat=0.0000
  -> new best model (val_loss=0.1419)

Epoch 18/50
  batch 10/329 | loss=0.1110 light=0.1110 mat=0.0000
  batch 20/329 | loss=0.1370 light=0.1370 mat=0.0000
  batch 30/329 | loss=0.1257 light=0.1257 mat=0.0000
  batch 40/329 | loss=0.1330 light=0.1330 mat=0.0000
  batch 50/329 | loss=0.1732 light=0.1732 mat=0.0000
  batch 60/329 | loss=0.1097 light=0.1097 mat=0.0000
  batch 70/329 | loss=0.1295 light=0.1295 mat=0.0000
  batch 80/329 | loss=0.1169 light=0.1169 mat=0.0000
  batch 90/329 | loss=0.1227 light=0.1227 mat=0.0000
  batch 100/329 | loss=0.1233 light=0.1233 mat=0.0000
  batch 110/329 | loss=0.1166 light=0.1166 mat=0.0000
  batch 120/329 | loss=0.1133 light=0.1133 mat=0.0000
  batch 130/329 | loss=0.1572 light=0.1572 mat=0.0000
  batch 140/329 | loss=0.1218 light=0.1218 mat=0.0000
  batch 150/329 | loss=0.1140 light=0.1140 mat=0.0000
  batch 160/329 | loss=0.1225 light=0.1225 mat=0.0000
  batch 170/329 | loss=0.1456 light=0.1456 mat=0.0000
  batch 180/329 | loss=0.1087 light=0.1087 mat=0.0000
  batch 190/329 | loss=0.1003 light=0.1003 mat=0.0000
  batch 200/329 | loss=0.1191 light=0.1191 mat=0.0000
  batch 210/329 | loss=0.0804 light=0.0804 mat=0.0000
  batch 220/329 | loss=0.0888 light=0.0888 mat=0.0000
  batch 230/329 | loss=0.1338 light=0.1338 mat=0.0000
  batch 240/329 | loss=0.0980 light=0.0980 mat=0.0000
  batch 250/329 | loss=0.1147 light=0.1147 mat=0.0000
  batch 260/329 | loss=0.0802 light=0.0802 mat=0.0000
  batch 270/329 | loss=0.1170 light=0.1170 mat=0.0000
  batch 280/329 | loss=0.0991 light=0.0991 mat=0.0000
  batch 290/329 | loss=0.1010 light=0.1010 mat=0.0000
  batch 300/329 | loss=0.1487 light=0.1487 mat=0.0000
  batch 310/329 | loss=0.1186 light=0.1186 mat=0.0000
  batch 320/329 | loss=0.1216 light=0.1216 mat=0.0000
  train | loss=0.1130 light=0.1130 mat=0.0000
  val   | loss=0.1391 light=0.1391 mat=0.0000
  -> new best model (val_loss=0.1391)

Epoch 19/50
  batch 10/329 | loss=0.1056 light=0.1056 mat=0.0000
  batch 20/329 | loss=0.1064 light=0.1064 mat=0.0000
  batch 30/329 | loss=0.1110 light=0.1110 mat=0.0000
  batch 40/329 | loss=0.0708 light=0.0708 mat=0.0000
  batch 50/329 | loss=0.0912 light=0.0912 mat=0.0000
  batch 60/329 | loss=0.0986 light=0.0986 mat=0.0000
  batch 70/329 | loss=0.1520 light=0.1520 mat=0.0000
  batch 80/329 | loss=0.1221 light=0.1221 mat=0.0000
  batch 90/329 | loss=0.0925 light=0.0925 mat=0.0000
  batch 100/329 | loss=0.1374 light=0.1374 mat=0.0000
  batch 110/329 | loss=0.0892 light=0.0892 mat=0.0000
  batch 120/329 | loss=0.1021 light=0.1021 mat=0.0000
  batch 130/329 | loss=0.1545 light=0.1545 mat=0.0000
  batch 140/329 | loss=0.0794 light=0.0794 mat=0.0000
  batch 150/329 | loss=0.0933 light=0.0933 mat=0.0000
  batch 160/329 | loss=0.1411 light=0.1411 mat=0.0000
  batch 170/329 | loss=0.0980 light=0.0980 mat=0.0000
  batch 180/329 | loss=0.1250 light=0.1250 mat=0.0000
  batch 190/329 | loss=0.0758 light=0.0758 mat=0.0000
  batch 200/329 | loss=0.1223 light=0.1223 mat=0.0000
  batch 210/329 | loss=0.1200 light=0.1200 mat=0.0000
  batch 220/329 | loss=0.0832 light=0.0832 mat=0.0000
  batch 230/329 | loss=0.1133 light=0.1133 mat=0.0000
  batch 240/329 | loss=0.1000 light=0.1000 mat=0.0000
  batch 250/329 | loss=0.1254 light=0.1254 mat=0.0000
  batch 260/329 | loss=0.0964 light=0.0964 mat=0.0000
  batch 270/329 | loss=0.0940 light=0.0940 mat=0.0000
  batch 280/329 | loss=0.1121 light=0.1121 mat=0.0000
  batch 290/329 | loss=0.1151 light=0.1151 mat=0.0000
  batch 300/329 | loss=0.1142 light=0.1142 mat=0.0000
  batch 310/329 | loss=0.0885 light=0.0885 mat=0.0000
  batch 320/329 | loss=0.1099 light=0.1099 mat=0.0000
  train | loss=0.1101 light=0.1101 mat=0.0000
  val   | loss=0.1425 light=0.1425 mat=0.0000

Epoch 20/50
  batch 10/329 | loss=0.1081 light=0.1081 mat=0.0000
  batch 20/329 | loss=0.1137 light=0.1137 mat=0.0000
  batch 30/329 | loss=0.0959 light=0.0959 mat=0.0000
  batch 40/329 | loss=0.0894 light=0.0894 mat=0.0000
  batch 50/329 | loss=0.0767 light=0.0767 mat=0.0000
  batch 60/329 | loss=0.0644 light=0.0644 mat=0.0000
  batch 70/329 | loss=0.0808 light=0.0808 mat=0.0000
  batch 80/329 | loss=0.1058 light=0.1058 mat=0.0000
  batch 90/329 | loss=0.1104 light=0.1104 mat=0.0000
  batch 100/329 | loss=0.1012 light=0.1012 mat=0.0000
  batch 110/329 | loss=0.0747 light=0.0747 mat=0.0000
  batch 120/329 | loss=0.1449 light=0.1449 mat=0.0000
  batch 130/329 | loss=0.1462 light=0.1462 mat=0.0000
  batch 140/329 | loss=0.0763 light=0.0763 mat=0.0000
  batch 150/329 | loss=0.1409 light=0.1409 mat=0.0000
  batch 160/329 | loss=0.1192 light=0.1192 mat=0.0000
  batch 170/329 | loss=0.1074 light=0.1074 mat=0.0000
  batch 180/329 | loss=0.1036 light=0.1036 mat=0.0000
  batch 190/329 | loss=0.1042 light=0.1042 mat=0.0000
  batch 200/329 | loss=0.1061 light=0.1061 mat=0.0000
  batch 210/329 | loss=0.1127 light=0.1127 mat=0.0000
  batch 220/329 | loss=0.0935 light=0.0935 mat=0.0000
  batch 230/329 | loss=0.1064 light=0.1064 mat=0.0000
  batch 240/329 | loss=0.1129 light=0.1129 mat=0.0000
  batch 250/329 | loss=0.1275 light=0.1275 mat=0.0000
  batch 260/329 | loss=0.1005 light=0.1005 mat=0.0000
  batch 270/329 | loss=0.1112 light=0.1112 mat=0.0000
  batch 280/329 | loss=0.1451 light=0.1451 mat=0.0000
  batch 290/329 | loss=0.1025 light=0.1025 mat=0.0000
  batch 300/329 | loss=0.1283 light=0.1283 mat=0.0000
  batch 310/329 | loss=0.1147 light=0.1147 mat=0.0000
  batch 320/329 | loss=0.1127 light=0.1127 mat=0.0000
  train | loss=0.1094 light=0.1094 mat=0.0000
  val   | loss=0.1374 light=0.1374 mat=0.0000
  -> new best model (val_loss=0.1374)

Epoch 21/50
  batch 10/329 | loss=0.0854 light=0.0854 mat=0.0000
  batch 20/329 | loss=0.0953 light=0.0953 mat=0.0000
  batch 30/329 | loss=0.0996 light=0.0996 mat=0.0000
  batch 40/329 | loss=0.1309 light=0.1309 mat=0.0000
  batch 50/329 | loss=0.1161 light=0.1161 mat=0.0000
  batch 60/329 | loss=0.1031 light=0.1031 mat=0.0000
  batch 70/329 | loss=0.0948 light=0.0948 mat=0.0000
  batch 80/329 | loss=0.1366 light=0.1366 mat=0.0000
  batch 90/329 | loss=0.0924 light=0.0924 mat=0.0000
  batch 100/329 | loss=0.1111 light=0.1111 mat=0.0000
  batch 110/329 | loss=0.1108 light=0.1108 mat=0.0000
  batch 120/329 | loss=0.0891 light=0.0891 mat=0.0000
  batch 130/329 | loss=0.1528 light=0.1528 mat=0.0000
  batch 140/329 | loss=0.1100 light=0.1100 mat=0.0000
  batch 150/329 | loss=0.1035 light=0.1035 mat=0.0000
  batch 160/329 | loss=0.1032 light=0.1032 mat=0.0000
  batch 170/329 | loss=0.0912 light=0.0912 mat=0.0000
  batch 180/329 | loss=0.1436 light=0.1436 mat=0.0000
  batch 190/329 | loss=0.1075 light=0.1075 mat=0.0000
  batch 200/329 | loss=0.1069 light=0.1069 mat=0.0000
  batch 210/329 | loss=0.1095 light=0.1095 mat=0.0000
  batch 220/329 | loss=0.1021 light=0.1021 mat=0.0000
  batch 230/329 | loss=0.0848 light=0.0848 mat=0.0000
  batch 240/329 | loss=0.1199 light=0.1199 mat=0.0000
  batch 250/329 | loss=0.1064 light=0.1064 mat=0.0000
  batch 260/329 | loss=0.0906 light=0.0906 mat=0.0000
  batch 270/329 | loss=0.0947 light=0.0947 mat=0.0000
  batch 280/329 | loss=0.0694 light=0.0694 mat=0.0000
  batch 290/329 | loss=0.0992 light=0.0992 mat=0.0000
  batch 300/329 | loss=0.0988 light=0.0988 mat=0.0000
  batch 310/329 | loss=0.1007 light=0.1007 mat=0.0000
  batch 320/329 | loss=0.0990 light=0.0990 mat=0.0000
  train | loss=0.1068 light=0.1068 mat=0.0000
  val   | loss=0.1360 light=0.1360 mat=0.0000
  -> new best model (val_loss=0.1360)

Epoch 22/50
  batch 10/329 | loss=0.1087 light=0.1087 mat=0.0000
  batch 20/329 | loss=0.1246 light=0.1246 mat=0.0000
  batch 30/329 | loss=0.1013 light=0.1013 mat=0.0000
  batch 40/329 | loss=0.1057 light=0.1057 mat=0.0000
  batch 50/329 | loss=0.1136 light=0.1136 mat=0.0000
  batch 60/329 | loss=0.0987 light=0.0987 mat=0.0000
  batch 70/329 | loss=0.1269 light=0.1269 mat=0.0000
  batch 80/329 | loss=0.0975 light=0.0975 mat=0.0000
  batch 90/329 | loss=0.0887 light=0.0887 mat=0.0000
  batch 100/329 | loss=0.0935 light=0.0935 mat=0.0000
  batch 110/329 | loss=0.0809 light=0.0809 mat=0.0000
  batch 120/329 | loss=0.1564 light=0.1564 mat=0.0000
  batch 130/329 | loss=0.0856 light=0.0856 mat=0.0000
  batch 140/329 | loss=0.0973 light=0.0973 mat=0.0000
  batch 150/329 | loss=0.0800 light=0.0800 mat=0.0000
  batch 160/329 | loss=0.1233 light=0.1233 mat=0.0000
  batch 170/329 | loss=0.0858 light=0.0858 mat=0.0000
  batch 180/329 | loss=0.1176 light=0.1176 mat=0.0000
  batch 190/329 | loss=0.1311 light=0.1311 mat=0.0000
  batch 200/329 | loss=0.1862 light=0.1862 mat=0.0000
  batch 210/329 | loss=0.1383 light=0.1383 mat=0.0000
  batch 220/329 | loss=0.1039 light=0.1039 mat=0.0000
  batch 230/329 | loss=0.1052 light=0.1052 mat=0.0000
  batch 240/329 | loss=0.1074 light=0.1074 mat=0.0000
  batch 250/329 | loss=0.0863 light=0.0863 mat=0.0000
  batch 260/329 | loss=0.1185 light=0.1185 mat=0.0000
  batch 270/329 | loss=0.0887 light=0.0887 mat=0.0000
  batch 280/329 | loss=0.1102 light=0.1102 mat=0.0000
  batch 290/329 | loss=0.1111 light=0.1111 mat=0.0000
  batch 300/329 | loss=0.1084 light=0.1084 mat=0.0000
  batch 310/329 | loss=0.1138 light=0.1138 mat=0.0000
  batch 320/329 | loss=0.1072 light=0.1072 mat=0.0000
  train | loss=0.1045 light=0.1045 mat=0.0000
  val   | loss=0.1372 light=0.1372 mat=0.0000

Epoch 23/50
  batch 10/329 | loss=0.0734 light=0.0734 mat=0.0000
  batch 20/329 | loss=0.1088 light=0.1088 mat=0.0000
  batch 30/329 | loss=0.1093 light=0.1093 mat=0.0000
  batch 40/329 | loss=0.1014 light=0.1014 mat=0.0000
  batch 50/329 | loss=0.1319 light=0.1319 mat=0.0000
  batch 60/329 | loss=0.0788 light=0.0788 mat=0.0000
  batch 70/329 | loss=0.1086 light=0.1086 mat=0.0000
  batch 80/329 | loss=0.1232 light=0.1232 mat=0.0000
  batch 90/329 | loss=0.1234 light=0.1234 mat=0.0000
  batch 100/329 | loss=0.0946 light=0.0946 mat=0.0000
  batch 110/329 | loss=0.0866 light=0.0866 mat=0.0000
  batch 120/329 | loss=0.0854 light=0.0854 mat=0.0000
  batch 130/329 | loss=0.0982 light=0.0982 mat=0.0000
  batch 140/329 | loss=0.0946 light=0.0946 mat=0.0000
  batch 150/329 | loss=0.1542 light=0.1542 mat=0.0000
  batch 160/329 | loss=0.1028 light=0.1028 mat=0.0000
  batch 170/329 | loss=0.0917 light=0.0917 mat=0.0000
  batch 180/329 | loss=0.0990 light=0.0990 mat=0.0000
  batch 190/329 | loss=0.1057 light=0.1057 mat=0.0000
  batch 200/329 | loss=0.0829 light=0.0829 mat=0.0000
  batch 210/329 | loss=0.0891 light=0.0891 mat=0.0000
  batch 220/329 | loss=0.1101 light=0.1101 mat=0.0000
  batch 230/329 | loss=0.1001 light=0.1001 mat=0.0000
  batch 240/329 | loss=0.0985 light=0.0985 mat=0.0000
  batch 250/329 | loss=0.1124 light=0.1124 mat=0.0000
  batch 260/329 | loss=0.1162 light=0.1162 mat=0.0000
  batch 270/329 | loss=0.1069 light=0.1069 mat=0.0000
  batch 280/329 | loss=0.1150 light=0.1150 mat=0.0000
  batch 290/329 | loss=0.1006 light=0.1006 mat=0.0000
  batch 300/329 | loss=0.0857 light=0.0857 mat=0.0000
  batch 310/329 | loss=0.0781 light=0.0781 mat=0.0000
  batch 320/329 | loss=0.0888 light=0.0888 mat=0.0000
  train | loss=0.1023 light=0.1023 mat=0.0000
  val   | loss=0.1343 light=0.1343 mat=0.0000
  -> new best model (val_loss=0.1343)

Epoch 24/50
  batch 10/329 | loss=0.0961 light=0.0961 mat=0.0000
  batch 20/329 | loss=0.0753 light=0.0753 mat=0.0000
  batch 30/329 | loss=0.1200 light=0.1200 mat=0.0000
  batch 40/329 | loss=0.0806 light=0.0806 mat=0.0000
  batch 50/329 | loss=0.0834 light=0.0834 mat=0.0000
  batch 60/329 | loss=0.1433 light=0.1433 mat=0.0000
  batch 70/329 | loss=0.1112 light=0.1112 mat=0.0000
  batch 80/329 | loss=0.1031 light=0.1031 mat=0.0000
  batch 90/329 | loss=0.0866 light=0.0866 mat=0.0000
  batch 100/329 | loss=0.1161 light=0.1161 mat=0.0000
  batch 110/329 | loss=0.1297 light=0.1297 mat=0.0000
  batch 120/329 | loss=0.1138 light=0.1138 mat=0.0000
  batch 130/329 | loss=0.1060 light=0.1060 mat=0.0000
  batch 140/329 | loss=0.0955 light=0.0955 mat=0.0000
  batch 150/329 | loss=0.1028 light=0.1028 mat=0.0000
  batch 160/329 | loss=0.0708 light=0.0708 mat=0.0000
  batch 170/329 | loss=0.0989 light=0.0989 mat=0.0000
  batch 180/329 | loss=0.0895 light=0.0895 mat=0.0000
  batch 190/329 | loss=0.0777 light=0.0777 mat=0.0000
  batch 200/329 | loss=0.0937 light=0.0937 mat=0.0000
  batch 210/329 | loss=0.0778 light=0.0778 mat=0.0000
  batch 220/329 | loss=0.0893 light=0.0893 mat=0.0000
  batch 230/329 | loss=0.0826 light=0.0826 mat=0.0000
  batch 240/329 | loss=0.1220 light=0.1220 mat=0.0000
  batch 250/329 | loss=0.1112 light=0.1112 mat=0.0000
  batch 260/329 | loss=0.0909 light=0.0909 mat=0.0000
  batch 270/329 | loss=0.0937 light=0.0937 mat=0.0000
  batch 280/329 | loss=0.1230 light=0.1230 mat=0.0000
  batch 290/329 | loss=0.1048 light=0.1048 mat=0.0000
  batch 300/329 | loss=0.0991 light=0.0991 mat=0.0000
  batch 310/329 | loss=0.1004 light=0.1004 mat=0.0000
  batch 320/329 | loss=0.0786 light=0.0786 mat=0.0000
  train | loss=0.1007 light=0.1007 mat=0.0000
  val   | loss=0.1349 light=0.1349 mat=0.0000

Epoch 25/50
  batch 10/329 | loss=0.1157 light=0.1157 mat=0.0000
  batch 20/329 | loss=0.1058 light=0.1058 mat=0.0000
  batch 30/329 | loss=0.1072 light=0.1072 mat=0.0000
  batch 40/329 | loss=0.1018 light=0.1018 mat=0.0000
  batch 50/329 | loss=0.1421 light=0.1421 mat=0.0000
  batch 60/329 | loss=0.1197 light=0.1197 mat=0.0000
  batch 70/329 | loss=0.1055 light=0.1055 mat=0.0000
  batch 80/329 | loss=0.1249 light=0.1249 mat=0.0000
  batch 90/329 | loss=0.1098 light=0.1098 mat=0.0000
  batch 100/329 | loss=0.0862 light=0.0862 mat=0.0000
  batch 110/329 | loss=0.1373 light=0.1373 mat=0.0000
  batch 120/329 | loss=0.1074 light=0.1074 mat=0.0000
  batch 130/329 | loss=0.1141 light=0.1141 mat=0.0000
  batch 140/329 | loss=0.1393 light=0.1393 mat=0.0000
  batch 150/329 | loss=0.1348 light=0.1348 mat=0.0000
  batch 160/329 | loss=0.1041 light=0.1041 mat=0.0000
  batch 170/329 | loss=0.1097 light=0.1097 mat=0.0000
  batch 180/329 | loss=0.0950 light=0.0950 mat=0.0000
  batch 190/329 | loss=0.0946 light=0.0946 mat=0.0000
  batch 200/329 | loss=0.0901 light=0.0901 mat=0.0000
  batch 210/329 | loss=0.1078 light=0.1078 mat=0.0000
  batch 220/329 | loss=0.0970 light=0.0970 mat=0.0000
  batch 230/329 | loss=0.1419 light=0.1419 mat=0.0000
  batch 240/329 | loss=0.1094 light=0.1094 mat=0.0000
  batch 250/329 | loss=0.0907 light=0.0907 mat=0.0000
  batch 260/329 | loss=0.1351 light=0.1351 mat=0.0000
  batch 270/329 | loss=0.0961 light=0.0961 mat=0.0000
  batch 280/329 | loss=0.1184 light=0.1184 mat=0.0000
  batch 290/329 | loss=0.0867 light=0.0867 mat=0.0000
  batch 300/329 | loss=0.0721 light=0.0721 mat=0.0000
  batch 310/329 | loss=0.0614 light=0.0614 mat=0.0000
  batch 320/329 | loss=0.0864 light=0.0864 mat=0.0000
  train | loss=0.1012 light=0.1012 mat=0.0000
  val   | loss=0.1323 light=0.1323 mat=0.0000
  -> new best model (val_loss=0.1323)

Epoch 26/50
  batch 10/329 | loss=0.0836 light=0.0836 mat=0.0000
  batch 20/329 | loss=0.0920 light=0.0920 mat=0.0000
  batch 30/329 | loss=0.0818 light=0.0818 mat=0.0000
  batch 40/329 | loss=0.0816 light=0.0816 mat=0.0000
  batch 50/329 | loss=0.1016 light=0.1016 mat=0.0000
  batch 60/329 | loss=0.1053 light=0.1053 mat=0.0000
  batch 70/329 | loss=0.0855 light=0.0855 mat=0.0000
  batch 80/329 | loss=0.1331 light=0.1331 mat=0.0000
  batch 90/329 | loss=0.1019 light=0.1019 mat=0.0000
  batch 100/329 | loss=0.0905 light=0.0905 mat=0.0000
  batch 110/329 | loss=0.0973 light=0.0973 mat=0.0000
  batch 120/329 | loss=0.0951 light=0.0951 mat=0.0000
  batch 130/329 | loss=0.0872 light=0.0872 mat=0.0000
  batch 140/329 | loss=0.0950 light=0.0950 mat=0.0000
  batch 150/329 | loss=0.0836 light=0.0836 mat=0.0000
  batch 160/329 | loss=0.0726 light=0.0726 mat=0.0000
  batch 170/329 | loss=0.1209 light=0.1209 mat=0.0000
  batch 180/329 | loss=0.0809 light=0.0809 mat=0.0000
  batch 190/329 | loss=0.1376 light=0.1376 mat=0.0000
  batch 200/329 | loss=0.0884 light=0.0884 mat=0.0000
  batch 210/329 | loss=0.0844 light=0.0844 mat=0.0000
  batch 220/329 | loss=0.0962 light=0.0962 mat=0.0000
  batch 230/329 | loss=0.1090 light=0.1090 mat=0.0000
  batch 240/329 | loss=0.0945 light=0.0945 mat=0.0000
  batch 250/329 | loss=0.0767 light=0.0767 mat=0.0000
  batch 260/329 | loss=0.1626 light=0.1626 mat=0.0000
  batch 270/329 | loss=0.0752 light=0.0752 mat=0.0000
  batch 280/329 | loss=0.0931 light=0.0931 mat=0.0000
  batch 290/329 | loss=0.0867 light=0.0867 mat=0.0000
  batch 300/329 | loss=0.0830 light=0.0830 mat=0.0000
  batch 310/329 | loss=0.0948 light=0.0948 mat=0.0000
  batch 320/329 | loss=0.1011 light=0.1011 mat=0.0000
  train | loss=0.0975 light=0.0975 mat=0.0000
  val   | loss=0.1314 light=0.1314 mat=0.0000
  -> new best model (val_loss=0.1314)

Epoch 27/50
  batch 10/329 | loss=0.0848 light=0.0848 mat=0.0000
  batch 20/329 | loss=0.0770 light=0.0770 mat=0.0000
  batch 30/329 | loss=0.1090 light=0.1090 mat=0.0000
  batch 40/329 | loss=0.0817 light=0.0817 mat=0.0000
  batch 50/329 | loss=0.0989 light=0.0989 mat=0.0000
  batch 60/329 | loss=0.0964 light=0.0964 mat=0.0000
  batch 70/329 | loss=0.0824 light=0.0824 mat=0.0000
  batch 80/329 | loss=0.0955 light=0.0955 mat=0.0000
  batch 90/329 | loss=0.1062 light=0.1062 mat=0.0000
  batch 100/329 | loss=0.0896 light=0.0896 mat=0.0000
  batch 110/329 | loss=0.0846 light=0.0846 mat=0.0000
  batch 120/329 | loss=0.0954 light=0.0954 mat=0.0000
  batch 130/329 | loss=0.0969 light=0.0969 mat=0.0000
  batch 140/329 | loss=0.1135 light=0.1135 mat=0.0000
  batch 150/329 | loss=0.0656 light=0.0656 mat=0.0000
  batch 160/329 | loss=0.0964 light=0.0964 mat=0.0000
  batch 170/329 | loss=0.0733 light=0.0733 mat=0.0000
  batch 180/329 | loss=0.0908 light=0.0908 mat=0.0000
  batch 190/329 | loss=0.1125 light=0.1125 mat=0.0000
  batch 200/329 | loss=0.1201 light=0.1201 mat=0.0000
  batch 210/329 | loss=0.1169 light=0.1169 mat=0.0000
  batch 220/329 | loss=0.1018 light=0.1018 mat=0.0000
  batch 230/329 | loss=0.1076 light=0.1076 mat=0.0000
  batch 240/329 | loss=0.1100 light=0.1100 mat=0.0000
  batch 250/329 | loss=0.1262 light=0.1262 mat=0.0000
  batch 260/329 | loss=0.1061 light=0.1061 mat=0.0000
  batch 270/329 | loss=0.1247 light=0.1247 mat=0.0000
  batch 280/329 | loss=0.1086 light=0.1086 mat=0.0000
  batch 290/329 | loss=0.0942 light=0.0942 mat=0.0000
  batch 300/329 | loss=0.1196 light=0.1196 mat=0.0000
  batch 310/329 | loss=0.0837 light=0.0837 mat=0.0000
  batch 320/329 | loss=0.0953 light=0.0953 mat=0.0000
  train | loss=0.0955 light=0.0955 mat=0.0000
  val   | loss=0.1316 light=0.1316 mat=0.0000

Epoch 28/50
  batch 10/329 | loss=0.0782 light=0.0782 mat=0.0000
  batch 20/329 | loss=0.1112 light=0.1112 mat=0.0000
  batch 30/329 | loss=0.0638 light=0.0638 mat=0.0000
  batch 40/329 | loss=0.0735 light=0.0735 mat=0.0000
  batch 50/329 | loss=0.0813 light=0.0813 mat=0.0000
  batch 60/329 | loss=0.1106 light=0.1106 mat=0.0000
  batch 70/329 | loss=0.1077 light=0.1077 mat=0.0000
  batch 80/329 | loss=0.0910 light=0.0910 mat=0.0000
  batch 90/329 | loss=0.0950 light=0.0950 mat=0.0000
  batch 100/329 | loss=0.0851 light=0.0851 mat=0.0000
  batch 110/329 | loss=0.0905 light=0.0905 mat=0.0000
  batch 120/329 | loss=0.1005 light=0.1005 mat=0.0000
  batch 130/329 | loss=0.1235 light=0.1235 mat=0.0000
  batch 140/329 | loss=0.1006 light=0.1006 mat=0.0000
  batch 150/329 | loss=0.0896 light=0.0896 mat=0.0000
  batch 160/329 | loss=0.1123 light=0.1123 mat=0.0000
  batch 170/329 | loss=0.0964 light=0.0964 mat=0.0000
  batch 180/329 | loss=0.1006 light=0.1006 mat=0.0000
  batch 190/329 | loss=0.0716 light=0.0716 mat=0.0000
  batch 200/329 | loss=0.1022 light=0.1022 mat=0.0000
  batch 210/329 | loss=0.0902 light=0.0902 mat=0.0000
  batch 220/329 | loss=0.1060 light=0.1060 mat=0.0000
  batch 230/329 | loss=0.0746 light=0.0746 mat=0.0000
  batch 240/329 | loss=0.0754 light=0.0754 mat=0.0000
  batch 250/329 | loss=0.0893 light=0.0893 mat=0.0000
  batch 260/329 | loss=0.1152 light=0.1152 mat=0.0000
  batch 270/329 | loss=0.1003 light=0.1003 mat=0.0000
  batch 280/329 | loss=0.1141 light=0.1141 mat=0.0000
  batch 290/329 | loss=0.0927 light=0.0927 mat=0.0000
  batch 300/329 | loss=0.1626 light=0.1626 mat=0.0000
  batch 310/329 | loss=0.1106 light=0.1106 mat=0.0000
  batch 320/329 | loss=0.0769 light=0.0769 mat=0.0000
  train | loss=0.0950 light=0.0950 mat=0.0000
  val   | loss=0.1319 light=0.1319 mat=0.0000

Epoch 29/50
  batch 10/329 | loss=0.1108 light=0.1108 mat=0.0000
  batch 20/329 | loss=0.1059 light=0.1059 mat=0.0000
  batch 30/329 | loss=0.1390 light=0.1390 mat=0.0000
  batch 40/329 | loss=0.1162 light=0.1162 mat=0.0000
  batch 50/329 | loss=0.0811 light=0.0811 mat=0.0000
  batch 60/329 | loss=0.1308 light=0.1308 mat=0.0000
  batch 70/329 | loss=0.0749 light=0.0749 mat=0.0000
  batch 80/329 | loss=0.0740 light=0.0740 mat=0.0000
  batch 90/329 | loss=0.1165 light=0.1165 mat=0.0000
  batch 100/329 | loss=0.1012 light=0.1012 mat=0.0000
  batch 110/329 | loss=0.0735 light=0.0735 mat=0.0000
  batch 120/329 | loss=0.0805 light=0.0805 mat=0.0000
  batch 130/329 | loss=0.0944 light=0.0944 mat=0.0000
  batch 140/329 | loss=0.0912 light=0.0912 mat=0.0000
  batch 150/329 | loss=0.0887 light=0.0887 mat=0.0000
  batch 160/329 | loss=0.0893 light=0.0893 mat=0.0000
  batch 170/329 | loss=0.0797 light=0.0797 mat=0.0000
  batch 180/329 | loss=0.0822 light=0.0822 mat=0.0000
  batch 190/329 | loss=0.1000 light=0.1000 mat=0.0000
  batch 200/329 | loss=0.0761 light=0.0761 mat=0.0000
  batch 210/329 | loss=0.1159 light=0.1159 mat=0.0000
  batch 220/329 | loss=0.0753 light=0.0753 mat=0.0000
  batch 230/329 | loss=0.0978 light=0.0978 mat=0.0000
  batch 240/329 | loss=0.0821 light=0.0821 mat=0.0000
  batch 250/329 | loss=0.0854 light=0.0854 mat=0.0000
  batch 260/329 | loss=0.0857 light=0.0857 mat=0.0000
  batch 270/329 | loss=0.0846 light=0.0846 mat=0.0000
  batch 280/329 | loss=0.1462 light=0.1462 mat=0.0000
  batch 290/329 | loss=0.1046 light=0.1046 mat=0.0000
  batch 300/329 | loss=0.0798 light=0.0798 mat=0.0000
  batch 310/329 | loss=0.0840 light=0.0840 mat=0.0000
  batch 320/329 | loss=0.0848 light=0.0848 mat=0.0000
  train | loss=0.0946 light=0.0946 mat=0.0000
  val   | loss=0.1304 light=0.1304 mat=0.0000
  -> new best model (val_loss=0.1304)

Epoch 30/50
  batch 10/329 | loss=0.0866 light=0.0866 mat=0.0000
  batch 20/329 | loss=0.1095 light=0.1095 mat=0.0000
  batch 30/329 | loss=0.0910 light=0.0910 mat=0.0000
  batch 40/329 | loss=0.0900 light=0.0900 mat=0.0000
  batch 50/329 | loss=0.1124 light=0.1124 mat=0.0000
  batch 60/329 | loss=0.1121 light=0.1121 mat=0.0000
  batch 70/329 | loss=0.1034 light=0.1034 mat=0.0000
  batch 80/329 | loss=0.0796 light=0.0796 mat=0.0000
  batch 90/329 | loss=0.0548 light=0.0548 mat=0.0000
  batch 100/329 | loss=0.0816 light=0.0816 mat=0.0000
  batch 110/329 | loss=0.0806 light=0.0806 mat=0.0000
  batch 120/329 | loss=0.0857 light=0.0857 mat=0.0000
  batch 130/329 | loss=0.1276 light=0.1276 mat=0.0000
  batch 140/329 | loss=0.1026 light=0.1026 mat=0.0000
  batch 150/329 | loss=0.1128 light=0.1128 mat=0.0000
  batch 160/329 | loss=0.0715 light=0.0715 mat=0.0000
  batch 170/329 | loss=0.1754 light=0.1754 mat=0.0000
  batch 180/329 | loss=0.1057 light=0.1057 mat=0.0000
  batch 190/329 | loss=0.1009 light=0.1009 mat=0.0000
  batch 200/329 | loss=0.0784 light=0.0784 mat=0.0000
  batch 210/329 | loss=0.0697 light=0.0697 mat=0.0000
  batch 220/329 | loss=0.0675 light=0.0675 mat=0.0000
  batch 230/329 | loss=0.0810 light=0.0810 mat=0.0000
  batch 240/329 | loss=0.0881 light=0.0881 mat=0.0000
  batch 250/329 | loss=0.0838 light=0.0838 mat=0.0000
  batch 260/329 | loss=0.0703 light=0.0703 mat=0.0000
  batch 270/329 | loss=0.1089 light=0.1089 mat=0.0000
  batch 280/329 | loss=0.0849 light=0.0849 mat=0.0000
  batch 290/329 | loss=0.0946 light=0.0946 mat=0.0000
  batch 300/329 | loss=0.1038 light=0.1038 mat=0.0000
  batch 310/329 | loss=0.0857 light=0.0857 mat=0.0000
  batch 320/329 | loss=0.0970 light=0.0970 mat=0.0000
  train | loss=0.0919 light=0.0919 mat=0.0000
  val   | loss=0.1298 light=0.1298 mat=0.0000
  -> new best model (val_loss=0.1298)

Epoch 31/50
  batch 10/329 | loss=0.0702 light=0.0702 mat=0.0000
  batch 20/329 | loss=0.0935 light=0.0935 mat=0.0000
  batch 30/329 | loss=0.0702 light=0.0702 mat=0.0000
  batch 40/329 | loss=0.0847 light=0.0847 mat=0.0000
  batch 50/329 | loss=0.0879 light=0.0879 mat=0.0000
  batch 60/329 | loss=0.0816 light=0.0816 mat=0.0000
  batch 70/329 | loss=0.0785 light=0.0785 mat=0.0000
  batch 80/329 | loss=0.0990 light=0.0990 mat=0.0000
  batch 90/329 | loss=0.0762 light=0.0762 mat=0.0000
  batch 100/329 | loss=0.0739 light=0.0739 mat=0.0000
  batch 110/329 | loss=0.1072 light=0.1072 mat=0.0000
  batch 120/329 | loss=0.1176 light=0.1176 mat=0.0000
  batch 130/329 | loss=0.0817 light=0.0817 mat=0.0000
  batch 140/329 | loss=0.0906 light=0.0906 mat=0.0000
  batch 150/329 | loss=0.0767 light=0.0767 mat=0.0000
  batch 160/329 | loss=0.0961 light=0.0961 mat=0.0000
  batch 170/329 | loss=0.0956 light=0.0956 mat=0.0000
  batch 180/329 | loss=0.1009 light=0.1009 mat=0.0000
  batch 190/329 | loss=0.0841 light=0.0841 mat=0.0000
  batch 200/329 | loss=0.0700 light=0.0700 mat=0.0000
  batch 210/329 | loss=0.0693 light=0.0693 mat=0.0000
  batch 220/329 | loss=0.1102 light=0.1102 mat=0.0000
  batch 230/329 | loss=0.0848 light=0.0848 mat=0.0000
  batch 240/329 | loss=0.0884 light=0.0884 mat=0.0000
  batch 250/329 | loss=0.0863 light=0.0863 mat=0.0000
  batch 260/329 | loss=0.0647 light=0.0647 mat=0.0000
  batch 270/329 | loss=0.0761 light=0.0761 mat=0.0000
  batch 280/329 | loss=0.1067 light=0.1067 mat=0.0000
  batch 290/329 | loss=0.0941 light=0.0941 mat=0.0000
  batch 300/329 | loss=0.0906 light=0.0906 mat=0.0000
  batch 310/329 | loss=0.0927 light=0.0927 mat=0.0000
  batch 320/329 | loss=0.0768 light=0.0768 mat=0.0000
  train | loss=0.0916 light=0.0916 mat=0.0000
  val   | loss=0.1318 light=0.1318 mat=0.0000

Epoch 32/50
  batch 10/329 | loss=0.0890 light=0.0890 mat=0.0000
  batch 20/329 | loss=0.1146 light=0.1146 mat=0.0000
  batch 30/329 | loss=0.0954 light=0.0954 mat=0.0000
  batch 40/329 | loss=0.0981 light=0.0981 mat=0.0000
  batch 50/329 | loss=0.1054 light=0.1054 mat=0.0000
  batch 60/329 | loss=0.1086 light=0.1086 mat=0.0000
  batch 70/329 | loss=0.0844 light=0.0844 mat=0.0000
  batch 80/329 | loss=0.1329 light=0.1329 mat=0.0000
  batch 90/329 | loss=0.0685 light=0.0685 mat=0.0000
  batch 100/329 | loss=0.0671 light=0.0671 mat=0.0000
  batch 110/329 | loss=0.0847 light=0.0847 mat=0.0000
  batch 120/329 | loss=0.0901 light=0.0901 mat=0.0000
  batch 130/329 | loss=0.0636 light=0.0636 mat=0.0000
  batch 140/329 | loss=0.0905 light=0.0905 mat=0.0000
  batch 150/329 | loss=0.0685 light=0.0685 mat=0.0000
  batch 160/329 | loss=0.0732 light=0.0732 mat=0.0000
  batch 170/329 | loss=0.1088 light=0.1088 mat=0.0000
  batch 180/329 | loss=0.0969 light=0.0969 mat=0.0000
  batch 190/329 | loss=0.0742 light=0.0742 mat=0.0000
  batch 200/329 | loss=0.1443 light=0.1443 mat=0.0000
  batch 210/329 | loss=0.1044 light=0.1044 mat=0.0000
  batch 220/329 | loss=0.1016 light=0.1016 mat=0.0000
  batch 230/329 | loss=0.0897 light=0.0897 mat=0.0000
  batch 240/329 | loss=0.1175 light=0.1175 mat=0.0000
  batch 250/329 | loss=0.0855 light=0.0855 mat=0.0000
  batch 260/329 | loss=0.0913 light=0.0913 mat=0.0000
  batch 270/329 | loss=0.0616 light=0.0616 mat=0.0000
  batch 280/329 | loss=0.1060 light=0.1060 mat=0.0000
  batch 290/329 | loss=0.0821 light=0.0821 mat=0.0000
  batch 300/329 | loss=0.0997 light=0.0997 mat=0.0000
  batch 310/329 | loss=0.0788 light=0.0788 mat=0.0000
  batch 320/329 | loss=0.0783 light=0.0783 mat=0.0000
  train | loss=0.0901 light=0.0901 mat=0.0000
  val   | loss=0.1286 light=0.1286 mat=0.0000
  -> new best model (val_loss=0.1286)

Epoch 33/50
  batch 10/329 | loss=0.1086 light=0.1086 mat=0.0000
  batch 20/329 | loss=0.0895 light=0.0895 mat=0.0000
  batch 30/329 | loss=0.0789 light=0.0789 mat=0.0000
  batch 40/329 | loss=0.1023 light=0.1023 mat=0.0000
  batch 50/329 | loss=0.0777 light=0.0777 mat=0.0000
  batch 60/329 | loss=0.0823 light=0.0823 mat=0.0000
  batch 70/329 | loss=0.0874 light=0.0874 mat=0.0000
  batch 80/329 | loss=0.0768 light=0.0768 mat=0.0000
  batch 90/329 | loss=0.0847 light=0.0847 mat=0.0000
  batch 100/329 | loss=0.0769 light=0.0769 mat=0.0000
  batch 110/329 | loss=0.0909 light=0.0909 mat=0.0000
  batch 120/329 | loss=0.0838 light=0.0838 mat=0.0000
  batch 130/329 | loss=0.1001 light=0.1001 mat=0.0000
  batch 140/329 | loss=0.0867 light=0.0867 mat=0.0000
  batch 150/329 | loss=0.0816 light=0.0816 mat=0.0000
  batch 160/329 | loss=0.0714 light=0.0714 mat=0.0000
  batch 170/329 | loss=0.0654 light=0.0654 mat=0.0000
  batch 180/329 | loss=0.0900 light=0.0900 mat=0.0000
  batch 190/329 | loss=0.0681 light=0.0681 mat=0.0000
  batch 200/329 | loss=0.1023 light=0.1023 mat=0.0000
  batch 210/329 | loss=0.0927 light=0.0927 mat=0.0000
  batch 220/329 | loss=0.1340 light=0.1340 mat=0.0000
  batch 230/329 | loss=0.0714 light=0.0714 mat=0.0000
  batch 240/329 | loss=0.0950 light=0.0950 mat=0.0000
  batch 250/329 | loss=0.0787 light=0.0787 mat=0.0000
  batch 260/329 | loss=0.1102 light=0.1102 mat=0.0000
  batch 270/329 | loss=0.1336 light=0.1336 mat=0.0000
  batch 280/329 | loss=0.0693 light=0.0693 mat=0.0000
  batch 290/329 | loss=0.0991 light=0.0991 mat=0.0000
  batch 300/329 | loss=0.0885 light=0.0885 mat=0.0000
  batch 310/329 | loss=0.0817 light=0.0817 mat=0.0000
  batch 320/329 | loss=0.0633 light=0.0633 mat=0.0000
  train | loss=0.0885 light=0.0885 mat=0.0000
  val   | loss=0.1288 light=0.1288 mat=0.0000

Epoch 34/50
  batch 10/329 | loss=0.0663 light=0.0663 mat=0.0000
  batch 20/329 | loss=0.1024 light=0.1024 mat=0.0000
  batch 30/329 | loss=0.0670 light=0.0670 mat=0.0000
  batch 40/329 | loss=0.0756 light=0.0756 mat=0.0000
  batch 50/329 | loss=0.0817 light=0.0817 mat=0.0000
  batch 60/329 | loss=0.0903 light=0.0903 mat=0.0000
  batch 70/329 | loss=0.0800 light=0.0800 mat=0.0000
  batch 80/329 | loss=0.0799 light=0.0799 mat=0.0000
  batch 90/329 | loss=0.0901 light=0.0901 mat=0.0000
  batch 100/329 | loss=0.0915 light=0.0915 mat=0.0000
  batch 110/329 | loss=0.0816 light=0.0816 mat=0.0000
  batch 120/329 | loss=0.0774 light=0.0774 mat=0.0000
  batch 130/329 | loss=0.0831 light=0.0831 mat=0.0000
  batch 140/329 | loss=0.0687 light=0.0687 mat=0.0000
  batch 150/329 | loss=0.0842 light=0.0842 mat=0.0000
  batch 160/329 | loss=0.0686 light=0.0686 mat=0.0000
  batch 170/329 | loss=0.1003 light=0.1003 mat=0.0000
  batch 180/329 | loss=0.0834 light=0.0834 mat=0.0000
  batch 190/329 | loss=0.0701 light=0.0701 mat=0.0000
  batch 200/329 | loss=0.0610 light=0.0610 mat=0.0000
  batch 210/329 | loss=0.0849 light=0.0849 mat=0.0000
  batch 220/329 | loss=0.0959 light=0.0959 mat=0.0000
  batch 230/329 | loss=0.0766 light=0.0766 mat=0.0000
  batch 240/329 | loss=0.0998 light=0.0998 mat=0.0000
  batch 250/329 | loss=0.1057 light=0.1057 mat=0.0000
  batch 260/329 | loss=0.0887 light=0.0887 mat=0.0000
  batch 270/329 | loss=0.1040 light=0.1040 mat=0.0000
  batch 280/329 | loss=0.0858 light=0.0858 mat=0.0000
  batch 290/329 | loss=0.0763 light=0.0763 mat=0.0000
  batch 300/329 | loss=0.0900 light=0.0900 mat=0.0000
  batch 310/329 | loss=0.0820 light=0.0820 mat=0.0000
  batch 320/329 | loss=0.0743 light=0.0743 mat=0.0000
  train | loss=0.0872 light=0.0872 mat=0.0000
  val   | loss=0.1281 light=0.1281 mat=0.0000
  -> new best model (val_loss=0.1281)

Epoch 35/50
  batch 10/329 | loss=0.1177 light=0.1177 mat=0.0000
  batch 20/329 | loss=0.1116 light=0.1116 mat=0.0000
  batch 30/329 | loss=0.1087 light=0.1087 mat=0.0000
  batch 40/329 | loss=0.1040 light=0.1040 mat=0.0000
  batch 50/329 | loss=0.0830 light=0.0830 mat=0.0000
  batch 60/329 | loss=0.0675 light=0.0675 mat=0.0000
  batch 70/329 | loss=0.0982 light=0.0982 mat=0.0000
  batch 80/329 | loss=0.0685 light=0.0685 mat=0.0000
  batch 90/329 | loss=0.0607 light=0.0607 mat=0.0000
  batch 100/329 | loss=0.1035 light=0.1035 mat=0.0000
  batch 110/329 | loss=0.0820 light=0.0820 mat=0.0000
  batch 120/329 | loss=0.0628 light=0.0628 mat=0.0000
  batch 130/329 | loss=0.0950 light=0.0950 mat=0.0000
  batch 140/329 | loss=0.0809 light=0.0809 mat=0.0000
  batch 150/329 | loss=0.1079 light=0.1079 mat=0.0000
  batch 160/329 | loss=0.0998 light=0.0998 mat=0.0000
  batch 170/329 | loss=0.1144 light=0.1144 mat=0.0000
  batch 180/329 | loss=0.0785 light=0.0785 mat=0.0000
  batch 190/329 | loss=0.0871 light=0.0871 mat=0.0000
  batch 200/329 | loss=0.0766 light=0.0766 mat=0.0000
  batch 210/329 | loss=0.0695 light=0.0695 mat=0.0000
  batch 220/329 | loss=0.0734 light=0.0734 mat=0.0000
  batch 230/329 | loss=0.0907 light=0.0907 mat=0.0000
  batch 240/329 | loss=0.0688 light=0.0688 mat=0.0000
  batch 250/329 | loss=0.0926 light=0.0926 mat=0.0000
  batch 260/329 | loss=0.0683 light=0.0683 mat=0.0000
  batch 270/329 | loss=0.1067 light=0.1067 mat=0.0000
  batch 280/329 | loss=0.0633 light=0.0633 mat=0.0000
  batch 290/329 | loss=0.0731 light=0.0731 mat=0.0000
  batch 300/329 | loss=0.0614 light=0.0614 mat=0.0000
  batch 310/329 | loss=0.0961 light=0.0961 mat=0.0000
  batch 320/329 | loss=0.1213 light=0.1213 mat=0.0000
  train | loss=0.0866 light=0.0866 mat=0.0000
  val   | loss=0.1280 light=0.1280 mat=0.0000
  -> new best model (val_loss=0.1280)

Epoch 36/50
  batch 10/329 | loss=0.0943 light=0.0943 mat=0.0000
  batch 20/329 | loss=0.1025 light=0.1025 mat=0.0000
  batch 30/329 | loss=0.0929 light=0.0929 mat=0.0000
  batch 40/329 | loss=0.0979 light=0.0979 mat=0.0000
  batch 50/329 | loss=0.0741 light=0.0741 mat=0.0000
  batch 60/329 | loss=0.0698 light=0.0698 mat=0.0000
  batch 70/329 | loss=0.0772 light=0.0772 mat=0.0000
  batch 80/329 | loss=0.0818 light=0.0818 mat=0.0000
  batch 90/329 | loss=0.0750 light=0.0750 mat=0.0000
  batch 100/329 | loss=0.0636 light=0.0636 mat=0.0000
  batch 110/329 | loss=0.0819 light=0.0819 mat=0.0000
  batch 120/329 | loss=0.0741 light=0.0741 mat=0.0000
  batch 130/329 | loss=0.0939 light=0.0939 mat=0.0000
  batch 140/329 | loss=0.1133 light=0.1133 mat=0.0000
  batch 150/329 | loss=0.0862 light=0.0862 mat=0.0000
  batch 160/329 | loss=0.0543 light=0.0543 mat=0.0000
  batch 170/329 | loss=0.0750 light=0.0750 mat=0.0000
  batch 180/329 | loss=0.0658 light=0.0658 mat=0.0000
  batch 190/329 | loss=0.0741 light=0.0741 mat=0.0000
  batch 200/329 | loss=0.1654 light=0.1654 mat=0.0000
  batch 210/329 | loss=0.0978 light=0.0978 mat=0.0000
  batch 220/329 | loss=0.0830 light=0.0830 mat=0.0000
  batch 230/329 | loss=0.0961 light=0.0961 mat=0.0000
  batch 240/329 | loss=0.0604 light=0.0604 mat=0.0000
  batch 250/329 | loss=0.0775 light=0.0775 mat=0.0000
  batch 260/329 | loss=0.0797 light=0.0797 mat=0.0000
  batch 270/329 | loss=0.0509 light=0.0509 mat=0.0000
  batch 280/329 | loss=0.0715 light=0.0715 mat=0.0000
  batch 290/329 | loss=0.0650 light=0.0650 mat=0.0000
  batch 300/329 | loss=0.0852 light=0.0852 mat=0.0000
  batch 310/329 | loss=0.0864 light=0.0864 mat=0.0000
  batch 320/329 | loss=0.0685 light=0.0685 mat=0.0000
  train | loss=0.0857 light=0.0857 mat=0.0000
  val   | loss=0.1277 light=0.1277 mat=0.0000
  -> new best model (val_loss=0.1277)

Epoch 37/50
  batch 10/329 | loss=0.1054 light=0.1054 mat=0.0000
  batch 20/329 | loss=0.0855 light=0.0855 mat=0.0000
  batch 30/329 | loss=0.1020 light=0.1020 mat=0.0000
  batch 40/329 | loss=0.0945 light=0.0945 mat=0.0000
  batch 50/329 | loss=0.0819 light=0.0819 mat=0.0000
  batch 60/329 | loss=0.0637 light=0.0637 mat=0.0000
  batch 70/329 | loss=0.0658 light=0.0658 mat=0.0000
  batch 80/329 | loss=0.0832 light=0.0832 mat=0.0000
  batch 90/329 | loss=0.1330 light=0.1330 mat=0.0000
  batch 100/329 | loss=0.1024 light=0.1024 mat=0.0000
  batch 110/329 | loss=0.0915 light=0.0915 mat=0.0000
  batch 120/329 | loss=0.1003 light=0.1003 mat=0.0000
  batch 130/329 | loss=0.0789 light=0.0789 mat=0.0000
  batch 140/329 | loss=0.1031 light=0.1031 mat=0.0000
  batch 150/329 | loss=0.0718 light=0.0718 mat=0.0000
  batch 160/329 | loss=0.0785 light=0.0785 mat=0.0000
  batch 170/329 | loss=0.1343 light=0.1343 mat=0.0000
  batch 180/329 | loss=0.0755 light=0.0755 mat=0.0000
  batch 190/329 | loss=0.0558 light=0.0558 mat=0.0000
  batch 200/329 | loss=0.0819 light=0.0819 mat=0.0000
  batch 210/329 | loss=0.0908 light=0.0908 mat=0.0000
  batch 220/329 | loss=0.0870 light=0.0870 mat=0.0000
  batch 230/329 | loss=0.0769 light=0.0769 mat=0.0000
  batch 240/329 | loss=0.0845 light=0.0845 mat=0.0000
  batch 250/329 | loss=0.0830 light=0.0830 mat=0.0000
  batch 260/329 | loss=0.0943 light=0.0943 mat=0.0000
  batch 270/329 | loss=0.0776 light=0.0776 mat=0.0000
  batch 280/329 | loss=0.0720 light=0.0720 mat=0.0000
  batch 290/329 | loss=0.1333 light=0.1333 mat=0.0000
  batch 300/329 | loss=0.0841 light=0.0841 mat=0.0000
  batch 310/329 | loss=0.0941 light=0.0941 mat=0.0000
  batch 320/329 | loss=0.0901 light=0.0901 mat=0.0000
  train | loss=0.0846 light=0.0846 mat=0.0000
  val   | loss=0.1275 light=0.1275 mat=0.0000
  -> new best model (val_loss=0.1275)

Epoch 38/50
  batch 10/329 | loss=0.0774 light=0.0774 mat=0.0000
  batch 20/329 | loss=0.0769 light=0.0769 mat=0.0000
  batch 30/329 | loss=0.0531 light=0.0531 mat=0.0000
  batch 40/329 | loss=0.0949 light=0.0949 mat=0.0000
  batch 50/329 | loss=0.1173 light=0.1173 mat=0.0000
  batch 60/329 | loss=0.1111 light=0.1111 mat=0.0000
  batch 70/329 | loss=0.0619 light=0.0619 mat=0.0000
  batch 80/329 | loss=0.0761 light=0.0761 mat=0.0000
  batch 90/329 | loss=0.0741 light=0.0741 mat=0.0000
  batch 100/329 | loss=0.0597 light=0.0597 mat=0.0000
  batch 110/329 | loss=0.0872 light=0.0872 mat=0.0000
  batch 120/329 | loss=0.1023 light=0.1023 mat=0.0000
  batch 130/329 | loss=0.0962 light=0.0962 mat=0.0000
  batch 140/329 | loss=0.0849 light=0.0849 mat=0.0000
  batch 150/329 | loss=0.1198 light=0.1198 mat=0.0000
  batch 160/329 | loss=0.1250 light=0.1250 mat=0.0000
  batch 170/329 | loss=0.0823 light=0.0823 mat=0.0000
  batch 180/329 | loss=0.0756 light=0.0756 mat=0.0000
  batch 190/329 | loss=0.0593 light=0.0593 mat=0.0000
  batch 200/329 | loss=0.1027 light=0.1027 mat=0.0000
  batch 210/329 | loss=0.0595 light=0.0595 mat=0.0000
  batch 220/329 | loss=0.1050 light=0.1050 mat=0.0000
  batch 230/329 | loss=0.0807 light=0.0807 mat=0.0000
  batch 240/329 | loss=0.0649 light=0.0649 mat=0.0000
  batch 250/329 | loss=0.0731 light=0.0731 mat=0.0000
  batch 260/329 | loss=0.0748 light=0.0748 mat=0.0000
  batch 270/329 | loss=0.0586 light=0.0586 mat=0.0000
  batch 280/329 | loss=0.0808 light=0.0808 mat=0.0000
  batch 290/329 | loss=0.0820 light=0.0820 mat=0.0000
  batch 300/329 | loss=0.0815 light=0.0815 mat=0.0000
  batch 310/329 | loss=0.1166 light=0.1166 mat=0.0000
  batch 320/329 | loss=0.1144 light=0.1144 mat=0.0000
  train | loss=0.0843 light=0.0843 mat=0.0000
  val   | loss=0.1274 light=0.1274 mat=0.0000
  -> new best model (val_loss=0.1274)

Epoch 39/50
  batch 10/329 | loss=0.0737 light=0.0737 mat=0.0000
  batch 20/329 | loss=0.1013 light=0.1013 mat=0.0000
  batch 30/329 | loss=0.0716 light=0.0716 mat=0.0000
  batch 40/329 | loss=0.0852 light=0.0852 mat=0.0000
  batch 50/329 | loss=0.0891 light=0.0891 mat=0.0000
  batch 60/329 | loss=0.0782 light=0.0782 mat=0.0000
  batch 70/329 | loss=0.0606 light=0.0606 mat=0.0000
  batch 80/329 | loss=0.0887 light=0.0887 mat=0.0000
  batch 90/329 | loss=0.0822 light=0.0822 mat=0.0000
  batch 100/329 | loss=0.0883 light=0.0883 mat=0.0000
  batch 110/329 | loss=0.0705 light=0.0705 mat=0.0000
  batch 120/329 | loss=0.0833 light=0.0833 mat=0.0000
  batch 130/329 | loss=0.0685 light=0.0685 mat=0.0000
  batch 140/329 | loss=0.0665 light=0.0665 mat=0.0000
  batch 150/329 | loss=0.0647 light=0.0647 mat=0.0000
  batch 160/329 | loss=0.0721 light=0.0721 mat=0.0000
  batch 170/329 | loss=0.0804 light=0.0804 mat=0.0000
  batch 180/329 | loss=0.0892 light=0.0892 mat=0.0000
  batch 190/329 | loss=0.0665 light=0.0665 mat=0.0000
  batch 200/329 | loss=0.0985 light=0.0985 mat=0.0000
  batch 210/329 | loss=0.0855 light=0.0855 mat=0.0000
  batch 220/329 | loss=0.0581 light=0.0581 mat=0.0000
  batch 230/329 | loss=0.0742 light=0.0742 mat=0.0000
  batch 240/329 | loss=0.0693 light=0.0693 mat=0.0000
  batch 250/329 | loss=0.0696 light=0.0696 mat=0.0000
  batch 260/329 | loss=0.0772 light=0.0772 mat=0.0000
  batch 270/329 | loss=0.0749 light=0.0749 mat=0.0000
  batch 280/329 | loss=0.0841 light=0.0841 mat=0.0000
  batch 290/329 | loss=0.0874 light=0.0874 mat=0.0000
  batch 300/329 | loss=0.0744 light=0.0744 mat=0.0000
  batch 310/329 | loss=0.0724 light=0.0724 mat=0.0000
  batch 320/329 | loss=0.1000 light=0.1000 mat=0.0000
  train | loss=0.0835 light=0.0835 mat=0.0000
  val   | loss=0.1270 light=0.1270 mat=0.0000
  -> new best model (val_loss=0.1270)

Epoch 40/50
  batch 10/329 | loss=0.1094 light=0.1094 mat=0.0000
  batch 20/329 | loss=0.0650 light=0.0650 mat=0.0000
  batch 30/329 | loss=0.0999 light=0.0999 mat=0.0000
  batch 40/329 | loss=0.0606 light=0.0606 mat=0.0000
  batch 50/329 | loss=0.0806 light=0.0806 mat=0.0000
  batch 60/329 | loss=0.0965 light=0.0965 mat=0.0000
  batch 70/329 | loss=0.1231 light=0.1231 mat=0.0000
  batch 80/329 | loss=0.0774 light=0.0774 mat=0.0000
  batch 90/329 | loss=0.0892 light=0.0892 mat=0.0000
  batch 100/329 | loss=0.0788 light=0.0788 mat=0.0000
  batch 110/329 | loss=0.1010 light=0.1010 mat=0.0000
  batch 120/329 | loss=0.0930 light=0.0930 mat=0.0000
  batch 130/329 | loss=0.0642 light=0.0642 mat=0.0000
  batch 140/329 | loss=0.0623 light=0.0623 mat=0.0000
  batch 150/329 | loss=0.0633 light=0.0633 mat=0.0000
  batch 160/329 | loss=0.1001 light=0.1001 mat=0.0000
  batch 170/329 | loss=0.0916 light=0.0916 mat=0.0000
  batch 180/329 | loss=0.0854 light=0.0854 mat=0.0000
  batch 190/329 | loss=0.0872 light=0.0872 mat=0.0000
  batch 200/329 | loss=0.0566 light=0.0566 mat=0.0000
  batch 210/329 | loss=0.0715 light=0.0715 mat=0.0000
  batch 220/329 | loss=0.0716 light=0.0716 mat=0.0000
  batch 230/329 | loss=0.1237 light=0.1237 mat=0.0000
  batch 240/329 | loss=0.0945 light=0.0945 mat=0.0000
  batch 250/329 | loss=0.0910 light=0.0910 mat=0.0000
  batch 260/329 | loss=0.0918 light=0.0918 mat=0.0000
  batch 270/329 | loss=0.0794 light=0.0794 mat=0.0000
  batch 280/329 | loss=0.1135 light=0.1135 mat=0.0000
  batch 290/329 | loss=0.0683 light=0.0683 mat=0.0000
  batch 300/329 | loss=0.0916 light=0.0916 mat=0.0000
  batch 310/329 | loss=0.0874 light=0.0874 mat=0.0000
  batch 320/329 | loss=0.0827 light=0.0827 mat=0.0000
  train | loss=0.0831 light=0.0831 mat=0.0000
  val   | loss=0.1276 light=0.1276 mat=0.0000

Epoch 41/50
  batch 10/329 | loss=0.0948 light=0.0948 mat=0.0000
  batch 20/329 | loss=0.0930 light=0.0930 mat=0.0000
  batch 30/329 | loss=0.0793 light=0.0793 mat=0.0000
  batch 40/329 | loss=0.0812 light=0.0812 mat=0.0000
  batch 50/329 | loss=0.1052 light=0.1052 mat=0.0000
  batch 60/329 | loss=0.1127 light=0.1127 mat=0.0000
  batch 70/329 | loss=0.0727 light=0.0727 mat=0.0000
  batch 80/329 | loss=0.0947 light=0.0947 mat=0.0000
  batch 90/329 | loss=0.0823 light=0.0823 mat=0.0000
  batch 100/329 | loss=0.0905 light=0.0905 mat=0.0000
  batch 110/329 | loss=0.0648 light=0.0648 mat=0.0000
  batch 120/329 | loss=0.0604 light=0.0604 mat=0.0000
  batch 130/329 | loss=0.1047 light=0.1047 mat=0.0000
  batch 140/329 | loss=0.0851 light=0.0851 mat=0.0000
  batch 150/329 | loss=0.0904 light=0.0904 mat=0.0000
  batch 160/329 | loss=0.0947 light=0.0947 mat=0.0000
  batch 170/329 | loss=0.0626 light=0.0626 mat=0.0000
  batch 180/329 | loss=0.0771 light=0.0771 mat=0.0000
  batch 190/329 | loss=0.0579 light=0.0579 mat=0.0000
  batch 200/329 | loss=0.0728 light=0.0728 mat=0.0000
  batch 210/329 | loss=0.1035 light=0.1035 mat=0.0000
  batch 220/329 | loss=0.1008 light=0.1008 mat=0.0000
  batch 230/329 | loss=0.0625 light=0.0625 mat=0.0000
  batch 240/329 | loss=0.0775 light=0.0775 mat=0.0000
  batch 250/329 | loss=0.0799 light=0.0799 mat=0.0000
  batch 260/329 | loss=0.0768 light=0.0768 mat=0.0000
  batch 270/329 | loss=0.0724 light=0.0724 mat=0.0000
  batch 280/329 | loss=0.0722 light=0.0722 mat=0.0000
  batch 290/329 | loss=0.0928 light=0.0928 mat=0.0000
  batch 300/329 | loss=0.0690 light=0.0690 mat=0.0000
  batch 310/329 | loss=0.0893 light=0.0893 mat=0.0000
  batch 320/329 | loss=0.0961 light=0.0961 mat=0.0000
  train | loss=0.0824 light=0.0824 mat=0.0000
  val   | loss=0.1271 light=0.1271 mat=0.0000

Epoch 42/50
  batch 10/329 | loss=0.0778 light=0.0778 mat=0.0000
  batch 20/329 | loss=0.0927 light=0.0927 mat=0.0000
  batch 30/329 | loss=0.0791 light=0.0791 mat=0.0000
  batch 40/329 | loss=0.0803 light=0.0803 mat=0.0000
  batch 50/329 | loss=0.0751 light=0.0751 mat=0.0000
  batch 60/329 | loss=0.0882 light=0.0882 mat=0.0000
  batch 70/329 | loss=0.0896 light=0.0896 mat=0.0000
  batch 80/329 | loss=0.0902 light=0.0902 mat=0.0000
  batch 90/329 | loss=0.0792 light=0.0792 mat=0.0000
  batch 100/329 | loss=0.0771 light=0.0771 mat=0.0000
  batch 110/329 | loss=0.0637 light=0.0637 mat=0.0000
  batch 120/329 | loss=0.0994 light=0.0994 mat=0.0000
  batch 130/329 | loss=0.0630 light=0.0630 mat=0.0000
  batch 140/329 | loss=0.0982 light=0.0982 mat=0.0000
  batch 150/329 | loss=0.1153 light=0.1153 mat=0.0000
  batch 160/329 | loss=0.0536 light=0.0536 mat=0.0000
  batch 170/329 | loss=0.1057 light=0.1057 mat=0.0000
  batch 180/329 | loss=0.0926 light=0.0926 mat=0.0000
  batch 190/329 | loss=0.0808 light=0.0808 mat=0.0000
  batch 200/329 | loss=0.0908 light=0.0908 mat=0.0000
  batch 210/329 | loss=0.0813 light=0.0813 mat=0.0000
  batch 220/329 | loss=0.0811 light=0.0811 mat=0.0000
  batch 230/329 | loss=0.0934 light=0.0934 mat=0.0000
  batch 240/329 | loss=0.0865 light=0.0865 mat=0.0000
  batch 250/329 | loss=0.0635 light=0.0635 mat=0.0000
  batch 260/329 | loss=0.0541 light=0.0541 mat=0.0000
  batch 270/329 | loss=0.0773 light=0.0773 mat=0.0000
  batch 280/329 | loss=0.1214 light=0.1214 mat=0.0000
  batch 290/329 | loss=0.0718 light=0.0718 mat=0.0000
  batch 300/329 | loss=0.0784 light=0.0784 mat=0.0000
  batch 310/329 | loss=0.0624 light=0.0624 mat=0.0000
  batch 320/329 | loss=0.0821 light=0.0821 mat=0.0000
  train | loss=0.0819 light=0.0819 mat=0.0000
  val   | loss=0.1268 light=0.1268 mat=0.0000
  -> new best model (val_loss=0.1268)

Epoch 43/50
  batch 10/329 | loss=0.1021 light=0.1021 mat=0.0000
  batch 20/329 | loss=0.0718 light=0.0718 mat=0.0000
  batch 30/329 | loss=0.0829 light=0.0829 mat=0.0000
  batch 40/329 | loss=0.0843 light=0.0843 mat=0.0000
  batch 50/329 | loss=0.1000 light=0.1000 mat=0.0000
  batch 60/329 | loss=0.0768 light=0.0768 mat=0.0000
  batch 70/329 | loss=0.1066 light=0.1066 mat=0.0000
  batch 80/329 | loss=0.0835 light=0.0835 mat=0.0000
  batch 90/329 | loss=0.0656 light=0.0656 mat=0.0000
  batch 100/329 | loss=0.0587 light=0.0587 mat=0.0000
  batch 110/329 | loss=0.0732 light=0.0732 mat=0.0000
  batch 120/329 | loss=0.0740 light=0.0740 mat=0.0000
  batch 130/329 | loss=0.0794 light=0.0794 mat=0.0000
  batch 140/329 | loss=0.1010 light=0.1010 mat=0.0000
  batch 150/329 | loss=0.0886 light=0.0886 mat=0.0000
  batch 160/329 | loss=0.0840 light=0.0840 mat=0.0000
  batch 170/329 | loss=0.0825 light=0.0825 mat=0.0000
  batch 180/329 | loss=0.0674 light=0.0674 mat=0.0000
  batch 190/329 | loss=0.0748 light=0.0748 mat=0.0000
  batch 200/329 | loss=0.0665 light=0.0665 mat=0.0000
  batch 210/329 | loss=0.0713 light=0.0713 mat=0.0000
  batch 220/329 | loss=0.0887 light=0.0887 mat=0.0000
  batch 230/329 | loss=0.1073 light=0.1073 mat=0.0000
  batch 240/329 | loss=0.1058 light=0.1058 mat=0.0000
  batch 250/329 | loss=0.1018 light=0.1018 mat=0.0000
  batch 260/329 | loss=0.0732 light=0.0732 mat=0.0000
  batch 270/329 | loss=0.0725 light=0.0725 mat=0.0000
  batch 280/329 | loss=0.1081 light=0.1081 mat=0.0000
  batch 290/329 | loss=0.0652 light=0.0652 mat=0.0000
  batch 300/329 | loss=0.1161 light=0.1161 mat=0.0000
  batch 310/329 | loss=0.0778 light=0.0778 mat=0.0000
  batch 320/329 | loss=0.0587 light=0.0587 mat=0.0000
  train | loss=0.0821 light=0.0821 mat=0.0000
  val   | loss=0.1270 light=0.1270 mat=0.0000

Epoch 44/50
  batch 10/329 | loss=0.0725 light=0.0725 mat=0.0000
  batch 20/329 | loss=0.0516 light=0.0516 mat=0.0000
  batch 30/329 | loss=0.0704 light=0.0704 mat=0.0000
  batch 40/329 | loss=0.0641 light=0.0641 mat=0.0000
  batch 50/329 | loss=0.0742 light=0.0742 mat=0.0000
  batch 60/329 | loss=0.0703 light=0.0703 mat=0.0000
  batch 70/329 | loss=0.0593 light=0.0593 mat=0.0000
  batch 80/329 | loss=0.0769 light=0.0769 mat=0.0000
  batch 90/329 | loss=0.0751 light=0.0751 mat=0.0000
  batch 100/329 | loss=0.0918 light=0.0918 mat=0.0000
  batch 110/329 | loss=0.0917 light=0.0917 mat=0.0000
  batch 120/329 | loss=0.0664 light=0.0664 mat=0.0000
  batch 130/329 | loss=0.0654 light=0.0654 mat=0.0000
  batch 140/329 | loss=0.0729 light=0.0729 mat=0.0000
  batch 150/329 | loss=0.0677 light=0.0677 mat=0.0000
  batch 160/329 | loss=0.0861 light=0.0861 mat=0.0000
  batch 170/329 | loss=0.1224 light=0.1224 mat=0.0000
  batch 180/329 | loss=0.0870 light=0.0870 mat=0.0000
  batch 190/329 | loss=0.0572 light=0.0572 mat=0.0000
  batch 200/329 | loss=0.0943 light=0.0943 mat=0.0000
  batch 210/329 | loss=0.0741 light=0.0741 mat=0.0000
  batch 220/329 | loss=0.0612 light=0.0612 mat=0.0000
  batch 230/329 | loss=0.0848 light=0.0848 mat=0.0000
  batch 240/329 | loss=0.0912 light=0.0912 mat=0.0000
  batch 250/329 | loss=0.0649 light=0.0649 mat=0.0000
  batch 260/329 | loss=0.0879 light=0.0879 mat=0.0000
  batch 270/329 | loss=0.0737 light=0.0737 mat=0.0000
  batch 280/329 | loss=0.1054 light=0.1054 mat=0.0000
  batch 290/329 | loss=0.0836 light=0.0836 mat=0.0000
  batch 300/329 | loss=0.1004 light=0.1004 mat=0.0000
  batch 310/329 | loss=0.0691 light=0.0691 mat=0.0000
  batch 320/329 | loss=0.0968 light=0.0968 mat=0.0000
  train | loss=0.0815 light=0.0815 mat=0.0000
  val   | loss=0.1269 light=0.1269 mat=0.0000

Epoch 45/50
  batch 10/329 | loss=0.0745 light=0.0745 mat=0.0000
  batch 20/329 | loss=0.0745 light=0.0745 mat=0.0000
  batch 30/329 | loss=0.0832 light=0.0832 mat=0.0000
  batch 40/329 | loss=0.0663 light=0.0663 mat=0.0000
  batch 50/329 | loss=0.1012 light=0.1012 mat=0.0000
  batch 60/329 | loss=0.0879 light=0.0879 mat=0.0000
  batch 70/329 | loss=0.0681 light=0.0681 mat=0.0000
  batch 80/329 | loss=0.0922 light=0.0922 mat=0.0000
  batch 90/329 | loss=0.0591 light=0.0591 mat=0.0000
  batch 100/329 | loss=0.0816 light=0.0816 mat=0.0000
  batch 110/329 | loss=0.0871 light=0.0871 mat=0.0000
  batch 120/329 | loss=0.0808 light=0.0808 mat=0.0000
  batch 130/329 | loss=0.0560 light=0.0560 mat=0.0000
  batch 140/329 | loss=0.0658 light=0.0658 mat=0.0000
  batch 150/329 | loss=0.0914 light=0.0914 mat=0.0000
  batch 160/329 | loss=0.0674 light=0.0674 mat=0.0000
  batch 170/329 | loss=0.0750 light=0.0750 mat=0.0000
  batch 180/329 | loss=0.0634 light=0.0634 mat=0.0000
  batch 190/329 | loss=0.0564 light=0.0564 mat=0.0000
  batch 200/329 | loss=0.0804 light=0.0804 mat=0.0000
  batch 210/329 | loss=0.0838 light=0.0838 mat=0.0000
  batch 220/329 | loss=0.0966 light=0.0966 mat=0.0000
  batch 230/329 | loss=0.0836 light=0.0836 mat=0.0000
  batch 240/329 | loss=0.0474 light=0.0474 mat=0.0000
  batch 250/329 | loss=0.0829 light=0.0829 mat=0.0000
  batch 260/329 | loss=0.0607 light=0.0607 mat=0.0000
  batch 270/329 | loss=0.0769 light=0.0769 mat=0.0000
  batch 280/329 | loss=0.1380 light=0.1380 mat=0.0000
  batch 290/329 | loss=0.0752 light=0.0752 mat=0.0000
  batch 300/329 | loss=0.0790 light=0.0790 mat=0.0000
  batch 310/329 | loss=0.0754 light=0.0754 mat=0.0000
  batch 320/329 | loss=0.0771 light=0.0771 mat=0.0000
  train | loss=0.0813 light=0.0813 mat=0.0000
  val   | loss=0.1263 light=0.1263 mat=0.0000
  -> new best model (val_loss=0.1263)

Epoch 46/50
  batch 10/329 | loss=0.0643 light=0.0643 mat=0.0000
  batch 20/329 | loss=0.0518 light=0.0518 mat=0.0000
  batch 30/329 | loss=0.0895 light=0.0895 mat=0.0000
  batch 40/329 | loss=0.0939 light=0.0939 mat=0.0000
  batch 50/329 | loss=0.0764 light=0.0764 mat=0.0000
  batch 60/329 | loss=0.0828 light=0.0828 mat=0.0000
  batch 70/329 | loss=0.0952 light=0.0952 mat=0.0000
  batch 80/329 | loss=0.1119 light=0.1119 mat=0.0000
  batch 90/329 | loss=0.0767 light=0.0767 mat=0.0000
  batch 100/329 | loss=0.0695 light=0.0695 mat=0.0000
  batch 110/329 | loss=0.1034 light=0.1034 mat=0.0000
  batch 120/329 | loss=0.0881 light=0.0881 mat=0.0000
  batch 130/329 | loss=0.0948 light=0.0948 mat=0.0000
  batch 140/329 | loss=0.0498 light=0.0498 mat=0.0000
  batch 150/329 | loss=0.1080 light=0.1080 mat=0.0000
  batch 160/329 | loss=0.0998 light=0.0998 mat=0.0000
  batch 170/329 | loss=0.0679 light=0.0679 mat=0.0000
  batch 180/329 | loss=0.0937 light=0.0937 mat=0.0000
  batch 190/329 | loss=0.0761 light=0.0761 mat=0.0000
  batch 200/329 | loss=0.1050 light=0.1050 mat=0.0000
  batch 210/329 | loss=0.0923 light=0.0923 mat=0.0000
  batch 220/329 | loss=0.0833 light=0.0833 mat=0.0000
  batch 230/329 | loss=0.0590 light=0.0590 mat=0.0000
  batch 240/329 | loss=0.0840 light=0.0840 mat=0.0000
  batch 250/329 | loss=0.0826 light=0.0826 mat=0.0000
  batch 260/329 | loss=0.0678 light=0.0678 mat=0.0000
  batch 270/329 | loss=0.0710 light=0.0710 mat=0.0000
  batch 280/329 | loss=0.0920 light=0.0920 mat=0.0000
  batch 290/329 | loss=0.0934 light=0.0934 mat=0.0000
  batch 300/329 | loss=0.0887 light=0.0887 mat=0.0000
  batch 310/329 | loss=0.0734 light=0.0734 mat=0.0000
  batch 320/329 | loss=0.0600 light=0.0600 mat=0.0000
  train | loss=0.0808 light=0.0808 mat=0.0000
  val   | loss=0.1270 light=0.1270 mat=0.0000

Epoch 47/50
  batch 10/329 | loss=0.0570 light=0.0570 mat=0.0000
  batch 20/329 | loss=0.0873 light=0.0873 mat=0.0000
  batch 30/329 | loss=0.1202 light=0.1202 mat=0.0000
  batch 40/329 | loss=0.0753 light=0.0753 mat=0.0000
  batch 50/329 | loss=0.0682 light=0.0682 mat=0.0000
  batch 60/329 | loss=0.0750 light=0.0750 mat=0.0000
  batch 70/329 | loss=0.0782 light=0.0782 mat=0.0000
  batch 80/329 | loss=0.0481 light=0.0481 mat=0.0000
  batch 90/329 | loss=0.0862 light=0.0862 mat=0.0000
  batch 100/329 | loss=0.0672 light=0.0672 mat=0.0000
  batch 110/329 | loss=0.0676 light=0.0676 mat=0.0000
  batch 120/329 | loss=0.1005 light=0.1005 mat=0.0000
  batch 130/329 | loss=0.0935 light=0.0935 mat=0.0000
  batch 140/329 | loss=0.0775 light=0.0775 mat=0.0000
  batch 150/329 | loss=0.1052 light=0.1052 mat=0.0000
  batch 160/329 | loss=0.0609 light=0.0609 mat=0.0000
  batch 170/329 | loss=0.0762 light=0.0762 mat=0.0000
  batch 180/329 | loss=0.0626 light=0.0626 mat=0.0000
  batch 190/329 | loss=0.0870 light=0.0870 mat=0.0000
  batch 200/329 | loss=0.0857 light=0.0857 mat=0.0000
  batch 210/329 | loss=0.0905 light=0.0905 mat=0.0000
  batch 220/329 | loss=0.0500 light=0.0500 mat=0.0000
  batch 230/329 | loss=0.1057 light=0.1057 mat=0.0000
  batch 240/329 | loss=0.0717 light=0.0717 mat=0.0000
  batch 250/329 | loss=0.0724 light=0.0724 mat=0.0000
  batch 260/329 | loss=0.0820 light=0.0820 mat=0.0000
  batch 270/329 | loss=0.0846 light=0.0846 mat=0.0000
  batch 280/329 | loss=0.0673 light=0.0673 mat=0.0000
  batch 290/329 | loss=0.0598 light=0.0598 mat=0.0000
  batch 300/329 | loss=0.0774 light=0.0774 mat=0.0000
  batch 310/329 | loss=0.0842 light=0.0842 mat=0.0000
  batch 320/329 | loss=0.0841 light=0.0841 mat=0.0000
  train | loss=0.0810 light=0.0810 mat=0.0000
  val   | loss=0.1266 light=0.1266 mat=0.0000

Epoch 48/50
  batch 10/329 | loss=0.0722 light=0.0722 mat=0.0000
  batch 20/329 | loss=0.0873 light=0.0873 mat=0.0000
  batch 30/329 | loss=0.0763 light=0.0763 mat=0.0000
  batch 40/329 | loss=0.0759 light=0.0759 mat=0.0000
  batch 50/329 | loss=0.0622 light=0.0622 mat=0.0000
  batch 60/329 | loss=0.0680 light=0.0680 mat=0.0000
  batch 70/329 | loss=0.0977 light=0.0977 mat=0.0000
  batch 80/329 | loss=0.0792 light=0.0792 mat=0.0000
  batch 90/329 | loss=0.0994 light=0.0994 mat=0.0000
  batch 100/329 | loss=0.0883 light=0.0883 mat=0.0000
  batch 110/329 | loss=0.0913 light=0.0913 mat=0.0000
  batch 120/329 | loss=0.0915 light=0.0915 mat=0.0000
  batch 130/329 | loss=0.0720 light=0.0720 mat=0.0000
  batch 140/329 | loss=0.0637 light=0.0637 mat=0.0000
  batch 150/329 | loss=0.0457 light=0.0457 mat=0.0000
  batch 160/329 | loss=0.0783 light=0.0783 mat=0.0000
  batch 170/329 | loss=0.0837 light=0.0837 mat=0.0000
  batch 180/329 | loss=0.0865 light=0.0865 mat=0.0000
  batch 190/329 | loss=0.0607 light=0.0607 mat=0.0000
  batch 200/329 | loss=0.0520 light=0.0520 mat=0.0000
  batch 210/329 | loss=0.0717 light=0.0717 mat=0.0000
  batch 220/329 | loss=0.0770 light=0.0770 mat=0.0000
  batch 230/329 | loss=0.0562 light=0.0562 mat=0.0000
  batch 240/329 | loss=0.0720 light=0.0720 mat=0.0000
  batch 250/329 | loss=0.0746 light=0.0746 mat=0.0000
  batch 260/329 | loss=0.1108 light=0.1108 mat=0.0000
  batch 270/329 | loss=0.0946 light=0.0946 mat=0.0000
  batch 280/329 | loss=0.1180 light=0.1180 mat=0.0000
  batch 290/329 | loss=0.0811 light=0.0811 mat=0.0000
  batch 300/329 | loss=0.1190 light=0.1190 mat=0.0000
  batch 310/329 | loss=0.0842 light=0.0842 mat=0.0000
  batch 320/329 | loss=0.0999 light=0.0999 mat=0.0000
  train | loss=0.0810 light=0.0810 mat=0.0000
  val   | loss=0.1267 light=0.1267 mat=0.0000

Epoch 49/50
  batch 10/329 | loss=0.0827 light=0.0827 mat=0.0000
  batch 20/329 | loss=0.0981 light=0.0981 mat=0.0000
  batch 30/329 | loss=0.0898 light=0.0898 mat=0.0000
  batch 40/329 | loss=0.0916 light=0.0916 mat=0.0000
  batch 50/329 | loss=0.0711 light=0.0711 mat=0.0000
  batch 60/329 | loss=0.0593 light=0.0593 mat=0.0000
  batch 70/329 | loss=0.0625 light=0.0625 mat=0.0000
  batch 80/329 | loss=0.0749 light=0.0749 mat=0.0000
  batch 90/329 | loss=0.0789 light=0.0789 mat=0.0000
  batch 100/329 | loss=0.0593 light=0.0593 mat=0.0000
  batch 110/329 | loss=0.0843 light=0.0843 mat=0.0000
  batch 120/329 | loss=0.0790 light=0.0790 mat=0.0000
  batch 130/329 | loss=0.0573 light=0.0573 mat=0.0000
  batch 140/329 | loss=0.0652 light=0.0652 mat=0.0000
  batch 150/329 | loss=0.0634 light=0.0634 mat=0.0000
  batch 160/329 | loss=0.0910 light=0.0910 mat=0.0000
  batch 170/329 | loss=0.0612 light=0.0612 mat=0.0000
  batch 180/329 | loss=0.0846 light=0.0846 mat=0.0000
  batch 190/329 | loss=0.0778 light=0.0778 mat=0.0000
  batch 200/329 | loss=0.0530 light=0.0530 mat=0.0000
  batch 210/329 | loss=0.0762 light=0.0762 mat=0.0000
  batch 220/329 | loss=0.0779 light=0.0779 mat=0.0000
  batch 230/329 | loss=0.0659 light=0.0659 mat=0.0000
  batch 240/329 | loss=0.0876 light=0.0876 mat=0.0000
  batch 250/329 | loss=0.0886 light=0.0886 mat=0.0000
  batch 260/329 | loss=0.0756 light=0.0756 mat=0.0000
  batch 270/329 | loss=0.0830 light=0.0830 mat=0.0000
  batch 280/329 | loss=0.0638 light=0.0638 mat=0.0000
  batch 290/329 | loss=0.0760 light=0.0760 mat=0.0000
  batch 300/329 | loss=0.0803 light=0.0803 mat=0.0000
  batch 310/329 | loss=0.0549 light=0.0549 mat=0.0000
  batch 320/329 | loss=0.0917 light=0.0917 mat=0.0000
  train | loss=0.0806 light=0.0806 mat=0.0000
  val   | loss=0.1274 light=0.1274 mat=0.0000

Epoch 50/50
  batch 10/329 | loss=0.1113 light=0.1113 mat=0.0000
  batch 20/329 | loss=0.0892 light=0.0892 mat=0.0000
  batch 30/329 | loss=0.0672 light=0.0672 mat=0.0000
  batch 40/329 | loss=0.0893 light=0.0893 mat=0.0000
  batch 50/329 | loss=0.0751 light=0.0751 mat=0.0000
  batch 60/329 | loss=0.0752 light=0.0752 mat=0.0000
  batch 70/329 | loss=0.0698 light=0.0698 mat=0.0000
  batch 80/329 | loss=0.0879 light=0.0879 mat=0.0000
  batch 90/329 | loss=0.0810 light=0.0810 mat=0.0000
  batch 100/329 | loss=0.0700 light=0.0700 mat=0.0000
  batch 110/329 | loss=0.0858 light=0.0858 mat=0.0000
  batch 120/329 | loss=0.0731 light=0.0731 mat=0.0000
  batch 130/329 | loss=0.0742 light=0.0742 mat=0.0000
  batch 140/329 | loss=0.0835 light=0.0835 mat=0.0000
  batch 150/329 | loss=0.0706 light=0.0706 mat=0.0000
  batch 160/329 | loss=0.0658 light=0.0658 mat=0.0000
  batch 170/329 | loss=0.0785 light=0.0785 mat=0.0000
  batch 180/329 | loss=0.0676 light=0.0676 mat=0.0000
  batch 190/329 | loss=0.0632 light=0.0632 mat=0.0000
  batch 200/329 | loss=0.1144 light=0.1144 mat=0.0000
  batch 210/329 | loss=0.0728 light=0.0728 mat=0.0000
  batch 220/329 | loss=0.0693 light=0.0693 mat=0.0000
  batch 230/329 | loss=0.0650 light=0.0650 mat=0.0000
  batch 240/329 | loss=0.0831 light=0.0831 mat=0.0000
  batch 250/329 | loss=0.0694 light=0.0694 mat=0.0000
  batch 260/329 | loss=0.0550 light=0.0550 mat=0.0000
  batch 270/329 | loss=0.0742 light=0.0742 mat=0.0000
  batch 280/329 | loss=0.0966 light=0.0966 mat=0.0000
  batch 290/329 | loss=0.0871 light=0.0871 mat=0.0000
  batch 300/329 | loss=0.0868 light=0.0868 mat=0.0000
  batch 310/329 | loss=0.0883 light=0.0883 mat=0.0000
  batch 320/329 | loss=0.0939 light=0.0939 mat=0.0000
  train | loss=0.0806 light=0.0806 mat=0.0000
  val   | loss=0.1263 light=0.1263 mat=0.0000
  -> new best model (val_loss=0.1263)

  Training curves saved to ./models\seed_sweep_film_102_baseline_curves.png

============================================================
Training multitask_film model (resnet50)
============================================================

Epoch 1/50
  batch 10/329 | loss=0.6311 light=0.6238 mat=0.0722
  batch 20/329 | loss=0.6201 light=0.6153 mat=0.0485
  batch 30/329 | loss=0.6085 light=0.6027 mat=0.0580
  batch 40/329 | loss=0.6449 light=0.6389 mat=0.0600
  batch 50/329 | loss=0.5019 light=0.4969 mat=0.0507
  batch 60/329 | loss=0.3671 light=0.3618 mat=0.0536
  batch 70/329 | loss=0.5098 light=0.5052 mat=0.0462
  batch 80/329 | loss=0.4187 light=0.4130 mat=0.0575
  batch 90/329 | loss=0.4663 light=0.4606 mat=0.0568
  batch 100/329 | loss=0.6121 light=0.6077 mat=0.0447
  batch 110/329 | loss=0.5375 light=0.5325 mat=0.0491
  batch 120/329 | loss=0.4719 light=0.4651 mat=0.0681
  batch 130/329 | loss=0.7477 light=0.7425 mat=0.0518
  batch 140/329 | loss=0.4469 light=0.4417 mat=0.0510
  batch 150/329 | loss=0.3505 light=0.3440 mat=0.0649
  batch 160/329 | loss=0.3528 light=0.3486 mat=0.0424
  batch 170/329 | loss=0.5293 light=0.5242 mat=0.0512
  batch 180/329 | loss=0.3364 light=0.3310 mat=0.0541
  batch 190/329 | loss=0.4678 light=0.4636 mat=0.0424
  batch 200/329 | loss=0.3565 light=0.3518 mat=0.0470
  batch 210/329 | loss=0.3869 light=0.3831 mat=0.0383
  batch 220/329 | loss=0.3898 light=0.3864 mat=0.0340
  batch 230/329 | loss=0.2845 light=0.2810 mat=0.0352
  batch 240/329 | loss=0.3650 light=0.3609 mat=0.0407
  batch 250/329 | loss=0.3073 light=0.3037 mat=0.0353
  batch 260/329 | loss=0.3687 light=0.3645 mat=0.0418
  batch 270/329 | loss=0.3884 light=0.3857 mat=0.0267
  batch 280/329 | loss=0.3176 light=0.3155 mat=0.0211
  batch 290/329 | loss=0.4946 light=0.4918 mat=0.0276
  batch 300/329 | loss=0.3647 light=0.3602 mat=0.0448
  batch 310/329 | loss=0.3901 light=0.3868 mat=0.0326
  batch 320/329 | loss=0.4002 light=0.3960 mat=0.0420
  train | loss=0.4512 light=0.4467 mat=0.0449
  val   | loss=0.3756 light=0.3731 mat=0.0242 mat_mae=0.0964
  -> new best model (val_loss=0.3756)

Epoch 2/50
  batch 10/329 | loss=0.3030 light=0.3003 mat=0.0269
  batch 20/329 | loss=0.3173 light=0.3135 mat=0.0376
  batch 30/329 | loss=0.3380 light=0.3353 mat=0.0276
  batch 40/329 | loss=0.3164 light=0.3125 mat=0.0393
  batch 50/329 | loss=0.5278 light=0.5254 mat=0.0243
  batch 60/329 | loss=0.5154 light=0.5119 mat=0.0350
  batch 70/329 | loss=0.3425 light=0.3398 mat=0.0271
  batch 80/329 | loss=0.2976 light=0.2948 mat=0.0273
  batch 90/329 | loss=0.5090 light=0.5058 mat=0.0318
  batch 100/329 | loss=0.4461 light=0.4433 mat=0.0277
  batch 110/329 | loss=0.4743 light=0.4718 mat=0.0251
  batch 120/329 | loss=0.3574 light=0.3551 mat=0.0226
  batch 130/329 | loss=0.3076 light=0.3047 mat=0.0287
  batch 140/329 | loss=0.4267 light=0.4237 mat=0.0296
  batch 150/329 | loss=0.2843 light=0.2829 mat=0.0138
  batch 160/329 | loss=0.3725 light=0.3705 mat=0.0203
  batch 170/329 | loss=0.3336 light=0.3286 mat=0.0499
  batch 180/329 | loss=0.3416 light=0.3395 mat=0.0216
  batch 190/329 | loss=0.3261 light=0.3247 mat=0.0148
  batch 200/329 | loss=0.4395 light=0.4372 mat=0.0233
  batch 210/329 | loss=0.3653 light=0.3628 mat=0.0247
  batch 220/329 | loss=0.3279 light=0.3245 mat=0.0336
  batch 230/329 | loss=0.3916 light=0.3882 mat=0.0345
  batch 240/329 | loss=0.3530 light=0.3498 mat=0.0315
  batch 250/329 | loss=0.4491 light=0.4459 mat=0.0314
  batch 260/329 | loss=0.3889 light=0.3859 mat=0.0303
  batch 270/329 | loss=0.3480 light=0.3449 mat=0.0305
  batch 280/329 | loss=0.3662 light=0.3636 mat=0.0260
  batch 290/329 | loss=0.3001 light=0.2986 mat=0.0154
  batch 300/329 | loss=0.3664 light=0.3648 mat=0.0155
  batch 310/329 | loss=0.2901 light=0.2867 mat=0.0342
  batch 320/329 | loss=0.2757 light=0.2739 mat=0.0181
  train | loss=0.3645 light=0.3617 mat=0.0272
  val   | loss=0.3590 light=0.3573 mat=0.0173 mat_mae=0.0785
  -> new best model (val_loss=0.3590)

Epoch 3/50
  batch 10/329 | loss=0.4180 light=0.4157 mat=0.0223
  batch 20/329 | loss=0.3783 light=0.3758 mat=0.0252
  batch 30/329 | loss=0.3826 light=0.3787 mat=0.0385
  batch 40/329 | loss=0.3228 light=0.3205 mat=0.0226
  batch 50/329 | loss=0.2934 light=0.2910 mat=0.0239
  batch 60/329 | loss=0.4231 light=0.4215 mat=0.0161
  batch 70/329 | loss=0.4298 light=0.4266 mat=0.0323
  batch 80/329 | loss=0.2426 light=0.2406 mat=0.0200
  batch 90/329 | loss=0.4511 light=0.4477 mat=0.0345
  batch 100/329 | loss=0.2356 light=0.2338 mat=0.0173
  batch 110/329 | loss=0.3952 light=0.3930 mat=0.0223
  batch 120/329 | loss=0.2840 light=0.2822 mat=0.0180
  batch 130/329 | loss=0.4702 light=0.4669 mat=0.0324
  batch 140/329 | loss=0.3580 light=0.3565 mat=0.0154
  batch 150/329 | loss=0.3362 light=0.3347 mat=0.0154
  batch 160/329 | loss=0.3812 light=0.3792 mat=0.0208
  batch 170/329 | loss=0.3550 light=0.3542 mat=0.0079
  batch 180/329 | loss=0.2833 light=0.2808 mat=0.0247
  batch 190/329 | loss=0.4217 light=0.4201 mat=0.0166
  batch 200/329 | loss=0.2900 light=0.2875 mat=0.0254
  batch 210/329 | loss=0.3597 light=0.3578 mat=0.0186
  batch 220/329 | loss=0.2310 light=0.2287 mat=0.0231
  batch 230/329 | loss=0.4466 light=0.4448 mat=0.0177
  batch 240/329 | loss=0.3423 light=0.3404 mat=0.0195
  batch 250/329 | loss=0.2999 light=0.2971 mat=0.0276
  batch 260/329 | loss=0.2731 light=0.2705 mat=0.0262
  batch 270/329 | loss=0.3290 light=0.3275 mat=0.0151
  batch 280/329 | loss=0.3398 light=0.3374 mat=0.0241
  batch 290/329 | loss=0.3136 light=0.3109 mat=0.0272
  batch 300/329 | loss=0.6018 light=0.6005 mat=0.0128
  batch 310/329 | loss=0.3634 light=0.3620 mat=0.0132
  batch 320/329 | loss=0.2996 light=0.2980 mat=0.0161
  train | loss=0.3341 light=0.3320 mat=0.0211
  val   | loss=0.3424 light=0.3407 mat=0.0161 mat_mae=0.0670
  -> new best model (val_loss=0.3424)

Epoch 4/50
  batch 10/329 | loss=0.2347 light=0.2327 mat=0.0205
  batch 20/329 | loss=0.3694 light=0.3679 mat=0.0153
  batch 30/329 | loss=0.3816 light=0.3803 mat=0.0135
  batch 40/329 | loss=0.3315 light=0.3297 mat=0.0186
  batch 50/329 | loss=0.3032 light=0.3008 mat=0.0240
  batch 60/329 | loss=0.2887 light=0.2864 mat=0.0230
  batch 70/329 | loss=0.2935 light=0.2919 mat=0.0160
  batch 80/329 | loss=0.3076 light=0.3054 mat=0.0217
  batch 90/329 | loss=0.4023 light=0.4011 mat=0.0114
  batch 100/329 | loss=0.2836 light=0.2819 mat=0.0168
  batch 110/329 | loss=0.2958 light=0.2944 mat=0.0146
  batch 120/329 | loss=0.2976 light=0.2954 mat=0.0220
  batch 130/329 | loss=0.2382 light=0.2350 mat=0.0326
  batch 140/329 | loss=0.2802 light=0.2779 mat=0.0234
  batch 150/329 | loss=0.2877 light=0.2859 mat=0.0176
  batch 160/329 | loss=0.2839 light=0.2827 mat=0.0118
  batch 170/329 | loss=0.4319 light=0.4300 mat=0.0189
  batch 180/329 | loss=0.3196 light=0.3187 mat=0.0094
  batch 190/329 | loss=0.2835 light=0.2826 mat=0.0094
  batch 200/329 | loss=0.2526 light=0.2505 mat=0.0203
  batch 210/329 | loss=0.2671 light=0.2644 mat=0.0276
  batch 220/329 | loss=0.3121 light=0.3098 mat=0.0234
  batch 230/329 | loss=0.3912 light=0.3901 mat=0.0107
  batch 240/329 | loss=0.3534 light=0.3523 mat=0.0106
  batch 250/329 | loss=0.3037 light=0.3004 mat=0.0331
  batch 260/329 | loss=0.2409 light=0.2383 mat=0.0260
  batch 270/329 | loss=0.2941 light=0.2929 mat=0.0122
  batch 280/329 | loss=0.3724 light=0.3713 mat=0.0105
  batch 290/329 | loss=0.2407 light=0.2395 mat=0.0124
  batch 300/329 | loss=0.3173 light=0.3148 mat=0.0255
  batch 310/329 | loss=0.3405 light=0.3379 mat=0.0262
  batch 320/329 | loss=0.2677 light=0.2661 mat=0.0159
  train | loss=0.3131 light=0.3113 mat=0.0187
  val   | loss=0.3117 light=0.3099 mat=0.0178 mat_mae=0.0699
  -> new best model (val_loss=0.3117)

Epoch 5/50
  batch 10/329 | loss=0.3004 light=0.2975 mat=0.0287
  batch 20/329 | loss=0.3719 light=0.3703 mat=0.0163
  batch 30/329 | loss=0.2932 light=0.2913 mat=0.0195
  batch 40/329 | loss=0.2848 light=0.2837 mat=0.0103
  batch 50/329 | loss=0.2905 light=0.2890 mat=0.0151
  batch 60/329 | loss=0.2064 light=0.2058 mat=0.0064
  batch 70/329 | loss=0.2698 light=0.2678 mat=0.0199
  batch 80/329 | loss=0.2834 light=0.2808 mat=0.0263
  batch 90/329 | loss=0.2066 light=0.2057 mat=0.0088
  batch 100/329 | loss=0.2911 light=0.2885 mat=0.0265
  batch 110/329 | loss=0.2395 light=0.2383 mat=0.0114
  batch 120/329 | loss=0.3676 light=0.3668 mat=0.0079
  batch 130/329 | loss=0.2608 light=0.2598 mat=0.0096
  batch 140/329 | loss=0.2431 light=0.2419 mat=0.0120
  batch 150/329 | loss=0.3422 light=0.3402 mat=0.0204
  batch 160/329 | loss=0.2886 light=0.2870 mat=0.0160
  batch 170/329 | loss=0.2686 light=0.2658 mat=0.0278
  batch 180/329 | loss=0.2607 light=0.2594 mat=0.0130
  batch 190/329 | loss=0.3353 light=0.3341 mat=0.0125
  batch 200/329 | loss=0.3588 light=0.3568 mat=0.0198
  batch 210/329 | loss=0.2556 light=0.2542 mat=0.0138
  batch 220/329 | loss=0.3152 light=0.3135 mat=0.0175
  batch 230/329 | loss=0.3961 light=0.3953 mat=0.0080
  batch 240/329 | loss=0.2487 light=0.2474 mat=0.0133
  batch 250/329 | loss=0.2376 light=0.2363 mat=0.0129
  batch 260/329 | loss=0.3512 light=0.3491 mat=0.0203
  batch 270/329 | loss=0.3919 light=0.3904 mat=0.0149
  batch 280/329 | loss=0.2155 light=0.2137 mat=0.0184
  batch 290/329 | loss=0.2483 light=0.2472 mat=0.0109
  batch 300/329 | loss=0.3172 light=0.3150 mat=0.0222
  batch 310/329 | loss=0.3262 light=0.3224 mat=0.0378
  batch 320/329 | loss=0.2847 light=0.2838 mat=0.0095
  train | loss=0.2955 light=0.2939 mat=0.0166
  val   | loss=0.2977 light=0.2962 mat=0.0147 mat_mae=0.0592
  -> new best model (val_loss=0.2977)

Epoch 6/50
  batch 10/329 | loss=0.3544 light=0.3527 mat=0.0168
  batch 20/329 | loss=0.2742 light=0.2723 mat=0.0194
  batch 30/329 | loss=0.2970 light=0.2938 mat=0.0320
  batch 40/329 | loss=0.2123 light=0.2111 mat=0.0120
  batch 50/329 | loss=0.2973 light=0.2957 mat=0.0165
  batch 60/329 | loss=0.3864 light=0.3852 mat=0.0113
  batch 70/329 | loss=0.3003 light=0.2987 mat=0.0159
  batch 80/329 | loss=0.3311 light=0.3280 mat=0.0311
  batch 90/329 | loss=0.2993 light=0.2975 mat=0.0183
  batch 100/329 | loss=0.3209 light=0.3199 mat=0.0098
  batch 110/329 | loss=0.2888 light=0.2855 mat=0.0331
  batch 120/329 | loss=0.3012 light=0.2995 mat=0.0169
  batch 130/329 | loss=0.2624 light=0.2607 mat=0.0163
  batch 140/329 | loss=0.3483 light=0.3461 mat=0.0223
  batch 150/329 | loss=0.3507 light=0.3485 mat=0.0222
  batch 160/329 | loss=0.2842 light=0.2829 mat=0.0126
  batch 170/329 | loss=0.2599 light=0.2589 mat=0.0103
  batch 180/329 | loss=0.2496 light=0.2479 mat=0.0169
  batch 190/329 | loss=0.4068 light=0.4055 mat=0.0128
  batch 200/329 | loss=0.2338 light=0.2326 mat=0.0121
  batch 210/329 | loss=0.2293 light=0.2278 mat=0.0149
  batch 220/329 | loss=0.2232 light=0.2220 mat=0.0125
  batch 230/329 | loss=0.2768 light=0.2749 mat=0.0193
  batch 240/329 | loss=0.3142 light=0.3131 mat=0.0106
  batch 250/329 | loss=0.2529 light=0.2512 mat=0.0174
  batch 260/329 | loss=0.2282 light=0.2273 mat=0.0095
  batch 270/329 | loss=0.3010 light=0.2992 mat=0.0185
  batch 280/329 | loss=0.2589 light=0.2577 mat=0.0118
  batch 290/329 | loss=0.3070 light=0.3056 mat=0.0146
  batch 300/329 | loss=0.2525 light=0.2511 mat=0.0141
  batch 310/329 | loss=0.2363 light=0.2347 mat=0.0164
  batch 320/329 | loss=0.1936 light=0.1929 mat=0.0079
  train | loss=0.2817 light=0.2802 mat=0.0149
  val   | loss=0.2937 light=0.2923 mat=0.0139 mat_mae=0.0610
  -> new best model (val_loss=0.2937)

Epoch 7/50
  batch 10/329 | loss=0.3062 light=0.3047 mat=0.0145
  batch 20/329 | loss=0.2522 light=0.2511 mat=0.0112
  batch 30/329 | loss=0.3151 light=0.3137 mat=0.0143
  batch 40/329 | loss=0.2624 light=0.2611 mat=0.0131
  batch 50/329 | loss=0.3004 light=0.2985 mat=0.0194
  batch 60/329 | loss=0.2568 light=0.2550 mat=0.0185
  batch 70/329 | loss=0.2052 light=0.2039 mat=0.0128
  batch 80/329 | loss=0.2397 light=0.2387 mat=0.0097
  batch 90/329 | loss=0.2509 light=0.2490 mat=0.0194
  batch 100/329 | loss=0.2383 light=0.2364 mat=0.0194
  batch 110/329 | loss=0.2333 light=0.2322 mat=0.0110
  batch 120/329 | loss=0.2906 light=0.2887 mat=0.0186
  batch 130/329 | loss=0.2346 light=0.2335 mat=0.0115
  batch 140/329 | loss=0.2474 light=0.2461 mat=0.0128
  batch 150/329 | loss=0.2424 light=0.2412 mat=0.0122
  batch 160/329 | loss=0.3022 light=0.3005 mat=0.0173
  batch 170/329 | loss=0.3603 light=0.3591 mat=0.0119
  batch 180/329 | loss=0.3048 light=0.3030 mat=0.0184
  batch 190/329 | loss=0.2129 light=0.2112 mat=0.0166
  batch 200/329 | loss=0.2163 light=0.2155 mat=0.0088
  batch 210/329 | loss=0.2712 light=0.2703 mat=0.0098
  batch 220/329 | loss=0.2209 light=0.2179 mat=0.0295
  batch 230/329 | loss=0.2694 light=0.2683 mat=0.0107
  batch 240/329 | loss=0.3439 light=0.3417 mat=0.0224
  batch 250/329 | loss=0.2605 light=0.2589 mat=0.0167
  batch 260/329 | loss=0.2687 light=0.2679 mat=0.0074
  batch 270/329 | loss=0.2417 light=0.2405 mat=0.0117
  batch 280/329 | loss=0.2134 light=0.2125 mat=0.0086
  batch 290/329 | loss=0.2160 light=0.2146 mat=0.0141
  batch 300/329 | loss=0.2116 light=0.2108 mat=0.0086
  batch 310/329 | loss=0.2359 light=0.2348 mat=0.0118
  batch 320/329 | loss=0.2560 light=0.2552 mat=0.0075
  train | loss=0.2691 light=0.2678 mat=0.0139
  val   | loss=0.2846 light=0.2833 mat=0.0124 mat_mae=0.0563
  -> new best model (val_loss=0.2846)

Epoch 8/50
  batch 10/329 | loss=0.3043 light=0.3028 mat=0.0150
  batch 20/329 | loss=0.3182 light=0.3163 mat=0.0186
  batch 30/329 | loss=0.2781 light=0.2771 mat=0.0103
  batch 40/329 | loss=0.1989 light=0.1977 mat=0.0119
  batch 50/329 | loss=0.3009 light=0.2993 mat=0.0155
  batch 60/329 | loss=0.2395 light=0.2383 mat=0.0115
  batch 70/329 | loss=0.2281 light=0.2270 mat=0.0110
  batch 80/329 | loss=0.2225 light=0.2210 mat=0.0151
  batch 90/329 | loss=0.1918 light=0.1912 mat=0.0057
  batch 100/329 | loss=0.2551 light=0.2542 mat=0.0095
  batch 110/329 | loss=0.2326 light=0.2318 mat=0.0074
  batch 120/329 | loss=0.4265 light=0.4249 mat=0.0158
  batch 130/329 | loss=0.1671 light=0.1656 mat=0.0146
  batch 140/329 | loss=0.2044 light=0.2027 mat=0.0166
  batch 150/329 | loss=0.2324 light=0.2314 mat=0.0097
  batch 160/329 | loss=0.3345 light=0.3334 mat=0.0109
  batch 170/329 | loss=0.2839 light=0.2822 mat=0.0161
  batch 180/329 | loss=0.2588 light=0.2575 mat=0.0124
  batch 190/329 | loss=0.2778 light=0.2763 mat=0.0146
  batch 200/329 | loss=0.3062 light=0.3048 mat=0.0147
  batch 210/329 | loss=0.2722 light=0.2711 mat=0.0102
  batch 220/329 | loss=0.2066 light=0.2056 mat=0.0104
  batch 230/329 | loss=0.2471 light=0.2451 mat=0.0195
  batch 240/329 | loss=0.3852 light=0.3835 mat=0.0172
  batch 250/329 | loss=0.3670 light=0.3662 mat=0.0081
  batch 260/329 | loss=0.2214 light=0.2188 mat=0.0252
  batch 270/329 | loss=0.3220 light=0.3201 mat=0.0191
  batch 280/329 | loss=0.2189 light=0.2176 mat=0.0134
  batch 290/329 | loss=0.2884 light=0.2858 mat=0.0259
  batch 300/329 | loss=0.2539 light=0.2530 mat=0.0093
  batch 310/329 | loss=0.2570 light=0.2560 mat=0.0095
  batch 320/329 | loss=0.2568 light=0.2545 mat=0.0237
  train | loss=0.2595 light=0.2582 mat=0.0135
  val   | loss=0.2779 light=0.2767 mat=0.0118 mat_mae=0.0520
  -> new best model (val_loss=0.2779)

Epoch 9/50
  batch 10/329 | loss=0.2040 light=0.2017 mat=0.0234
  batch 20/329 | loss=0.2400 light=0.2387 mat=0.0129
  batch 30/329 | loss=0.2252 light=0.2234 mat=0.0184
  batch 40/329 | loss=0.2745 light=0.2734 mat=0.0112
  batch 50/329 | loss=0.2280 light=0.2269 mat=0.0103
  batch 60/329 | loss=0.2307 light=0.2294 mat=0.0122
  batch 70/329 | loss=0.2838 light=0.2831 mat=0.0063
  batch 80/329 | loss=0.2540 light=0.2529 mat=0.0111
  batch 90/329 | loss=0.2465 light=0.2454 mat=0.0102
  batch 100/329 | loss=0.1795 light=0.1781 mat=0.0139
  batch 110/329 | loss=0.2141 light=0.2135 mat=0.0063
  batch 120/329 | loss=0.2402 light=0.2388 mat=0.0146
  batch 130/329 | loss=0.2117 light=0.2105 mat=0.0128
  batch 140/329 | loss=0.3340 light=0.3324 mat=0.0163
  batch 150/329 | loss=0.2536 light=0.2527 mat=0.0082
  batch 160/329 | loss=0.2068 light=0.2060 mat=0.0078
  batch 170/329 | loss=0.2031 light=0.2016 mat=0.0153
  batch 180/329 | loss=0.2558 light=0.2545 mat=0.0125
  batch 190/329 | loss=0.2023 light=0.2009 mat=0.0135
  batch 200/329 | loss=0.2744 light=0.2730 mat=0.0145
  batch 210/329 | loss=0.2239 light=0.2233 mat=0.0061
  batch 220/329 | loss=0.3399 light=0.3387 mat=0.0118
  batch 230/329 | loss=0.2308 light=0.2284 mat=0.0241
  batch 240/329 | loss=0.2364 light=0.2352 mat=0.0124
  batch 250/329 | loss=0.2281 light=0.2261 mat=0.0203
  batch 260/329 | loss=0.2255 light=0.2245 mat=0.0099
  batch 270/329 | loss=0.2259 light=0.2239 mat=0.0198
  batch 280/329 | loss=0.2089 light=0.2077 mat=0.0115
  batch 290/329 | loss=0.2557 light=0.2536 mat=0.0205
  batch 300/329 | loss=0.3375 light=0.3361 mat=0.0139
  batch 310/329 | loss=0.2332 light=0.2320 mat=0.0119
  batch 320/329 | loss=0.2166 light=0.2154 mat=0.0122
  train | loss=0.2506 light=0.2493 mat=0.0125
  val   | loss=0.2744 light=0.2733 mat=0.0119 mat_mae=0.0513
  -> new best model (val_loss=0.2744)

Epoch 10/50
  batch 10/329 | loss=0.3042 light=0.3024 mat=0.0180
  batch 20/329 | loss=0.2550 light=0.2534 mat=0.0156
  batch 30/329 | loss=0.1957 light=0.1942 mat=0.0142
  batch 40/329 | loss=0.2615 light=0.2606 mat=0.0090
  batch 50/329 | loss=0.1966 light=0.1957 mat=0.0086
  batch 60/329 | loss=0.3341 light=0.3325 mat=0.0159
  batch 70/329 | loss=0.2502 light=0.2482 mat=0.0203
  batch 80/329 | loss=0.2906 light=0.2894 mat=0.0121
  batch 90/329 | loss=0.2668 light=0.2660 mat=0.0085
  batch 100/329 | loss=0.2510 light=0.2483 mat=0.0269
  batch 110/329 | loss=0.1976 light=0.1965 mat=0.0105
  batch 120/329 | loss=0.2335 light=0.2306 mat=0.0290
  batch 130/329 | loss=0.3390 light=0.3383 mat=0.0069
  batch 140/329 | loss=0.2158 light=0.2148 mat=0.0100
  batch 150/329 | loss=0.1952 light=0.1945 mat=0.0074
  batch 160/329 | loss=0.2052 light=0.2041 mat=0.0106
  batch 170/329 | loss=0.2180 light=0.2173 mat=0.0067
  batch 180/329 | loss=0.2577 light=0.2561 mat=0.0162
  batch 190/329 | loss=0.2266 light=0.2259 mat=0.0066
  batch 200/329 | loss=0.1976 light=0.1966 mat=0.0107
  batch 210/329 | loss=0.1943 light=0.1934 mat=0.0088
  batch 220/329 | loss=0.1974 light=0.1961 mat=0.0130
  batch 230/329 | loss=0.2903 light=0.2875 mat=0.0276
  batch 240/329 | loss=0.2439 light=0.2428 mat=0.0108
  batch 250/329 | loss=0.2318 light=0.2307 mat=0.0102
  batch 260/329 | loss=0.3059 light=0.3043 mat=0.0167
  batch 270/329 | loss=0.2385 light=0.2371 mat=0.0147
  batch 280/329 | loss=0.2259 light=0.2246 mat=0.0132
  batch 290/329 | loss=0.2514 light=0.2505 mat=0.0086
  batch 300/329 | loss=0.3384 light=0.3375 mat=0.0092
  batch 310/329 | loss=0.3160 light=0.3151 mat=0.0091
  batch 320/329 | loss=0.2334 light=0.2326 mat=0.0079
  train | loss=0.2449 light=0.2437 mat=0.0124
  val   | loss=0.2696 light=0.2684 mat=0.0116 mat_mae=0.0506
  -> new best model (val_loss=0.2696)

Epoch 11/50
  batch 10/329 | loss=0.3227 light=0.3199 mat=0.0289
  batch 20/329 | loss=0.1862 light=0.1852 mat=0.0105
  batch 30/329 | loss=0.1713 light=0.1705 mat=0.0078
  batch 40/329 | loss=0.2766 light=0.2756 mat=0.0106
  batch 50/329 | loss=0.1796 light=0.1782 mat=0.0144
  batch 60/329 | loss=0.3015 light=0.3005 mat=0.0105
  batch 70/329 | loss=0.3102 light=0.3086 mat=0.0158
  batch 80/329 | loss=0.2381 light=0.2372 mat=0.0090
  batch 90/329 | loss=0.1976 light=0.1969 mat=0.0071
  batch 100/329 | loss=0.2864 light=0.2854 mat=0.0097
  batch 110/329 | loss=0.1999 light=0.1990 mat=0.0084
  batch 120/329 | loss=0.2884 light=0.2871 mat=0.0136
  batch 130/329 | loss=0.1626 light=0.1620 mat=0.0059
  batch 140/329 | loss=0.3015 light=0.3009 mat=0.0065
  batch 150/329 | loss=0.2040 light=0.2027 mat=0.0130
  batch 160/329 | loss=0.3125 light=0.3115 mat=0.0102
  batch 170/329 | loss=0.1875 light=0.1850 mat=0.0246
  batch 180/329 | loss=0.1554 light=0.1546 mat=0.0085
  batch 190/329 | loss=0.2815 light=0.2803 mat=0.0117
  batch 200/329 | loss=0.3003 light=0.2997 mat=0.0060
  batch 210/329 | loss=0.2290 light=0.2261 mat=0.0283
  batch 220/329 | loss=0.3115 light=0.3101 mat=0.0144
  batch 230/329 | loss=0.3389 light=0.3359 mat=0.0295
  batch 240/329 | loss=0.2439 light=0.2422 mat=0.0164
  batch 250/329 | loss=0.1995 light=0.1989 mat=0.0058
  batch 260/329 | loss=0.1691 light=0.1683 mat=0.0084
  batch 270/329 | loss=0.2813 light=0.2810 mat=0.0030
  batch 280/329 | loss=0.2500 light=0.2492 mat=0.0086
  batch 290/329 | loss=0.2309 light=0.2302 mat=0.0067
  batch 300/329 | loss=0.2140 light=0.2131 mat=0.0086
  batch 310/329 | loss=0.1679 light=0.1670 mat=0.0099
  batch 320/329 | loss=0.2295 light=0.2283 mat=0.0115
  train | loss=0.2364 light=0.2353 mat=0.0115
  val   | loss=0.2662 light=0.2652 mat=0.0104 mat_mae=0.0469
  -> new best model (val_loss=0.2662)

Epoch 12/50
  batch 10/329 | loss=0.1938 light=0.1931 mat=0.0075
  batch 20/329 | loss=0.2330 light=0.2321 mat=0.0087
  batch 30/329 | loss=0.2372 light=0.2368 mat=0.0046
  batch 40/329 | loss=0.1840 light=0.1831 mat=0.0088
  batch 50/329 | loss=0.2523 light=0.2517 mat=0.0059
  batch 60/329 | loss=0.1874 light=0.1856 mat=0.0183
  batch 70/329 | loss=0.1733 light=0.1722 mat=0.0106
  batch 80/329 | loss=0.2237 light=0.2224 mat=0.0132
  batch 90/329 | loss=0.2034 light=0.2023 mat=0.0112
  batch 100/329 | loss=0.2042 light=0.2036 mat=0.0055
  batch 110/329 | loss=0.3164 light=0.3151 mat=0.0129
  batch 120/329 | loss=0.2686 light=0.2671 mat=0.0155
  batch 130/329 | loss=0.3057 light=0.3043 mat=0.0141
  batch 140/329 | loss=0.2076 light=0.2064 mat=0.0112
  batch 150/329 | loss=0.2753 light=0.2740 mat=0.0131
  batch 160/329 | loss=0.2624 light=0.2614 mat=0.0101
  batch 170/329 | loss=0.2533 light=0.2517 mat=0.0167
  batch 180/329 | loss=0.3290 light=0.3284 mat=0.0058
  batch 190/329 | loss=0.2620 light=0.2605 mat=0.0150
  batch 200/329 | loss=0.2064 light=0.2056 mat=0.0079
  batch 210/329 | loss=0.2220 light=0.2206 mat=0.0140
  batch 220/329 | loss=0.2112 light=0.2106 mat=0.0061
  batch 230/329 | loss=0.2099 light=0.2094 mat=0.0052
  batch 240/329 | loss=0.1537 light=0.1529 mat=0.0073
  batch 250/329 | loss=0.1964 light=0.1952 mat=0.0120
  batch 260/329 | loss=0.1729 light=0.1722 mat=0.0065
  batch 270/329 | loss=0.1924 light=0.1917 mat=0.0077
  batch 280/329 | loss=0.2127 light=0.2113 mat=0.0133
  batch 290/329 | loss=0.2975 light=0.2969 mat=0.0059
  batch 300/329 | loss=0.1996 light=0.1984 mat=0.0119
  batch 310/329 | loss=0.2606 light=0.2596 mat=0.0100
  batch 320/329 | loss=0.2002 light=0.1993 mat=0.0097
  train | loss=0.2274 light=0.2263 mat=0.0103
  val   | loss=0.2593 light=0.2583 mat=0.0107 mat_mae=0.0474
  -> new best model (val_loss=0.2593)

Epoch 13/50
  batch 10/329 | loss=0.2670 light=0.2660 mat=0.0103
  batch 20/329 | loss=0.2139 light=0.2130 mat=0.0093
  batch 30/329 | loss=0.1522 light=0.1515 mat=0.0072
  batch 40/329 | loss=0.2116 light=0.2109 mat=0.0072
  batch 50/329 | loss=0.2194 light=0.2187 mat=0.0073
  batch 60/329 | loss=0.2210 light=0.2203 mat=0.0063
  batch 70/329 | loss=0.2207 light=0.2203 mat=0.0043
  batch 80/329 | loss=0.2472 light=0.2461 mat=0.0115
  batch 90/329 | loss=0.1727 light=0.1720 mat=0.0079
  batch 100/329 | loss=0.1885 light=0.1878 mat=0.0069
  batch 110/329 | loss=0.1382 light=0.1377 mat=0.0047
  batch 120/329 | loss=0.2249 light=0.2233 mat=0.0163
  batch 130/329 | loss=0.3048 light=0.3042 mat=0.0060
  batch 140/329 | loss=0.1916 light=0.1903 mat=0.0124
  batch 150/329 | loss=0.2182 light=0.2170 mat=0.0125
  batch 160/329 | loss=0.2130 light=0.2127 mat=0.0038
  batch 170/329 | loss=0.1950 light=0.1934 mat=0.0164
  batch 180/329 | loss=0.2129 light=0.2111 mat=0.0184
  batch 190/329 | loss=0.3176 light=0.3163 mat=0.0123
  batch 200/329 | loss=0.2537 light=0.2527 mat=0.0094
  batch 210/329 | loss=0.2336 light=0.2326 mat=0.0102
  batch 220/329 | loss=0.1902 light=0.1895 mat=0.0066
  batch 230/329 | loss=0.3293 light=0.3279 mat=0.0136
  batch 240/329 | loss=0.1531 light=0.1523 mat=0.0089
  batch 250/329 | loss=0.2603 light=0.2594 mat=0.0090
  batch 260/329 | loss=0.2409 light=0.2400 mat=0.0088
  batch 270/329 | loss=0.1932 light=0.1924 mat=0.0083
  batch 280/329 | loss=0.2050 light=0.2035 mat=0.0146
  batch 290/329 | loss=0.1836 light=0.1828 mat=0.0077
  batch 300/329 | loss=0.2185 light=0.2174 mat=0.0103
  batch 310/329 | loss=0.1947 light=0.1943 mat=0.0041
  batch 320/329 | loss=0.2535 light=0.2527 mat=0.0079
  train | loss=0.2199 light=0.2188 mat=0.0105
  val   | loss=0.2634 light=0.2624 mat=0.0097 mat_mae=0.0467

Epoch 14/50
  batch 10/329 | loss=0.3132 light=0.3119 mat=0.0133
  batch 20/329 | loss=0.2218 light=0.2202 mat=0.0160
  batch 30/329 | loss=0.1850 light=0.1838 mat=0.0120
  batch 40/329 | loss=0.1667 light=0.1655 mat=0.0125
  batch 50/329 | loss=0.1998 light=0.1992 mat=0.0068
  batch 60/329 | loss=0.2406 light=0.2401 mat=0.0055
  batch 70/329 | loss=0.2327 light=0.2315 mat=0.0122
  batch 80/329 | loss=0.1504 light=0.1499 mat=0.0052
  batch 90/329 | loss=0.1785 light=0.1778 mat=0.0064
  batch 100/329 | loss=0.2364 light=0.2356 mat=0.0073
  batch 110/329 | loss=0.1861 light=0.1854 mat=0.0064
  batch 120/329 | loss=0.2283 light=0.2277 mat=0.0059
  batch 130/329 | loss=0.2317 light=0.2308 mat=0.0085
  batch 140/329 | loss=0.1963 light=0.1958 mat=0.0051
  batch 150/329 | loss=0.1783 light=0.1774 mat=0.0089
  batch 160/329 | loss=0.2715 light=0.2709 mat=0.0064
  batch 170/329 | loss=0.2417 light=0.2404 mat=0.0124
  batch 180/329 | loss=0.2533 light=0.2529 mat=0.0039
  batch 190/329 | loss=0.1969 light=0.1956 mat=0.0132
  batch 200/329 | loss=0.2198 light=0.2193 mat=0.0055
  batch 210/329 | loss=0.1726 light=0.1715 mat=0.0114
  batch 220/329 | loss=0.2589 light=0.2580 mat=0.0089
  batch 230/329 | loss=0.1850 light=0.1842 mat=0.0079
  batch 240/329 | loss=0.1912 light=0.1903 mat=0.0094
  batch 250/329 | loss=0.2003 light=0.1994 mat=0.0092
  batch 260/329 | loss=0.1808 light=0.1803 mat=0.0053
  batch 270/329 | loss=0.2461 light=0.2451 mat=0.0103
  batch 280/329 | loss=0.1784 light=0.1771 mat=0.0135
  batch 290/329 | loss=0.2618 light=0.2611 mat=0.0067
  batch 300/329 | loss=0.1751 light=0.1738 mat=0.0128
  batch 310/329 | loss=0.1947 light=0.1936 mat=0.0105
  batch 320/329 | loss=0.1412 light=0.1397 mat=0.0153
  train | loss=0.2155 light=0.2145 mat=0.0096
  val   | loss=0.2583 light=0.2573 mat=0.0103 mat_mae=0.0475
  -> new best model (val_loss=0.2583)

Epoch 15/50
  batch 10/329 | loss=0.2020 light=0.2015 mat=0.0051
  batch 20/329 | loss=0.2097 light=0.2087 mat=0.0102
  batch 30/329 | loss=0.1651 light=0.1645 mat=0.0058
  batch 40/329 | loss=0.1448 light=0.1433 mat=0.0143
  batch 50/329 | loss=0.2629 light=0.2614 mat=0.0159
  batch 60/329 | loss=0.2486 light=0.2473 mat=0.0124
  batch 70/329 | loss=0.1736 light=0.1729 mat=0.0074
  batch 80/329 | loss=0.3068 light=0.3062 mat=0.0060
  batch 90/329 | loss=0.2567 light=0.2560 mat=0.0069
  batch 100/329 | loss=0.2039 light=0.2022 mat=0.0168
  batch 110/329 | loss=0.1572 light=0.1557 mat=0.0148
  batch 120/329 | loss=0.2415 light=0.2408 mat=0.0071
  batch 130/329 | loss=0.2208 light=0.2201 mat=0.0070
  batch 140/329 | loss=0.1962 light=0.1953 mat=0.0091
  batch 150/329 | loss=0.1474 light=0.1464 mat=0.0101
  batch 160/329 | loss=0.2014 light=0.2003 mat=0.0113
  batch 170/329 | loss=0.2758 light=0.2751 mat=0.0069
  batch 180/329 | loss=0.1854 light=0.1846 mat=0.0078
  batch 190/329 | loss=0.2250 light=0.2245 mat=0.0046
  batch 200/329 | loss=0.1573 light=0.1563 mat=0.0101
  batch 210/329 | loss=0.1638 light=0.1631 mat=0.0071
  batch 220/329 | loss=0.1541 light=0.1538 mat=0.0034
  batch 230/329 | loss=0.2913 light=0.2906 mat=0.0068
  batch 240/329 | loss=0.2346 light=0.2336 mat=0.0101
  batch 250/329 | loss=0.2723 light=0.2715 mat=0.0081
  batch 260/329 | loss=0.1460 light=0.1453 mat=0.0073
  batch 270/329 | loss=0.2099 light=0.2081 mat=0.0171
  batch 280/329 | loss=0.1542 light=0.1533 mat=0.0089
  batch 290/329 | loss=0.1698 light=0.1692 mat=0.0059C:\Program Files\Python314\Lib\site-packages\torchvision\models\_utils.py:208: UserWarning: The parameter 'pretrained' is deprecated since 0.13 and may be removed in the future, please use 'weights' instead.
  warnings.warn(
C:\Program Files\Python314\Lib\site-packages\torchvision\models\_utils.py:223: UserWarning: Arguments other than a weight enum or `None` for 'weights' are deprecated since 0.13 and may be removed in the future. The current behavior is equivalent to passing `weights=AlexNet_Weights.IMAGENET1K_V1`. You can also use `weights=AlexNet_Weights.DEFAULT` to get the most up-to-date weights.
  warnings.warn(msg)

  batch 300/329 | loss=0.2292 light=0.2284 mat=0.0088
  batch 310/329 | loss=0.2326 light=0.2320 mat=0.0069
  batch 320/329 | loss=0.2347 light=0.2331 mat=0.0157
  train | loss=0.2128 light=0.2119 mat=0.0097
  val   | loss=0.2512 light=0.2501 mat=0.0108 mat_mae=0.0477
  -> new best model (val_loss=0.2512)

Epoch 16/50
  batch 10/329 | loss=0.1702 light=0.1696 mat=0.0062
  batch 20/329 | loss=0.1974 light=0.1965 mat=0.0087
  batch 30/329 | loss=0.1579 light=0.1574 mat=0.0050
  batch 40/329 | loss=0.2178 light=0.2163 mat=0.0156
  batch 50/329 | loss=0.2816 light=0.2807 mat=0.0086
  batch 60/329 | loss=0.2328 light=0.2314 mat=0.0148
  batch 70/329 | loss=0.2391 light=0.2385 mat=0.0054
  batch 80/329 | loss=0.2127 light=0.2121 mat=0.0061
  batch 90/329 | loss=0.2425 light=0.2418 mat=0.0071
  batch 100/329 | loss=0.2061 light=0.2053 mat=0.0081
  batch 110/329 | loss=0.1437 light=0.1428 mat=0.0095
  batch 120/329 | loss=0.2230 light=0.2225 mat=0.0056
  batch 130/329 | loss=0.1676 light=0.1664 mat=0.0120
  batch 140/329 | loss=0.2570 light=0.2556 mat=0.0145
  batch 150/329 | loss=0.1548 light=0.1543 mat=0.0056
  batch 160/329 | loss=0.2108 light=0.2092 mat=0.0158
  batch 170/329 | loss=0.2183 light=0.2173 mat=0.0095
  batch 180/329 | loss=0.2447 light=0.2438 mat=0.0096
  batch 190/329 | loss=0.2694 light=0.2687 mat=0.0071
  batch 200/329 | loss=0.2384 light=0.2371 mat=0.0127
  batch 210/329 | loss=0.1855 light=0.1841 mat=0.0139
  batch 220/329 | loss=0.2483 light=0.2476 mat=0.0073
  batch 230/329 | loss=0.1906 light=0.1900 mat=0.0053
  batch 240/329 | loss=0.2313 light=0.2298 mat=0.0143
  batch 250/329 | loss=0.1755 light=0.1746 mat=0.0088
  batch 260/329 | loss=0.1535 light=0.1526 mat=0.0090
  batch 270/329 | loss=0.2327 light=0.2319 mat=0.0078
  batch 280/329 | loss=0.2223 light=0.2218 mat=0.0056
  batch 290/329 | loss=0.1599 light=0.1586 mat=0.0136
  batch 300/329 | loss=0.1397 light=0.1385 mat=0.0114
  batch 310/329 | loss=0.1659 light=0.1653 mat=0.0062
  batch 320/329 | loss=0.2503 light=0.2492 mat=0.0106
  train | loss=0.2082 light=0.2072 mat=0.0097
  val   | loss=0.2480 light=0.2470 mat=0.0101 mat_mae=0.0449
  -> new best model (val_loss=0.2480)

Epoch 17/50
  batch 10/329 | loss=0.1570 light=0.1564 mat=0.0068
  batch 20/329 | loss=0.1904 light=0.1896 mat=0.0077
  batch 30/329 | loss=0.1781 light=0.1771 mat=0.0103
  batch 40/329 | loss=0.2950 light=0.2938 mat=0.0117
  batch 50/329 | loss=0.2494 light=0.2486 mat=0.0080
  batch 60/329 | loss=0.1882 light=0.1876 mat=0.0058
  batch 70/329 | loss=0.1721 light=0.1708 mat=0.0129
  batch 80/329 | loss=0.1318 light=0.1314 mat=0.0045
  batch 90/329 | loss=0.2633 light=0.2623 mat=0.0098
  batch 100/329 | loss=0.1939 light=0.1930 mat=0.0090
  batch 110/329 | loss=0.1869 light=0.1860 mat=0.0091
  batch 120/329 | loss=0.2275 light=0.2256 mat=0.0182
  batch 130/329 | loss=0.1737 light=0.1729 mat=0.0077
  batch 140/329 | loss=0.1619 light=0.1607 mat=0.0123
  batch 150/329 | loss=0.1831 light=0.1823 mat=0.0082
  batch 160/329 | loss=0.2072 light=0.2053 mat=0.0193
  batch 170/329 | loss=0.1632 light=0.1620 mat=0.0114
  batch 180/329 | loss=0.1857 light=0.1849 mat=0.0085
  batch 190/329 | loss=0.1994 light=0.1990 mat=0.0046
  batch 200/329 | loss=0.1140 light=0.1136 mat=0.0040
  batch 210/329 | loss=0.2490 light=0.2476 mat=0.0142
  batch 220/329 | loss=0.1508 light=0.1501 mat=0.0067
  batch 230/329 | loss=0.2335 light=0.2324 mat=0.0112
  batch 240/329 | loss=0.2021 light=0.2013 mat=0.0075
  batch 250/329 | loss=0.1542 light=0.1536 mat=0.0062
  batch 260/329 | loss=0.2130 light=0.2125 mat=0.0047
  batch 270/329 | loss=0.2071 light=0.2064 mat=0.0063
  batch 280/329 | loss=0.2509 light=0.2500 mat=0.0099
  batch 290/329 | loss=0.2214 light=0.2203 mat=0.0118
  batch 300/329 | loss=0.1493 light=0.1481 mat=0.0120
  batch 310/329 | loss=0.1343 light=0.1339 mat=0.0042
  batch 320/329 | loss=0.1739 light=0.1729 mat=0.0103
  train | loss=0.2028 light=0.2019 mat=0.0089
  val   | loss=0.2470 light=0.2461 mat=0.0095 mat_mae=0.0453
  -> new best model (val_loss=0.2470)

Epoch 18/50
  batch 10/329 | loss=0.1664 light=0.1658 mat=0.0060
  batch 20/329 | loss=0.2009 light=0.1998 mat=0.0113
  batch 30/329 | loss=0.2440 light=0.2430 mat=0.0093
  batch 40/329 | loss=0.1850 light=0.1839 mat=0.0111
  batch 50/329 | loss=0.1549 light=0.1539 mat=0.0101
  batch 60/329 | loss=0.1869 light=0.1860 mat=0.0088
  batch 70/329 | loss=0.1749 light=0.1744 mat=0.0048
  batch 80/329 | loss=0.1668 light=0.1662 mat=0.0063
  batch 90/329 | loss=0.2560 light=0.2551 mat=0.0090
  batch 100/329 | loss=0.2312 light=0.2304 mat=0.0080
  batch 110/329 | loss=0.1687 light=0.1678 mat=0.0092
  batch 120/329 | loss=0.2007 light=0.1998 mat=0.0091
  batch 130/329 | loss=0.2168 light=0.2160 mat=0.0085
  batch 140/329 | loss=0.1776 light=0.1767 mat=0.0097
  batch 150/329 | loss=0.2865 light=0.2854 mat=0.0104
  batch 160/329 | loss=0.1811 light=0.1804 mat=0.0070
  batch 170/329 | loss=0.1946 light=0.1940 mat=0.0054
  batch 180/329 | loss=0.1655 light=0.1650 mat=0.0052
  batch 190/329 | loss=0.2267 light=0.2254 mat=0.0137
  batch 200/329 | loss=0.2640 light=0.2633 mat=0.0069
  batch 210/329 | loss=0.1678 light=0.1673 mat=0.0053
  batch 220/329 | loss=0.1861 light=0.1857 mat=0.0041
  batch 230/329 | loss=0.2644 light=0.2635 mat=0.0091
  batch 240/329 | loss=0.1392 light=0.1387 mat=0.0045
  batch 250/329 | loss=0.1831 light=0.1823 mat=0.0070
  batch 260/329 | loss=0.1450 light=0.1435 mat=0.0157
  batch 270/329 | loss=0.2085 light=0.2075 mat=0.0092
  batch 280/329 | loss=0.1686 light=0.1679 mat=0.0074
  batch 290/329 | loss=0.2500 light=0.2491 mat=0.0088
  batch 300/329 | loss=0.1940 light=0.1930 mat=0.0098
  batch 310/329 | loss=0.2026 light=0.2018 mat=0.0077
  batch 320/329 | loss=0.1933 light=0.1915 mat=0.0178
  train | loss=0.1987 light=0.1979 mat=0.0083
  val   | loss=0.2464 light=0.2454 mat=0.0098 mat_mae=0.0432
  -> new best model (val_loss=0.2464)

Epoch 19/50
  batch 10/329 | loss=0.2292 light=0.2284 mat=0.0085
  batch 20/329 | loss=0.1887 light=0.1874 mat=0.0122
  batch 30/329 | loss=0.2365 light=0.2353 mat=0.0121
  batch 40/329 | loss=0.1614 light=0.1605 mat=0.0086
  batch 50/329 | loss=0.1302 light=0.1296 mat=0.0061
  batch 60/329 | loss=0.2207 light=0.2186 mat=0.0207
  batch 70/329 | loss=0.1729 light=0.1723 mat=0.0065
  batch 80/329 | loss=0.1490 light=0.1483 mat=0.0075
  batch 90/329 | loss=0.1506 light=0.1499 mat=0.0075
  batch 100/329 | loss=0.2084 light=0.2070 mat=0.0138
  batch 110/329 | loss=0.1857 light=0.1851 mat=0.0055
  batch 120/329 | loss=0.1976 light=0.1957 mat=0.0186
  batch 130/329 | loss=0.1978 light=0.1969 mat=0.0087
  batch 140/329 | loss=0.1833 light=0.1827 mat=0.0054
  batch 150/329 | loss=0.1661 light=0.1651 mat=0.0105
  batch 160/329 | loss=0.1808 light=0.1804 mat=0.0043
  batch 170/329 | loss=0.1984 light=0.1980 mat=0.0031
  batch 180/329 | loss=0.2318 light=0.2314 mat=0.0037
  batch 190/329 | loss=0.1800 light=0.1788 mat=0.0126
  batch 200/329 | loss=0.1545 light=0.1538 mat=0.0077
  batch 210/329 | loss=0.1778 light=0.1772 mat=0.0053
  batch 220/329 | loss=0.2741 light=0.2732 mat=0.0096
  batch 230/329 | loss=0.3433 light=0.3425 mat=0.0075
  batch 240/329 | loss=0.1655 light=0.1649 mat=0.0055
  batch 250/329 | loss=0.1807 light=0.1789 mat=0.0174
  batch 260/329 | loss=0.3044 light=0.3031 mat=0.0127
  batch 270/329 | loss=0.2169 light=0.2160 mat=0.0086
  batch 280/329 | loss=0.1686 light=0.1680 mat=0.0053
  batch 290/329 | loss=0.1857 light=0.1849 mat=0.0082
  batch 300/329 | loss=0.2046 light=0.2040 mat=0.0058
  batch 310/329 | loss=0.1662 light=0.1655 mat=0.0064
  batch 320/329 | loss=0.2790 light=0.2781 mat=0.0090
  train | loss=0.1963 light=0.1955 mat=0.0083
  val   | loss=0.2426 light=0.2417 mat=0.0094 mat_mae=0.0439
  -> new best model (val_loss=0.2426)

Epoch 20/50
  batch 10/329 | loss=0.1961 light=0.1955 mat=0.0060
  batch 20/329 | loss=0.1842 light=0.1833 mat=0.0083
  batch 30/329 | loss=0.2274 light=0.2265 mat=0.0092
  batch 40/329 | loss=0.1490 light=0.1485 mat=0.0053
  batch 50/329 | loss=0.2059 light=0.2050 mat=0.0083
  batch 60/329 | loss=0.2071 light=0.2067 mat=0.0049
  batch 70/329 | loss=0.2015 light=0.2004 mat=0.0112
  batch 80/329 | loss=0.1311 light=0.1304 mat=0.0074
  batch 90/329 | loss=0.1624 light=0.1618 mat=0.0055
  batch 100/329 | loss=0.2148 light=0.2138 mat=0.0095
  batch 110/329 | loss=0.1571 light=0.1564 mat=0.0074
  batch 120/329 | loss=0.2032 light=0.2018 mat=0.0141
  batch 130/329 | loss=0.1298 light=0.1286 mat=0.0125
  batch 140/329 | loss=0.1760 light=0.1751 mat=0.0092
  batch 150/329 | loss=0.2192 light=0.2186 mat=0.0067
  batch 160/329 | loss=0.2089 light=0.2080 mat=0.0096
  batch 170/329 | loss=0.1592 light=0.1580 mat=0.0124
  batch 180/329 | loss=0.1684 light=0.1679 mat=0.0054
  batch 190/329 | loss=0.2082 light=0.2074 mat=0.0074
  batch 200/329 | loss=0.2762 light=0.2750 mat=0.0119
  batch 210/329 | loss=0.1839 light=0.1830 mat=0.0092
  batch 220/329 | loss=0.1457 light=0.1446 mat=0.0113
  batch 230/329 | loss=0.2072 light=0.2058 mat=0.0136
  batch 240/329 | loss=0.2517 light=0.2513 mat=0.0044
  batch 250/329 | loss=0.1836 light=0.1829 mat=0.0071
  batch 260/329 | loss=0.2227 light=0.2221 mat=0.0058
  batch 270/329 | loss=0.2069 light=0.2065 mat=0.0036
  batch 280/329 | loss=0.1836 light=0.1827 mat=0.0088
  batch 290/329 | loss=0.1655 light=0.1651 mat=0.0041
  batch 300/329 | loss=0.2077 light=0.2069 mat=0.0074
  batch 310/329 | loss=0.2309 light=0.2305 mat=0.0044
  batch 320/329 | loss=0.2424 light=0.2416 mat=0.0075
  train | loss=0.1912 light=0.1904 mat=0.0086
  val   | loss=0.2418 light=0.2409 mat=0.0090 mat_mae=0.0421
  -> new best model (val_loss=0.2418)

Epoch 21/50
  batch 10/329 | loss=0.2620 light=0.2601 mat=0.0189
  batch 20/329 | loss=0.1431 light=0.1420 mat=0.0116
  batch 30/329 | loss=0.1936 light=0.1928 mat=0.0081
  batch 40/329 | loss=0.2013 light=0.2005 mat=0.0080
  batch 50/329 | loss=0.1458 light=0.1453 mat=0.0051
  batch 60/329 | loss=0.1806 light=0.1799 mat=0.0071
  batch 70/329 | loss=0.2489 light=0.2482 mat=0.0074
  batch 80/329 | loss=0.1756 light=0.1748 mat=0.0073
  batch 90/329 | loss=0.1328 light=0.1321 mat=0.0067
  batch 100/329 | loss=0.1611 light=0.1599 mat=0.0120
  batch 110/329 | loss=0.2427 light=0.2416 mat=0.0119
  batch 120/329 | loss=0.2586 light=0.2570 mat=0.0158
  batch 130/329 | loss=0.1915 light=0.1911 mat=0.0038
  batch 140/329 | loss=0.2511 light=0.2500 mat=0.0110
  batch 150/329 | loss=0.1936 light=0.1923 mat=0.0130
  batch 160/329 | loss=0.2716 light=0.2709 mat=0.0068
  batch 170/329 | loss=0.2431 light=0.2424 mat=0.0068
  batch 180/329 | loss=0.2303 light=0.2298 mat=0.0056
  batch 190/329 | loss=0.1901 light=0.1894 mat=0.0073
  batch 200/329 | loss=0.1613 light=0.1604 mat=0.0091
  batch 210/329 | loss=0.1683 light=0.1677 mat=0.0058
  batch 220/329 | loss=0.2168 light=0.2161 mat=0.0071
  batch 230/329 | loss=0.2327 light=0.2322 mat=0.0057
  batch 240/329 | loss=0.1584 light=0.1577 mat=0.0074
  batch 250/329 | loss=0.1801 light=0.1793 mat=0.0079
  batch 260/329 | loss=0.2058 light=0.2053 mat=0.0051
  batch 270/329 | loss=0.2030 light=0.2026 mat=0.0045
  batch 280/329 | loss=0.1570 light=0.1562 mat=0.0087
  batch 290/329 | loss=0.3053 light=0.3044 mat=0.0095
  batch 300/329 | loss=0.1375 light=0.1370 mat=0.0051
  batch 310/329 | loss=0.2111 light=0.2103 mat=0.0077
  batch 320/329 | loss=0.1575 light=0.1564 mat=0.0103
  train | loss=0.1890 light=0.1882 mat=0.0080
  val   | loss=0.2443 light=0.2434 mat=0.0089 mat_mae=0.0419

Epoch 22/50
  batch 10/329 | loss=0.1530 light=0.1526 mat=0.0040
  batch 20/329 | loss=0.2026 light=0.2021 mat=0.0059
  batch 30/329 | loss=0.1342 light=0.1336 mat=0.0055
  batch 40/329 | loss=0.2964 light=0.2960 mat=0.0045
  batch 50/329 | loss=0.1431 light=0.1425 mat=0.0065
  batch 60/329 | loss=0.1734 light=0.1730 mat=0.0039
  batch 70/329 | loss=0.2815 light=0.2811 mat=0.0044
  batch 80/329 | loss=0.2084 light=0.2081 mat=0.0030
  batch 90/329 | loss=0.1564 light=0.1557 mat=0.0068
  batch 100/329 | loss=0.2039 light=0.2035 mat=0.0042
  batch 110/329 | loss=0.2686 light=0.2680 mat=0.0066
  batch 120/329 | loss=0.1211 light=0.1205 mat=0.0062
  batch 130/329 | loss=0.1548 light=0.1541 mat=0.0072
  batch 140/329 | loss=0.1775 light=0.1768 mat=0.0075
  batch 150/329 | loss=0.1945 light=0.1938 mat=0.0062
  batch 160/329 | loss=0.1515 light=0.1506 mat=0.0090
  batch 170/329 | loss=0.1987 light=0.1981 mat=0.0059
  batch 180/329 | loss=0.1526 light=0.1517 mat=0.0096
  batch 190/329 | loss=0.1647 light=0.1641 mat=0.0063
  batch 200/329 | loss=0.1655 light=0.1649 mat=0.0061
  batch 210/329 | loss=0.2039 light=0.2030 mat=0.0092
  batch 220/329 | loss=0.2872 light=0.2867 mat=0.0050
  batch 230/329 | loss=0.1628 light=0.1619 mat=0.0085
  batch 240/329 | loss=0.2096 light=0.2089 mat=0.0072
  batch 250/329 | loss=0.1768 light=0.1761 mat=0.0075
  batch 260/329 | loss=0.1680 light=0.1674 mat=0.0062
  batch 270/329 | loss=0.1314 light=0.1312 mat=0.0024
  batch 280/329 | loss=0.1814 light=0.1808 mat=0.0058
  batch 290/329 | loss=0.2035 light=0.2025 mat=0.0092
  batch 300/329 | loss=0.2074 light=0.2064 mat=0.0097
  batch 310/329 | loss=0.1277 light=0.1271 mat=0.0059
  batch 320/329 | loss=0.1982 light=0.1977 mat=0.0055
  train | loss=0.1841 light=0.1833 mat=0.0075
  val   | loss=0.2385 light=0.2376 mat=0.0088 mat_mae=0.0413
  -> new best model (val_loss=0.2385)

Epoch 23/50
  batch 10/329 | loss=0.2799 light=0.2785 mat=0.0138
  batch 20/329 | loss=0.1238 light=0.1229 mat=0.0085
  batch 30/329 | loss=0.1759 light=0.1752 mat=0.0066
  batch 40/329 | loss=0.1686 light=0.1681 mat=0.0057
  batch 50/329 | loss=0.1399 light=0.1390 mat=0.0089
  batch 60/329 | loss=0.2593 light=0.2586 mat=0.0074
  batch 70/329 | loss=0.1896 light=0.1884 mat=0.0117
  batch 80/329 | loss=0.1144 light=0.1136 mat=0.0080
  batch 90/329 | loss=0.1195 light=0.1187 mat=0.0085
  batch 100/329 | loss=0.1439 light=0.1430 mat=0.0091
  batch 110/329 | loss=0.2296 light=0.2288 mat=0.0084
  batch 120/329 | loss=0.1859 light=0.1846 mat=0.0132
  batch 130/329 | loss=0.1581 light=0.1573 mat=0.0079
  batch 140/329 | loss=0.2111 light=0.2102 mat=0.0094
  batch 150/329 | loss=0.2080 light=0.2066 mat=0.0137
  batch 160/329 | loss=0.1960 light=0.1955 mat=0.0050
  batch 170/329 | loss=0.1098 light=0.1095 mat=0.0037
  batch 180/329 | loss=0.1616 light=0.1604 mat=0.0124
  batch 190/329 | loss=0.1867 light=0.1863 mat=0.0045
  batch 200/329 | loss=0.1930 light=0.1925 mat=0.0046
  batch 210/329 | loss=0.1288 light=0.1283 mat=0.0043
  batch 220/329 | loss=0.1471 light=0.1466 mat=0.0044
  batch 230/329 | loss=0.1806 light=0.1802 mat=0.0043
  batch 240/329 | loss=0.2740 light=0.2735 mat=0.0049
  batch 250/329 | loss=0.1962 light=0.1958 mat=0.0046
  batch 260/329 | loss=0.2601 light=0.2590 mat=0.0103
  batch 270/329 | loss=0.2233 light=0.2228 mat=0.0050
  batch 280/329 | loss=0.1734 light=0.1732 mat=0.0028
  batch 290/329 | loss=0.1909 light=0.1905 mat=0.0036
  batch 300/329 | loss=0.1399 light=0.1390 mat=0.0081
  batch 310/329 | loss=0.1715 light=0.1707 mat=0.0086
  batch 320/329 | loss=0.1910 light=0.1901 mat=0.0087
  train | loss=0.1801 light=0.1793 mat=0.0073
  val   | loss=0.2436 light=0.2427 mat=0.0092 mat_mae=0.0427

Epoch 24/50
  batch 10/329 | loss=0.1862 light=0.1857 mat=0.0051
  batch 20/329 | loss=0.2021 light=0.2017 mat=0.0043
  batch 30/329 | loss=0.2426 light=0.2418 mat=0.0072
  batch 40/329 | loss=0.1763 light=0.1760 mat=0.0031
  batch 50/329 | loss=0.1410 light=0.1404 mat=0.0056
  batch 60/329 | loss=0.1088 light=0.1080 mat=0.0079
  batch 70/329 | loss=0.1801 light=0.1791 mat=0.0098
  batch 80/329 | loss=0.1577 light=0.1574 mat=0.0037
  batch 90/329 | loss=0.2497 light=0.2488 mat=0.0082
  batch 100/329 | loss=0.1508 light=0.1502 mat=0.0053
  batch 110/329 | loss=0.1531 light=0.1528 mat=0.0030
  batch 120/329 | loss=0.1761 light=0.1756 mat=0.0045
  batch 130/329 | loss=0.1574 light=0.1556 mat=0.0186
  batch 140/329 | loss=0.1772 light=0.1764 mat=0.0076
  batch 150/329 | loss=0.1576 light=0.1569 mat=0.0077
  batch 160/329 | loss=0.1854 light=0.1845 mat=0.0083
  batch 170/329 | loss=0.1983 light=0.1973 mat=0.0101
  batch 180/329 | loss=0.1710 light=0.1705 mat=0.0041
  batch 190/329 | loss=0.1761 light=0.1753 mat=0.0084
  batch 200/329 | loss=0.1797 light=0.1793 mat=0.0044
  batch 210/329 | loss=0.1449 light=0.1438 mat=0.0107
  batch 220/329 | loss=0.2172 light=0.2164 mat=0.0080
  batch 230/329 | loss=0.1669 light=0.1659 mat=0.0107
  batch 240/329 | loss=0.1945 light=0.1937 mat=0.0083
  batch 250/329 | loss=0.1946 light=0.1941 mat=0.0057
  batch 260/329 | loss=0.2239 light=0.2230 mat=0.0090
  batch 270/329 | loss=0.1593 light=0.1589 mat=0.0035
  batch 280/329 | loss=0.1611 light=0.1606 mat=0.0050
  batch 290/329 | loss=0.1585 light=0.1575 mat=0.0091
  batch 300/329 | loss=0.2922 light=0.2912 mat=0.0102
  batch 310/329 | loss=0.1288 light=0.1282 mat=0.0063
  batch 320/329 | loss=0.1641 light=0.1634 mat=0.0069
  train | loss=0.1778 light=0.1771 mat=0.0074
  val   | loss=0.2375 light=0.2366 mat=0.0091 mat_mae=0.0407
  -> new best model (val_loss=0.2375)

Epoch 25/50
  batch 10/329 | loss=0.1667 light=0.1663 mat=0.0048
  batch 20/329 | loss=0.3024 light=0.3013 mat=0.0112
  batch 30/329 | loss=0.2502 light=0.2494 mat=0.0082
  batch 40/329 | loss=0.1122 light=0.1109 mat=0.0138
  batch 50/329 | loss=0.1615 light=0.1605 mat=0.0098
  batch 60/329 | loss=0.1568 light=0.1560 mat=0.0075
  batch 70/329 | loss=0.2267 light=0.2259 mat=0.0077
  batch 80/329 | loss=0.1819 light=0.1815 mat=0.0036
  batch 90/329 | loss=0.1891 light=0.1883 mat=0.0087
  batch 100/329 | loss=0.1953 light=0.1947 mat=0.0069
  batch 110/329 | loss=0.1763 light=0.1756 mat=0.0071
  batch 120/329 | loss=0.1503 light=0.1501 mat=0.0028
  batch 130/329 | loss=0.1954 light=0.1950 mat=0.0046
  batch 140/329 | loss=0.1578 light=0.1573 mat=0.0049
  batch 150/329 | loss=0.1839 light=0.1834 mat=0.0052
  batch 160/329 | loss=0.1690 light=0.1684 mat=0.0058
  batch 170/329 | loss=0.1996 light=0.1989 mat=0.0073
  batch 180/329 | loss=0.1926 light=0.1918 mat=0.0086
  batch 190/329 | loss=0.2077 light=0.2071 mat=0.0056
  batch 200/329 | loss=0.1509 light=0.1504 mat=0.0048
  batch 210/329 | loss=0.1652 light=0.1645 mat=0.0064
  batch 220/329 | loss=0.2249 light=0.2243 mat=0.0052
  batch 230/329 | loss=0.1609 light=0.1602 mat=0.0066
  batch 240/329 | loss=0.1584 light=0.1577 mat=0.0069
  batch 250/329 | loss=0.1829 light=0.1822 mat=0.0074
  batch 260/329 | loss=0.2722 light=0.2715 mat=0.0075
  batch 270/329 | loss=0.1770 light=0.1763 mat=0.0067
  batch 280/329 | loss=0.1790 light=0.1784 mat=0.0059
  batch 290/329 | loss=0.1501 light=0.1493 mat=0.0085
  batch 300/329 | loss=0.1423 light=0.1416 mat=0.0063
  batch 310/329 | loss=0.1912 light=0.1908 mat=0.0044
  batch 320/329 | loss=0.1364 light=0.1358 mat=0.0053
  train | loss=0.1746 light=0.1739 mat=0.0071
  val   | loss=0.2380 light=0.2371 mat=0.0097 mat_mae=0.0416

Epoch 26/50
  batch 10/329 | loss=0.1728 light=0.1720 mat=0.0077
  batch 20/329 | loss=0.2269 light=0.2264 mat=0.0052
  batch 30/329 | loss=0.2035 light=0.2028 mat=0.0073
  batch 40/329 | loss=0.2350 light=0.2339 mat=0.0106
  batch 50/329 | loss=0.1377 light=0.1369 mat=0.0073
  batch 60/329 | loss=0.1852 light=0.1846 mat=0.0062
  batch 70/329 | loss=0.1585 light=0.1578 mat=0.0068
  batch 80/329 | loss=0.1690 light=0.1682 mat=0.0089
  batch 90/329 | loss=0.1300 light=0.1289 mat=0.0108
  batch 100/329 | loss=0.1982 light=0.1980 mat=0.0023
  batch 110/329 | loss=0.1176 light=0.1167 mat=0.0091
  batch 120/329 | loss=0.1623 light=0.1617 mat=0.0060
  batch 130/329 | loss=0.1608 light=0.1596 mat=0.0119
  batch 140/329 | loss=0.1282 light=0.1274 mat=0.0081
  batch 150/329 | loss=0.1562 light=0.1559 mat=0.0035
  batch 160/329 | loss=0.1560 light=0.1553 mat=0.0071
  batch 170/329 | loss=0.2158 light=0.2153 mat=0.0042
  batch 180/329 | loss=0.1938 light=0.1931 mat=0.0068
  batch 190/329 | loss=0.1238 light=0.1230 mat=0.0085
  batch 200/329 | loss=0.1514 light=0.1508 mat=0.0066
  batch 210/329 | loss=0.1460 light=0.1456 mat=0.0044
  batch 220/329 | loss=0.2698 light=0.2687 mat=0.0106
  batch 230/329 | loss=0.1542 light=0.1535 mat=0.0072
  batch 240/329 | loss=0.2359 light=0.2353 mat=0.0063
  batch 250/329 | loss=0.2323 light=0.2317 mat=0.0066
  batch 260/329 | loss=0.1272 light=0.1269 mat=0.0033
  batch 270/329 | loss=0.1567 light=0.1562 mat=0.0049
  batch 280/329 | loss=0.1316 light=0.1309 mat=0.0075
  batch 290/329 | loss=0.1782 light=0.1772 mat=0.0102
  batch 300/329 | loss=0.1564 light=0.1557 mat=0.0068
  batch 310/329 | loss=0.1860 light=0.1856 mat=0.0045
  batch 320/329 | loss=0.1695 light=0.1688 mat=0.0075
  train | loss=0.1729 light=0.1722 mat=0.0068
  val   | loss=0.2375 light=0.2367 mat=0.0083 mat_mae=0.0392

Epoch 27/50
  batch 10/329 | loss=0.1698 light=0.1692 mat=0.0065
  batch 20/329 | loss=0.2070 light=0.2057 mat=0.0131
  batch 30/329 | loss=0.2061 light=0.2050 mat=0.0101
  batch 40/329 | loss=0.1567 light=0.1561 mat=0.0056
  batch 50/329 | loss=0.2347 light=0.2337 mat=0.0102
  batch 60/329 | loss=0.1315 light=0.1308 mat=0.0069
  batch 70/329 | loss=0.1690 light=0.1685 mat=0.0050
  batch 80/329 | loss=0.1987 light=0.1980 mat=0.0071
  batch 90/329 | loss=0.1249 light=0.1239 mat=0.0101
  batch 100/329 | loss=0.1246 light=0.1241 mat=0.0055
  batch 110/329 | loss=0.1490 light=0.1477 mat=0.0129
  batch 120/329 | loss=0.1967 light=0.1960 mat=0.0069
  batch 130/329 | loss=0.2028 light=0.2021 mat=0.0072
  batch 140/329 | loss=0.1681 light=0.1676 mat=0.0044
  batch 150/329 | loss=0.2072 light=0.2069 mat=0.0034
  batch 160/329 | loss=0.1718 light=0.1713 mat=0.0041
  batch 170/329 | loss=0.2255 light=0.2246 mat=0.0088
  batch 180/329 | loss=0.1960 light=0.1952 mat=0.0083
  batch 190/329 | loss=0.1529 light=0.1521 mat=0.0083
  batch 200/329 | loss=0.2200 light=0.2191 mat=0.0088
  batch 210/329 | loss=0.1684 light=0.1676 mat=0.0083
  batch 220/329 | loss=0.1385 light=0.1379 mat=0.0058
  batch 230/329 | loss=0.1619 light=0.1616 mat=0.0039
  batch 240/329 | loss=0.1594 light=0.1586 mat=0.0074
  batch 250/329 | loss=0.1284 light=0.1276 mat=0.0078
  batch 260/329 | loss=0.1503 light=0.1499 mat=0.0045
  batch 270/329 | loss=0.1465 light=0.1460 mat=0.0049
  batch 280/329 | loss=0.1943 light=0.1939 mat=0.0042
  batch 290/329 | loss=0.2139 light=0.2133 mat=0.0065
  batch 300/329 | loss=0.1535 light=0.1529 mat=0.0057
  batch 310/329 | loss=0.1403 light=0.1398 mat=0.0053
  batch 320/329 | loss=0.1265 light=0.1259 mat=0.0060
  train | loss=0.1693 light=0.1686 mat=0.0069
  val   | loss=0.2335 light=0.2326 mat=0.0087 mat_mae=0.0393
  -> new best model (val_loss=0.2335)

Epoch 28/50
  batch 10/329 | loss=0.1592 light=0.1580 mat=0.0127
  batch 20/329 | loss=0.1664 light=0.1650 mat=0.0141
  batch 30/329 | loss=0.1675 light=0.1669 mat=0.0060
  batch 40/329 | loss=0.2168 light=0.2161 mat=0.0065
  batch 50/329 | loss=0.1633 light=0.1631 mat=0.0018
  batch 60/329 | loss=0.1462 light=0.1455 mat=0.0070
  batch 70/329 | loss=0.1374 light=0.1363 mat=0.0104
  batch 80/329 | loss=0.1290 light=0.1282 mat=0.0079
  batch 90/329 | loss=0.2093 light=0.2088 mat=0.0048
  batch 100/329 | loss=0.1508 light=0.1498 mat=0.0102
  batch 110/329 | loss=0.1430 light=0.1426 mat=0.0037
  batch 120/329 | loss=0.1589 light=0.1581 mat=0.0082
  batch 130/329 | loss=0.1580 light=0.1575 mat=0.0045
  batch 140/329 | loss=0.1328 light=0.1323 mat=0.0053
  batch 150/329 | loss=0.1886 light=0.1880 mat=0.0068
  batch 160/329 | loss=0.2721 light=0.2717 mat=0.0040
  batch 170/329 | loss=0.1747 light=0.1737 mat=0.0097
  batch 180/329 | loss=0.1359 light=0.1352 mat=0.0065
  batch 190/329 | loss=0.1789 light=0.1779 mat=0.0103
  batch 200/329 | loss=0.1745 light=0.1741 mat=0.0041
  batch 210/329 | loss=0.1805 light=0.1798 mat=0.0069
  batch 220/329 | loss=0.1272 light=0.1266 mat=0.0066
  batch 230/329 | loss=0.1840 light=0.1834 mat=0.0060
  batch 240/329 | loss=0.1780 light=0.1774 mat=0.0060
  batch 250/329 | loss=0.1892 light=0.1886 mat=0.0059
  batch 260/329 | loss=0.1839 light=0.1834 mat=0.0053
  batch 270/329 | loss=0.1175 light=0.1170 mat=0.0049
  batch 280/329 | loss=0.1839 light=0.1833 mat=0.0057
  batch 290/329 | loss=0.2413 light=0.2407 mat=0.0063
  batch 300/329 | loss=0.1668 light=0.1661 mat=0.0063
  batch 310/329 | loss=0.1442 light=0.1437 mat=0.0050
  batch 320/329 | loss=0.1388 light=0.1385 mat=0.0036
  train | loss=0.1674 light=0.1667 mat=0.0070
  val   | loss=0.2367 light=0.2358 mat=0.0089 mat_mae=0.0399

Epoch 29/50
  batch 10/329 | loss=0.1526 light=0.1523 mat=0.0030
  batch 20/329 | loss=0.2538 light=0.2532 mat=0.0060
  batch 30/329 | loss=0.1553 light=0.1547 mat=0.0060
  batch 40/329 | loss=0.1884 light=0.1880 mat=0.0045
  batch 50/329 | loss=0.1369 light=0.1364 mat=0.0051
  batch 60/329 | loss=0.1781 light=0.1776 mat=0.0051
  batch 70/329 | loss=0.2248 light=0.2243 mat=0.0046
  batch 80/329 | loss=0.1417 light=0.1410 mat=0.0067
  batch 90/329 | loss=0.2638 light=0.2632 mat=0.0050
  batch 100/329 | loss=0.1625 light=0.1618 mat=0.0065
  batch 110/329 | loss=0.1224 light=0.1220 mat=0.0040
  batch 120/329 | loss=0.1837 light=0.1831 mat=0.0062
  batch 130/329 | loss=0.1479 light=0.1473 mat=0.0055
  batch 140/329 | loss=0.1550 light=0.1540 mat=0.0092
  batch 150/329 | loss=0.1583 light=0.1577 mat=0.0066
  batch 160/329 | loss=0.1886 light=0.1879 mat=0.0067
  batch 170/329 | loss=0.1113 light=0.1105 mat=0.0085
  batch 180/329 | loss=0.1695 light=0.1690 mat=0.0057
  batch 190/329 | loss=0.1715 light=0.1711 mat=0.0042
  batch 200/329 | loss=0.1493 light=0.1488 mat=0.0045
  batch 210/329 | loss=0.1671 light=0.1665 mat=0.0057
  batch 220/329 | loss=0.1806 light=0.1797 mat=0.0086
  batch 230/329 | loss=0.1148 light=0.1144 mat=0.0042
  batch 240/329 | loss=0.2273 light=0.2269 mat=0.0046
  batch 250/329 | loss=0.1348 light=0.1332 mat=0.0160
  batch 260/329 | loss=0.2154 light=0.2151 mat=0.0031
  batch 270/329 | loss=0.1388 light=0.1382 mat=0.0066
  batch 280/329 | loss=0.2416 light=0.2409 mat=0.0070
  batch 290/329 | loss=0.1769 light=0.1762 mat=0.0068
  batch 300/329 | loss=0.1330 light=0.1326 mat=0.0037
  batch 310/329 | loss=0.1489 light=0.1484 mat=0.0055
  batch 320/329 | loss=0.1759 light=0.1755 mat=0.0041
  train | loss=0.1681 light=0.1674 mat=0.0070
  val   | loss=0.2310 light=0.2301 mat=0.0086 mat_mae=0.0383
  -> new best model (val_loss=0.2310)

Epoch 30/50
  batch 10/329 | loss=0.1478 light=0.1466 mat=0.0120
  batch 20/329 | loss=0.1453 light=0.1446 mat=0.0065
  batch 30/329 | loss=0.1252 light=0.1248 mat=0.0038
  batch 40/329 | loss=0.1642 light=0.1635 mat=0.0072
  batch 50/329 | loss=0.1587 light=0.1582 mat=0.0046
  batch 60/329 | loss=0.1778 light=0.1773 mat=0.0050
  batch 70/329 | loss=0.2089 light=0.2084 mat=0.0050
  batch 80/329 | loss=0.1144 light=0.1140 mat=0.0040
  batch 90/329 | loss=0.1425 light=0.1417 mat=0.0082
  batch 100/329 | loss=0.2439 light=0.2435 mat=0.0047
  batch 110/329 | loss=0.1803 light=0.1798 mat=0.0047
  batch 120/329 | loss=0.1453 light=0.1443 mat=0.0099
  batch 130/329 | loss=0.1827 light=0.1822 mat=0.0052
  batch 140/329 | loss=0.1597 light=0.1592 mat=0.0048
  batch 150/329 | loss=0.1608 light=0.1598 mat=0.0102
  batch 160/329 | loss=0.1538 light=0.1533 mat=0.0047
  batch 170/329 | loss=0.1652 light=0.1649 mat=0.0036
  batch 180/329 | loss=0.1716 light=0.1709 mat=0.0073
  batch 190/329 | loss=0.1628 light=0.1619 mat=0.0089
  batch 200/329 | loss=0.2391 light=0.2384 mat=0.0067
  batch 210/329 | loss=0.1944 light=0.1937 mat=0.0071
  batch 220/329 | loss=0.1478 light=0.1472 mat=0.0061
  batch 230/329 | loss=0.1324 light=0.1315 mat=0.0088
  batch 240/329 | loss=0.1667 light=0.1662 mat=0.0046
  batch 250/329 | loss=0.1305 light=0.1300 mat=0.0049
  batch 260/329 | loss=0.1390 light=0.1383 mat=0.0066
  batch 270/329 | loss=0.1173 light=0.1167 mat=0.0066
  batch 280/329 | loss=0.1477 light=0.1472 mat=0.0050
  batch 290/329 | loss=0.1828 light=0.1818 mat=0.0099
  batch 300/329 | loss=0.1642 light=0.1638 mat=0.0044
  batch 310/329 | loss=0.2331 light=0.2318 mat=0.0132
  batch 320/329 | loss=0.1440 light=0.1432 mat=0.0086
  train | loss=0.1635 light=0.1628 mat=0.0067
  val   | loss=0.2343 light=0.2334 mat=0.0091 mat_mae=0.0393

Epoch 31/50
  batch 10/329 | loss=0.1597 light=0.1590 mat=0.0070
  batch 20/329 | loss=0.1558 light=0.1552 mat=0.0056
  batch 30/329 | loss=0.1456 light=0.1448 mat=0.0076
  batch 40/329 | loss=0.1473 light=0.1465 mat=0.0072
  batch 50/329 | loss=0.1494 light=0.1484 mat=0.0100
  batch 60/329 | loss=0.1542 light=0.1538 mat=0.0037
  batch 70/329 | loss=0.1606 light=0.1601 mat=0.0054
  batch 80/329 | loss=0.2425 light=0.2418 mat=0.0073
  batch 90/329 | loss=0.1320 light=0.1311 mat=0.0084
  batch 100/329 | loss=0.1221 light=0.1217 mat=0.0044
  batch 110/329 | loss=0.1606 light=0.1601 mat=0.0049
  batch 120/329 | loss=0.1545 light=0.1536 mat=0.0086
  batch 130/329 | loss=0.1935 light=0.1930 mat=0.0057
  batch 140/329 | loss=0.1247 light=0.1238 mat=0.0087
  batch 150/329 | loss=0.1362 light=0.1356 mat=0.0052
  batch 160/329 | loss=0.1510 light=0.1505 mat=0.0055
  batch 170/329 | loss=0.1871 light=0.1868 mat=0.0038
  batch 180/329 | loss=0.1184 light=0.1180 mat=0.0045
  batch 190/329 | loss=0.1629 light=0.1624 mat=0.0048
  batch 200/329 | loss=0.1813 light=0.1808 mat=0.0044
  batch 210/329 | loss=0.1522 light=0.1515 mat=0.0068
  batch 220/329 | loss=0.2284 light=0.2277 mat=0.0064
  batch 230/329 | loss=0.1437 light=0.1423 mat=0.0133
  batch 240/329 | loss=0.1895 light=0.1890 mat=0.0052
  batch 250/329 | loss=0.1225 light=0.1219 mat=0.0056
  batch 260/329 | loss=0.1144 light=0.1137 mat=0.0075
  batch 270/329 | loss=0.1527 light=0.1522 mat=0.0046
  batch 280/329 | loss=0.1210 light=0.1199 mat=0.0110
  batch 290/329 | loss=0.1826 light=0.1821 mat=0.0053
  batch 300/329 | loss=0.1201 light=0.1194 mat=0.0072
  batch 310/329 | loss=0.1711 light=0.1701 mat=0.0107
  batch 320/329 | loss=0.1288 light=0.1283 mat=0.0049
  train | loss=0.1605 light=0.1599 mat=0.0065
  val   | loss=0.2312 light=0.2304 mat=0.0083 mat_mae=0.0389

Epoch 32/50
  batch 10/329 | loss=0.1187 light=0.1181 mat=0.0068
  batch 20/329 | loss=0.1501 light=0.1489 mat=0.0114
  batch 30/329 | loss=0.1730 light=0.1723 mat=0.0071
  batch 40/329 | loss=0.1274 light=0.1259 mat=0.0152
  batch 50/329 | loss=0.1406 light=0.1397 mat=0.0091
  batch 60/329 | loss=0.1746 light=0.1735 mat=0.0109
  batch 70/329 | loss=0.1714 light=0.1709 mat=0.0053
  batch 80/329 | loss=0.2101 light=0.2094 mat=0.0070
  batch 90/329 | loss=0.2184 light=0.2180 mat=0.0038
  batch 100/329 | loss=0.1484 light=0.1474 mat=0.0099
  batch 110/329 | loss=0.1396 light=0.1390 mat=0.0060
  batch 120/329 | loss=0.1381 light=0.1376 mat=0.0043
  batch 130/329 | loss=0.1142 light=0.1137 mat=0.0051
  batch 140/329 | loss=0.1733 light=0.1724 mat=0.0081
  batch 150/329 | loss=0.2409 light=0.2404 mat=0.0050
  batch 160/329 | loss=0.1402 light=0.1395 mat=0.0064
  batch 170/329 | loss=0.2443 light=0.2437 mat=0.0058
  batch 180/329 | loss=0.1428 light=0.1420 mat=0.0080
  batch 190/329 | loss=0.1545 light=0.1535 mat=0.0096
  batch 200/329 | loss=0.1091 light=0.1082 mat=0.0095
  batch 210/329 | loss=0.2088 light=0.2083 mat=0.0052
  batch 220/329 | loss=0.1591 light=0.1583 mat=0.0081
  batch 230/329 | loss=0.1741 light=0.1735 mat=0.0060
  batch 240/329 | loss=0.1583 light=0.1577 mat=0.0060
  batch 250/329 | loss=0.2139 light=0.2135 mat=0.0041
  batch 260/329 | loss=0.2364 light=0.2360 mat=0.0045
  batch 270/329 | loss=0.1414 light=0.1411 mat=0.0037
  batch 280/329 | loss=0.1431 light=0.1426 mat=0.0050
  batch 290/329 | loss=0.2253 light=0.2247 mat=0.0055
  batch 300/329 | loss=0.1789 light=0.1784 mat=0.0047
  batch 310/329 | loss=0.2081 light=0.2072 mat=0.0091
  batch 320/329 | loss=0.1891 light=0.1885 mat=0.0066
  train | loss=0.1582 light=0.1575 mat=0.0064
  val   | loss=0.2336 light=0.2327 mat=0.0084 mat_mae=0.0384

Epoch 33/50
  batch 10/329 | loss=0.1436 light=0.1431 mat=0.0043
  batch 20/329 | loss=0.1601 light=0.1595 mat=0.0063
  batch 30/329 | loss=0.1675 light=0.1668 mat=0.0068
  batch 40/329 | loss=0.1282 light=0.1277 mat=0.0052
  batch 50/329 | loss=0.1336 light=0.1331 mat=0.0043
  batch 60/329 | loss=0.1625 light=0.1620 mat=0.0046
  batch 70/329 | loss=0.1150 light=0.1142 mat=0.0080
  batch 80/329 | loss=0.1532 light=0.1523 mat=0.0093
  batch 90/329 | loss=0.1852 light=0.1843 mat=0.0090
  batch 100/329 | loss=0.1453 light=0.1449 mat=0.0040
  batch 110/329 | loss=0.1923 light=0.1912 mat=0.0111
  batch 120/329 | loss=0.1912 light=0.1907 mat=0.0054
  batch 130/329 | loss=0.1645 light=0.1643 mat=0.0022
  batch 140/329 | loss=0.1653 light=0.1647 mat=0.0065
  batch 150/329 | loss=0.2455 light=0.2445 mat=0.0093
  batch 160/329 | loss=0.1534 light=0.1530 mat=0.0043
  batch 170/329 | loss=0.1812 light=0.1799 mat=0.0129
  batch 180/329 | loss=0.1214 light=0.1208 mat=0.0067
  batch 190/329 | loss=0.1437 light=0.1432 mat=0.0058
  batch 200/329 | loss=0.1653 light=0.1645 mat=0.0083
  batch 210/329 | loss=0.1100 light=0.1096 mat=0.0040
  batch 220/329 | loss=0.1013 light=0.1005 mat=0.0085
  batch 230/329 | loss=0.1552 light=0.1545 mat=0.0073
  batch 240/329 | loss=0.1144 light=0.1136 mat=0.0074
  batch 250/329 | loss=0.1645 light=0.1635 mat=0.0098
  batch 260/329 | loss=0.1454 light=0.1448 mat=0.0054
  batch 270/329 | loss=0.1369 light=0.1365 mat=0.0048
  batch 280/329 | loss=0.1763 light=0.1761 mat=0.0027
  batch 290/329 | loss=0.2160 light=0.2152 mat=0.0076
  batch 300/329 | loss=0.1754 light=0.1752 mat=0.0026
  batch 310/329 | loss=0.1501 light=0.1497 mat=0.0040
  batch 320/329 | loss=0.1445 light=0.1441 mat=0.0044
  train | loss=0.1577 light=0.1570 mat=0.0062
  val   | loss=0.2311 light=0.2303 mat=0.0087 mat_mae=0.0381

Epoch 34/50
  batch 10/329 | loss=0.1415 light=0.1408 mat=0.0070
  batch 20/329 | loss=0.1252 light=0.1243 mat=0.0087
  batch 30/329 | loss=0.1921 light=0.1912 mat=0.0087
  batch 40/329 | loss=0.2338 light=0.2331 mat=0.0068
  batch 50/329 | loss=0.1217 light=0.1211 mat=0.0058
  batch 60/329 | loss=0.1730 light=0.1726 mat=0.0041
  batch 70/329 | loss=0.1337 light=0.1333 mat=0.0042
  batch 80/329 | loss=0.1091 light=0.1086 mat=0.0054
  batch 90/329 | loss=0.1675 light=0.1672 mat=0.0035
  batch 100/329 | loss=0.1592 light=0.1587 mat=0.0045
  batch 110/329 | loss=0.1269 light=0.1262 mat=0.0070
  batch 120/329 | loss=0.1892 light=0.1887 mat=0.0049
  batch 130/329 | loss=0.1868 light=0.1863 mat=0.0054
  batch 140/329 | loss=0.1270 light=0.1262 mat=0.0071
  batch 150/329 | loss=0.1513 light=0.1507 mat=0.0054
  batch 160/329 | loss=0.1533 light=0.1528 mat=0.0050
  batch 170/329 | loss=0.1719 light=0.1716 mat=0.0030
  batch 180/329 | loss=0.0950 light=0.0942 mat=0.0086
  batch 190/329 | loss=0.1473 light=0.1464 mat=0.0082
  batch 200/329 | loss=0.1894 light=0.1891 mat=0.0030
  batch 210/329 | loss=0.1596 light=0.1592 mat=0.0046
  batch 220/329 | loss=0.1548 light=0.1541 mat=0.0070
  batch 230/329 | loss=0.1555 light=0.1549 mat=0.0059
  batch 240/329 | loss=0.1372 light=0.1367 mat=0.0043
  batch 250/329 | loss=0.1305 light=0.1302 mat=0.0038
  batch 260/329 | loss=0.1620 light=0.1614 mat=0.0064
  batch 270/329 | loss=0.1656 light=0.1646 mat=0.0100
  batch 280/329 | loss=0.1345 light=0.1342 mat=0.0033
  batch 290/329 | loss=0.1449 light=0.1442 mat=0.0070
  batch 300/329 | loss=0.1322 light=0.1318 mat=0.0035
  batch 310/329 | loss=0.1296 light=0.1291 mat=0.0044
  batch 320/329 | loss=0.1435 light=0.1429 mat=0.0056
  train | loss=0.1558 light=0.1552 mat=0.0065
  val   | loss=0.2302 light=0.2294 mat=0.0078 mat_mae=0.0371
  -> new best model (val_loss=0.2302)

Epoch 35/50
  batch 10/329 | loss=0.1810 light=0.1800 mat=0.0096
  batch 20/329 | loss=0.1614 light=0.1599 mat=0.0150
  batch 30/329 | loss=0.1611 light=0.1579 mat=0.0321
  batch 40/329 | loss=0.2021 light=0.2013 mat=0.0072
  batch 50/329 | loss=0.1857 light=0.1849 mat=0.0083
  batch 60/329 | loss=0.1064 light=0.1061 mat=0.0037
  batch 70/329 | loss=0.2344 light=0.2330 mat=0.0141
  batch 80/329 | loss=0.2581 light=0.2576 mat=0.0045
  batch 90/329 | loss=0.2208 light=0.2202 mat=0.0062
  batch 100/329 | loss=0.1121 light=0.1116 mat=0.0054
  batch 110/329 | loss=0.1379 light=0.1370 mat=0.0090
  batch 120/329 | loss=0.1899 light=0.1893 mat=0.0061
  batch 130/329 | loss=0.1461 light=0.1452 mat=0.0095
  batch 140/329 | loss=0.1605 light=0.1600 mat=0.0043
  batch 150/329 | loss=0.1512 light=0.1500 mat=0.0114
  batch 160/329 | loss=0.1546 light=0.1539 mat=0.0070
  batch 170/329 | loss=0.1806 light=0.1802 mat=0.0040
  batch 180/329 | loss=0.1179 light=0.1176 mat=0.0029
  batch 190/329 | loss=0.1345 light=0.1342 mat=0.0040
  batch 200/329 | loss=0.1705 light=0.1700 mat=0.0050
  batch 210/329 | loss=0.1267 light=0.1263 mat=0.0045
  batch 220/329 | loss=0.1452 light=0.1444 mat=0.0076
  batch 230/329 | loss=0.0876 light=0.0871 mat=0.0048
  batch 240/329 | loss=0.1783 light=0.1777 mat=0.0059
  batch 250/329 | loss=0.1400 light=0.1392 mat=0.0082
  batch 260/329 | loss=0.1293 light=0.1290 mat=0.0036
  batch 270/329 | loss=0.2167 light=0.2161 mat=0.0056
  batch 280/329 | loss=0.1445 light=0.1438 mat=0.0066
  batch 290/329 | loss=0.1718 light=0.1713 mat=0.0049
  batch 300/329 | loss=0.2215 light=0.2210 mat=0.0051
  batch 310/329 | loss=0.1096 light=0.1091 mat=0.0046
  batch 320/329 | loss=0.1639 light=0.1634 mat=0.0050
  train | loss=0.1532 light=0.1526 mat=0.0064
  val   | loss=0.2299 light=0.2291 mat=0.0087 mat_mae=0.0383
  -> new best model (val_loss=0.2299)

Epoch 36/50
  batch 10/329 | loss=0.1638 light=0.1634 mat=0.0045
  batch 20/329 | loss=0.1263 light=0.1253 mat=0.0102
  batch 30/329 | loss=0.1389 light=0.1385 mat=0.0042
  batch 40/329 | loss=0.1578 light=0.1575 mat=0.0034
  batch 50/329 | loss=0.1193 light=0.1189 mat=0.0040
  batch 60/329 | loss=0.1075 light=0.1070 mat=0.0049
  batch 70/329 | loss=0.1717 light=0.1714 mat=0.0031
  batch 80/329 | loss=0.1856 light=0.1851 mat=0.0051
  batch 90/329 | loss=0.1202 light=0.1196 mat=0.0054
  batch 100/329 | loss=0.1406 light=0.1402 mat=0.0042
  batch 110/329 | loss=0.1048 light=0.1037 mat=0.0111
  batch 120/329 | loss=0.1459 light=0.1456 mat=0.0029
  batch 130/329 | loss=0.1329 light=0.1323 mat=0.0059
  batch 140/329 | loss=0.2190 light=0.2184 mat=0.0059
  batch 150/329 | loss=0.1481 light=0.1476 mat=0.0049
  batch 160/329 | loss=0.1355 light=0.1345 mat=0.0092
  batch 170/329 | loss=0.1441 light=0.1439 mat=0.0022
  batch 180/329 | loss=0.1346 light=0.1336 mat=0.0098
  batch 190/329 | loss=0.1678 light=0.1675 mat=0.0030
  batch 200/329 | loss=0.1395 light=0.1389 mat=0.0058
  batch 210/329 | loss=0.1276 light=0.1272 mat=0.0044
  batch 220/329 | loss=0.1372 light=0.1370 mat=0.0022
  batch 230/329 | loss=0.1727 light=0.1722 mat=0.0051
  batch 240/329 | loss=0.1340 light=0.1335 mat=0.0050
  batch 250/329 | loss=0.1642 light=0.1636 mat=0.0054
  batch 260/329 | loss=0.1677 light=0.1674 mat=0.0033
  batch 270/329 | loss=0.2020 light=0.2015 mat=0.0052
  batch 280/329 | loss=0.2141 light=0.2135 mat=0.0052
  batch 290/329 | loss=0.1608 light=0.1603 mat=0.0050
  batch 300/329 | loss=0.1605 light=0.1603 mat=0.0021
  batch 310/329 | loss=0.1025 light=0.1021 mat=0.0040
  batch 320/329 | loss=0.2222 light=0.2217 mat=0.0047
  train | loss=0.1511 light=0.1505 mat=0.0059
  val   | loss=0.2301 light=0.2293 mat=0.0083 mat_mae=0.0371

Epoch 37/50
  batch 10/329 | loss=0.1511 light=0.1506 mat=0.0054
  batch 20/329 | loss=0.1553 light=0.1547 mat=0.0056
  batch 30/329 | loss=0.1378 light=0.1373 mat=0.0055
  batch 40/329 | loss=0.1282 light=0.1277 mat=0.0048
  batch 50/329 | loss=0.1938 light=0.1932 mat=0.0062
  batch 60/329 | loss=0.1554 light=0.1549 mat=0.0049
  batch 70/329 | loss=0.1522 light=0.1511 mat=0.0110
  batch 80/329 | loss=0.1137 light=0.1127 mat=0.0093
  batch 90/329 | loss=0.1206 light=0.1200 mat=0.0060
  batch 100/329 | loss=0.1678 light=0.1674 mat=0.0038
  batch 110/329 | loss=0.1445 light=0.1438 mat=0.0069
  batch 120/329 | loss=0.1076 light=0.1068 mat=0.0072
  batch 130/329 | loss=0.1377 light=0.1368 mat=0.0090
  batch 140/329 | loss=0.1589 light=0.1586 mat=0.0030
  batch 150/329 | loss=0.1838 light=0.1835 mat=0.0033
  batch 160/329 | loss=0.1057 light=0.1054 mat=0.0029
  batch 170/329 | loss=0.1279 light=0.1274 mat=0.0052
  batch 180/329 | loss=0.1390 light=0.1375 mat=0.0142
  batch 190/329 | loss=0.1188 light=0.1181 mat=0.0070
  batch 200/329 | loss=0.1932 light=0.1926 mat=0.0064
  batch 210/329 | loss=0.1284 light=0.1278 mat=0.0060
  batch 220/329 | loss=0.1438 light=0.1431 mat=0.0066
  batch 230/329 | loss=0.1463 light=0.1454 mat=0.0085
  batch 240/329 | loss=0.1696 light=0.1690 mat=0.0057
  batch 250/329 | loss=0.1000 light=0.0992 mat=0.0083
  batch 260/329 | loss=0.2068 light=0.2061 mat=0.0070
  batch 270/329 | loss=0.0864 light=0.0860 mat=0.0042
  batch 280/329 | loss=0.1264 light=0.1257 mat=0.0074
  batch 290/329 | loss=0.1438 light=0.1429 mat=0.0091
  batch 300/329 | loss=0.1370 light=0.1368 mat=0.0027
  batch 310/329 | loss=0.1219 light=0.1212 mat=0.0077
  batch 320/329 | loss=0.1537 light=0.1532 mat=0.0050
  train | loss=0.1500 light=0.1494 mat=0.0061
  val   | loss=0.2304 light=0.2296 mat=0.0082 mat_mae=0.0372

Epoch 38/50
  batch 10/329 | loss=0.1391 light=0.1385 mat=0.0055
  batch 20/329 | loss=0.1297 light=0.1288 mat=0.0087
  batch 30/329 | loss=0.1372 light=0.1366 mat=0.0062
  batch 40/329 | loss=0.2907 light=0.2896 mat=0.0108
  batch 50/329 | loss=0.1337 light=0.1333 mat=0.0046
  batch 60/329 | loss=0.1924 light=0.1920 mat=0.0040
  batch 70/329 | loss=0.1690 light=0.1677 mat=0.0124
  batch 80/329 | loss=0.1184 light=0.1178 mat=0.0062
  batch 90/329 | loss=0.1510 light=0.1506 mat=0.0036
  batch 100/329 | loss=0.1870 light=0.1863 mat=0.0070
  batch 110/329 | loss=0.1348 light=0.1342 mat=0.0057
  batch 120/329 | loss=0.1552 light=0.1545 mat=0.0069
  batch 130/329 | loss=0.1477 light=0.1471 mat=0.0057
  batch 140/329 | loss=0.1355 light=0.1350 mat=0.0042
  batch 150/329 | loss=0.1322 light=0.1313 mat=0.0089
  batch 160/329 | loss=0.1230 light=0.1225 mat=0.0051
  batch 170/329 | loss=0.2275 light=0.2268 mat=0.0071
  batch 180/329 | loss=0.1187 light=0.1182 mat=0.0046
  batch 190/329 | loss=0.1851 light=0.1847 mat=0.0037
  batch 200/329 | loss=0.1493 light=0.1487 mat=0.0061
  batch 210/329 | loss=0.1296 light=0.1292 mat=0.0046
  batch 220/329 | loss=0.1118 light=0.1114 mat=0.0035
  batch 230/329 | loss=0.1158 light=0.1153 mat=0.0045
  batch 240/329 | loss=0.1391 light=0.1385 mat=0.0058
  batch 250/329 | loss=0.1250 light=0.1243 mat=0.0076
  batch 260/329 | loss=0.1137 light=0.1128 mat=0.0081
  batch 270/329 | loss=0.1781 light=0.1775 mat=0.0056
  batch 280/329 | loss=0.1342 light=0.1338 mat=0.0046
  batch 290/329 | loss=0.1441 light=0.1437 mat=0.0037
  batch 300/329 | loss=0.1761 light=0.1757 mat=0.0047
  batch 310/329 | loss=0.1777 light=0.1771 mat=0.0064
  batch 320/329 | loss=0.1714 light=0.1707 mat=0.0066
  train | loss=0.1498 light=0.1492 mat=0.0059
  val   | loss=0.2303 light=0.2295 mat=0.0079 mat_mae=0.0373

Epoch 39/50
  batch 10/329 | loss=0.1876 light=0.1869 mat=0.0070
  batch 20/329 | loss=0.1500 light=0.1496 mat=0.0044
  batch 30/329 | loss=0.1187 light=0.1183 mat=0.0043
  batch 40/329 | loss=0.1422 light=0.1418 mat=0.0040
  batch 50/329 | loss=0.1091 light=0.1085 mat=0.0058
  batch 60/329 | loss=0.1894 light=0.1889 mat=0.0051
  batch 70/329 | loss=0.1561 light=0.1558 mat=0.0029
  batch 80/329 | loss=0.1757 light=0.1753 mat=0.0043
  batch 90/329 | loss=0.2033 light=0.2019 mat=0.0141
  batch 100/329 | loss=0.1221 light=0.1215 mat=0.0057
  batch 110/329 | loss=0.1275 light=0.1272 mat=0.0028
  batch 120/329 | loss=0.1105 light=0.1100 mat=0.0052
  batch 130/329 | loss=0.1292 light=0.1286 mat=0.0056
  batch 140/329 | loss=0.1796 light=0.1793 mat=0.0035
  batch 150/329 | loss=0.1797 light=0.1791 mat=0.0067
  batch 160/329 | loss=0.1939 light=0.1932 mat=0.0071
  batch 170/329 | loss=0.1528 light=0.1519 mat=0.0088
  batch 180/329 | loss=0.1810 light=0.1804 mat=0.0059
  batch 190/329 | loss=0.1573 light=0.1563 mat=0.0101
  batch 200/329 | loss=0.1044 light=0.1040 mat=0.0046
  batch 210/329 | loss=0.1587 light=0.1584 mat=0.0034
  batch 220/329 | loss=0.2159 light=0.2155 mat=0.0049
  batch 230/329 | loss=0.1390 light=0.1385 mat=0.0043
  batch 240/329 | loss=0.0899 light=0.0896 mat=0.0032
  batch 250/329 | loss=0.1520 light=0.1513 mat=0.0073
  batch 260/329 | loss=0.1411 light=0.1405 mat=0.0059
  batch 270/329 | loss=0.1288 light=0.1283 mat=0.0056
  batch 280/329 | loss=0.1096 light=0.1090 mat=0.0056
  batch 290/329 | loss=0.1212 light=0.1204 mat=0.0079
  batch 300/329 | loss=0.1314 light=0.1309 mat=0.0053
  batch 310/329 | loss=0.1062 light=0.1054 mat=0.0081
  batch 320/329 | loss=0.1347 light=0.1343 mat=0.0038
  train | loss=0.1476 light=0.1470 mat=0.0058
  val   | loss=0.2291 light=0.2283 mat=0.0086 mat_mae=0.0378
  -> new best model (val_loss=0.2291)

Epoch 40/50
  batch 10/329 | loss=0.1446 light=0.1442 mat=0.0043
  batch 20/329 | loss=0.1201 light=0.1197 mat=0.0037
  batch 30/329 | loss=0.1488 light=0.1482 mat=0.0062
  batch 40/329 | loss=0.0876 light=0.0871 mat=0.0050
  batch 50/329 | loss=0.1984 light=0.1980 mat=0.0042
  batch 60/329 | loss=0.1813 light=0.1810 mat=0.0032
  batch 70/329 | loss=0.1576 light=0.1567 mat=0.0090
  batch 80/329 | loss=0.1707 light=0.1700 mat=0.0077
  batch 90/329 | loss=0.1147 light=0.1120 mat=0.0272
  batch 100/329 | loss=0.1583 light=0.1576 mat=0.0069
  batch 110/329 | loss=0.1356 light=0.1351 mat=0.0050
  batch 120/329 | loss=0.2067 light=0.2063 mat=0.0037
  batch 130/329 | loss=0.1613 light=0.1609 mat=0.0039
  batch 140/329 | loss=0.1350 light=0.1345 mat=0.0047
  batch 150/329 | loss=0.1585 light=0.1577 mat=0.0080
  batch 160/329 | loss=0.0970 light=0.0967 mat=0.0033
  batch 170/329 | loss=0.1042 light=0.1037 mat=0.0045
  batch 180/329 | loss=0.1973 light=0.1966 mat=0.0076
  batch 190/329 | loss=0.1155 light=0.1150 mat=0.0055
  batch 200/329 | loss=0.1011 light=0.1008 mat=0.0036
  batch 210/329 | loss=0.1803 light=0.1798 mat=0.0043
  batch 220/329 | loss=0.1529 light=0.1522 mat=0.0071
  batch 230/329 | loss=0.1285 light=0.1276 mat=0.0089
  batch 240/329 | loss=0.1936 light=0.1933 mat=0.0033
  batch 250/329 | loss=0.1521 light=0.1516 mat=0.0049
  batch 260/329 | loss=0.1328 light=0.1320 mat=0.0078
  batch 270/329 | loss=0.1547 light=0.1542 mat=0.0049
  batch 280/329 | loss=0.1576 light=0.1568 mat=0.0072
  batch 290/329 | loss=0.1894 light=0.1890 mat=0.0036
  batch 300/329 | loss=0.2255 light=0.2245 mat=0.0101
  batch 310/329 | loss=0.1732 light=0.1725 mat=0.0068
  batch 320/329 | loss=0.2096 light=0.2090 mat=0.0062
  train | loss=0.1478 light=0.1472 mat=0.0062
  val   | loss=0.2288 light=0.2280 mat=0.0084 mat_mae=0.0382
  -> new best model (val_loss=0.2288)

Epoch 41/50
  batch 10/329 | loss=0.1616 light=0.1611 mat=0.0054
  batch 20/329 | loss=0.1362 light=0.1355 mat=0.0071
  batch 30/329 | loss=0.1118 light=0.1109 mat=0.0086
  batch 40/329 | loss=0.2054 light=0.2046 mat=0.0074
  batch 50/329 | loss=0.0968 light=0.0964 mat=0.0040
  batch 60/329 | loss=0.1854 light=0.1849 mat=0.0049
  batch 70/329 | loss=0.0838 light=0.0831 mat=0.0070
  batch 80/329 | loss=0.1785 light=0.1779 mat=0.0056
  batch 90/329 | loss=0.1958 light=0.1953 mat=0.0051
  batch 100/329 | loss=0.1397 light=0.1394 mat=0.0032
  batch 110/329 | loss=0.1395 light=0.1386 mat=0.0087
  batch 120/329 | loss=0.0974 light=0.0967 mat=0.0071
  batch 130/329 | loss=0.1424 light=0.1419 mat=0.0057
  batch 140/329 | loss=0.1668 light=0.1663 mat=0.0052
  batch 150/329 | loss=0.1916 light=0.1910 mat=0.0058
  batch 160/329 | loss=0.2386 light=0.2380 mat=0.0058
  batch 170/329 | loss=0.1360 light=0.1354 mat=0.0060
  batch 180/329 | loss=0.1544 light=0.1536 mat=0.0085
  batch 190/329 | loss=0.1652 light=0.1646 mat=0.0056
  batch 200/329 | loss=0.1671 light=0.1666 mat=0.0045
  batch 210/329 | loss=0.0846 light=0.0841 mat=0.0050
  batch 220/329 | loss=0.2343 light=0.2339 mat=0.0041
  batch 230/329 | loss=0.1549 light=0.1544 mat=0.0048
  batch 240/329 | loss=0.1058 light=0.1054 mat=0.0045
  batch 250/329 | loss=0.1355 light=0.1347 mat=0.0075
  batch 260/329 | loss=0.1505 light=0.1502 mat=0.0027
  batch 270/329 | loss=0.1559 light=0.1553 mat=0.0055
  batch 280/329 | loss=0.1505 light=0.1494 mat=0.0114
  batch 290/329 | loss=0.1230 light=0.1222 mat=0.0081
  batch 300/329 | loss=0.1223 light=0.1219 mat=0.0039
  batch 310/329 | loss=0.0892 light=0.0889 mat=0.0038
  batch 320/329 | loss=0.0921 light=0.0911 mat=0.0094
  train | loss=0.1465 light=0.1459 mat=0.0059
  val   | loss=0.2305 light=0.2297 mat=0.0083 mat_mae=0.0366

Epoch 42/50
  batch 10/329 | loss=0.1377 light=0.1373 mat=0.0047
  batch 20/329 | loss=0.1328 light=0.1322 mat=0.0068
  batch 30/329 | loss=0.1290 light=0.1286 mat=0.0041
  batch 40/329 | loss=0.1356 light=0.1350 mat=0.0052
  batch 50/329 | loss=0.1477 light=0.1471 mat=0.0062
  batch 60/329 | loss=0.1131 light=0.1126 mat=0.0050
  batch 70/329 | loss=0.1536 light=0.1528 mat=0.0085
  batch 80/329 | loss=0.1682 light=0.1678 mat=0.0042
  batch 90/329 | loss=0.1215 light=0.1209 mat=0.0057
  batch 100/329 | loss=0.1525 light=0.1517 mat=0.0087
  batch 110/329 | loss=0.2036 light=0.2029 mat=0.0073
  batch 120/329 | loss=0.1786 light=0.1783 mat=0.0026
  batch 130/329 | loss=0.2195 light=0.2190 mat=0.0053
  batch 140/329 | loss=0.1154 light=0.1151 mat=0.0032
  batch 150/329 | loss=0.1594 light=0.1585 mat=0.0087
  batch 160/329 | loss=0.1629 light=0.1624 mat=0.0047
  batch 170/329 | loss=0.1733 light=0.1729 mat=0.0044
  batch 180/329 | loss=0.1451 light=0.1445 mat=0.0057
  batch 190/329 | loss=0.1614 light=0.1605 mat=0.0095
  batch 200/329 | loss=0.1148 light=0.1140 mat=0.0079
  batch 210/329 | loss=0.1272 light=0.1268 mat=0.0037
  batch 220/329 | loss=0.1768 light=0.1765 mat=0.0028
  batch 230/329 | loss=0.1550 light=0.1545 mat=0.0047
  batch 240/329 | loss=0.1376 light=0.1369 mat=0.0079
  batch 250/329 | loss=0.1228 light=0.1221 mat=0.0062
  batch 260/329 | loss=0.1842 light=0.1839 mat=0.0034
  batch 270/329 | loss=0.1303 light=0.1296 mat=0.0062
  batch 280/329 | loss=0.1639 light=0.1631 mat=0.0082
  batch 290/329 | loss=0.1096 light=0.1093 mat=0.0034
  batch 300/329 | loss=0.1614 light=0.1607 mat=0.0070
  batch 310/329 | loss=0.1391 light=0.1388 mat=0.0027
  batch 320/329 | loss=0.1527 light=0.1521 mat=0.0056
  train | loss=0.1449 light=0.1444 mat=0.0056
  val   | loss=0.2298 light=0.2289 mat=0.0084 mat_mae=0.0374

Epoch 43/50
  batch 10/329 | loss=0.1870 light=0.1864 mat=0.0057
  batch 20/329 | loss=0.1854 light=0.1846 mat=0.0086
  batch 30/329 | loss=0.1162 light=0.1152 mat=0.0092
  batch 40/329 | loss=0.1207 light=0.1203 mat=0.0039
  batch 50/329 | loss=0.1564 light=0.1559 mat=0.0050
  batch 60/329 | loss=0.1165 light=0.1161 mat=0.0045
  batch 70/329 | loss=0.1638 light=0.1635 mat=0.0033
  batch 80/329 | loss=0.1163 light=0.1159 mat=0.0041
  batch 90/329 | loss=0.1882 light=0.1876 mat=0.0055
  batch 100/329 | loss=0.1438 light=0.1434 mat=0.0046
  batch 110/329 | loss=0.1780 light=0.1775 mat=0.0054
  batch 120/329 | loss=0.1186 light=0.1180 mat=0.0059
  batch 130/329 | loss=0.1217 light=0.1214 mat=0.0036
  batch 140/329 | loss=0.1593 light=0.1584 mat=0.0092
  batch 150/329 | loss=0.2198 light=0.2193 mat=0.0043
  batch 160/329 | loss=0.2016 light=0.2010 mat=0.0062
  batch 170/329 | loss=0.1908 light=0.1896 mat=0.0117
  batch 180/329 | loss=0.0900 light=0.0897 mat=0.0030
  batch 190/329 | loss=0.1333 light=0.1327 mat=0.0060
  batch 200/329 | loss=0.1687 light=0.1680 mat=0.0066
  batch 210/329 | loss=0.1568 light=0.1561 mat=0.0065
  batch 220/329 | loss=0.0872 light=0.0866 mat=0.0060
  batch 230/329 | loss=0.1059 light=0.1054 mat=0.0049
  batch 240/329 | loss=0.1315 light=0.1309 mat=0.0061
  batch 250/329 | loss=0.1185 light=0.1179 mat=0.0054
  batch 260/329 | loss=0.1751 light=0.1746 mat=0.0050
  batch 270/329 | loss=0.1625 light=0.1619 mat=0.0059
  batch 280/329 | loss=0.1377 light=0.1371 mat=0.0060
  batch 290/329 | loss=0.1187 light=0.1182 mat=0.0053
  batch 300/329 | loss=0.1486 light=0.1481 mat=0.0047
  batch 310/329 | loss=0.1150 light=0.1144 mat=0.0061
  batch 320/329 | loss=0.1522 light=0.1518 mat=0.0045
  train | loss=0.1444 light=0.1438 mat=0.0056
  val   | loss=0.2296 light=0.2287 mat=0.0084 mat_mae=0.0369

Epoch 44/50
  batch 10/329 | loss=0.1289 light=0.1282 mat=0.0066
  batch 20/329 | loss=0.1543 light=0.1537 mat=0.0058
  batch 30/329 | loss=0.1685 light=0.1678 mat=0.0068
  batch 40/329 | loss=0.1607 light=0.1597 mat=0.0096
  batch 50/329 | loss=0.1387 light=0.1383 mat=0.0043
  batch 60/329 | loss=0.1518 light=0.1512 mat=0.0053
  batch 70/329 | loss=0.1403 light=0.1395 mat=0.0076
  batch 80/329 | loss=0.1500 light=0.1493 mat=0.0063
  batch 90/329 | loss=0.1445 light=0.1439 mat=0.0060
  batch 100/329 | loss=0.1571 light=0.1567 mat=0.0043
  batch 110/329 | loss=0.1059 light=0.1056 mat=0.0031
  batch 120/329 | loss=0.0942 light=0.0938 mat=0.0033
  batch 130/329 | loss=0.1560 light=0.1553 mat=0.0067
  batch 140/329 | loss=0.1017 light=0.1013 mat=0.0040
  batch 150/329 | loss=0.1688 light=0.1681 mat=0.0071
  batch 160/329 | loss=0.1263 light=0.1257 mat=0.0054
  batch 170/329 | loss=0.1119 light=0.1114 mat=0.0059
  batch 180/329 | loss=0.1497 light=0.1494 mat=0.0040
  batch 190/329 | loss=0.1672 light=0.1664 mat=0.0084
  batch 200/329 | loss=0.1987 light=0.1984 mat=0.0032
  batch 210/329 | loss=0.1210 light=0.1205 mat=0.0050
  batch 220/329 | loss=0.1137 light=0.1134 mat=0.0028
  batch 230/329 | loss=0.1471 light=0.1465 mat=0.0055
  batch 240/329 | loss=0.1043 light=0.1039 mat=0.0040
  batch 250/329 | loss=0.1427 light=0.1419 mat=0.0075
  batch 260/329 | loss=0.1629 light=0.1627 mat=0.0023
  batch 270/329 | loss=0.1587 light=0.1577 mat=0.0093
  batch 280/329 | loss=0.0973 light=0.0965 mat=0.0080
  batch 290/329 | loss=0.1852 light=0.1846 mat=0.0055
  batch 300/329 | loss=0.1387 light=0.1380 mat=0.0070
  batch 310/329 | loss=0.1263 light=0.1258 mat=0.0056
  batch 320/329 | loss=0.1567 light=0.1561 mat=0.0062
  train | loss=0.1441 light=0.1435 mat=0.0057
  val   | loss=0.2301 light=0.2293 mat=0.0082 mat_mae=0.0370

Epoch 45/50
  batch 10/329 | loss=0.1309 light=0.1302 mat=0.0063
  batch 20/329 | loss=0.1319 light=0.1317 mat=0.0019
  batch 30/329 | loss=0.1806 light=0.1801 mat=0.0054
  batch 40/329 | loss=0.1838 light=0.1834 mat=0.0039
  batch 50/329 | loss=0.1842 light=0.1840 mat=0.0024
  batch 60/329 | loss=0.1485 light=0.1481 mat=0.0036
  batch 70/329 | loss=0.1189 light=0.1183 mat=0.0066
  batch 80/329 | loss=0.2131 light=0.2128 mat=0.0038
  batch 90/329 | loss=0.0746 light=0.0742 mat=0.0035
  batch 100/329 | loss=0.1640 light=0.1635 mat=0.0041
  batch 110/329 | loss=0.1191 light=0.1186 mat=0.0046
  batch 120/329 | loss=0.1955 light=0.1950 mat=0.0056
  batch 130/329 | loss=0.2218 light=0.2213 mat=0.0053
  batch 140/329 | loss=0.1431 light=0.1424 mat=0.0072
  batch 150/329 | loss=0.1175 light=0.1166 mat=0.0083
  batch 160/329 | loss=0.1343 light=0.1337 mat=0.0060
  batch 170/329 | loss=0.1558 light=0.1551 mat=0.0067
  batch 180/329 | loss=0.1385 light=0.1378 mat=0.0078
  batch 190/329 | loss=0.2119 light=0.2114 mat=0.0051
  batch 200/329 | loss=0.1828 light=0.1821 mat=0.0077
  batch 210/329 | loss=0.1304 light=0.1300 mat=0.0039
  batch 220/329 | loss=0.0894 light=0.0886 mat=0.0072
  batch 230/329 | loss=0.1779 light=0.1775 mat=0.0043
  batch 240/329 | loss=0.1924 light=0.1920 mat=0.0044
  batch 250/329 | loss=0.1092 light=0.1090 mat=0.0030
  batch 260/329 | loss=0.1080 light=0.1076 mat=0.0043
  batch 270/329 | loss=0.1553 light=0.1547 mat=0.0060
  batch 280/329 | loss=0.1440 light=0.1436 mat=0.0040
  batch 290/329 | loss=0.1600 light=0.1594 mat=0.0061
  batch 300/329 | loss=0.1676 light=0.1671 mat=0.0041
  batch 310/329 | loss=0.2046 light=0.2040 mat=0.0052
  batch 320/329 | loss=0.1241 light=0.1235 mat=0.0061
  train | loss=0.1438 light=0.1432 mat=0.0057
  val   | loss=0.2312 light=0.2304 mat=0.0083 mat_mae=0.0370

Epoch 46/50
  batch 10/329 | loss=0.1281 light=0.1277 mat=0.0041
  batch 20/329 | loss=0.1541 light=0.1532 mat=0.0090
  batch 30/329 | loss=0.1482 light=0.1478 mat=0.0038
  batch 40/329 | loss=0.1859 light=0.1853 mat=0.0062
  batch 50/329 | loss=0.1741 light=0.1737 mat=0.0034
  batch 60/329 | loss=0.1257 light=0.1253 mat=0.0042
  batch 70/329 | loss=0.2355 light=0.2341 mat=0.0145
  batch 80/329 | loss=0.1605 light=0.1601 mat=0.0033
  batch 90/329 | loss=0.1297 light=0.1293 mat=0.0040
  batch 100/329 | loss=0.1391 light=0.1387 mat=0.0040
  batch 110/329 | loss=0.1075 light=0.1069 mat=0.0063
  batch 120/329 | loss=0.1046 light=0.1041 mat=0.0052
  batch 130/329 | loss=0.1341 light=0.1335 mat=0.0065
  batch 140/329 | loss=0.1124 light=0.1119 mat=0.0051
  batch 150/329 | loss=0.1779 light=0.1773 mat=0.0064
  batch 160/329 | loss=0.1543 light=0.1539 mat=0.0043
  batch 170/329 | loss=0.0872 light=0.0868 mat=0.0044
  batch 180/329 | loss=0.1329 light=0.1321 mat=0.0083
  batch 190/329 | loss=0.1417 light=0.1414 mat=0.0024
  batch 200/329 | loss=0.1424 light=0.1420 mat=0.0045
  batch 210/329 | loss=0.1258 light=0.1249 mat=0.0089
  batch 220/329 | loss=0.1421 light=0.1415 mat=0.0058
  batch 230/329 | loss=0.0964 light=0.0958 mat=0.0064
  batch 240/329 | loss=0.1518 light=0.1508 mat=0.0103
  batch 250/329 | loss=0.1119 light=0.1115 mat=0.0045
  batch 260/329 | loss=0.1458 light=0.1452 mat=0.0062
  batch 270/329 | loss=0.1116 light=0.1113 mat=0.0030
  batch 280/329 | loss=0.1087 light=0.1083 mat=0.0040
  batch 290/329 | loss=0.1400 light=0.1392 mat=0.0079
  batch 300/329 | loss=0.0974 light=0.0968 mat=0.0056
  batch 310/329 | loss=0.1322 light=0.1319 mat=0.0034
  batch 320/329 | loss=0.1217 light=0.1213 mat=0.0036
  train | loss=0.1430 light=0.1424 mat=0.0056
  val   | loss=0.2291 light=0.2283 mat=0.0082 mat_mae=0.0372

Epoch 47/50
  batch 10/329 | loss=0.1692 light=0.1689 mat=0.0023
  batch 20/329 | loss=0.1139 light=0.1134 mat=0.0052
  batch 30/329 | loss=0.1780 light=0.1773 mat=0.0068
  batch 40/329 | loss=0.2426 light=0.2420 mat=0.0055
  batch 50/329 | loss=0.1354 light=0.1348 mat=0.0066
  batch 60/329 | loss=0.2067 light=0.2060 mat=0.0069
  batch 70/329 | loss=0.1798 light=0.1791 mat=0.0070
  batch 80/329 | loss=0.0939 light=0.0936 mat=0.0031
  batch 90/329 | loss=0.1951 light=0.1948 mat=0.0037
  batch 100/329 | loss=0.1447 light=0.1444 mat=0.0027
  batch 110/329 | loss=0.2018 light=0.2014 mat=0.0039
  batch 120/329 | loss=0.1591 light=0.1582 mat=0.0089
  batch 130/329 | loss=0.2067 light=0.2058 mat=0.0091
  batch 140/329 | loss=0.1415 light=0.1412 mat=0.0028
  batch 150/329 | loss=0.1389 light=0.1384 mat=0.0043
  batch 160/329 | loss=0.1345 light=0.1339 mat=0.0063
  batch 170/329 | loss=0.1427 light=0.1424 mat=0.0033
  batch 180/329 | loss=0.1522 light=0.1516 mat=0.0060
  batch 190/329 | loss=0.1130 light=0.1123 mat=0.0063
  batch 200/329 | loss=0.1405 light=0.1395 mat=0.0100
  batch 210/329 | loss=0.0851 light=0.0847 mat=0.0045
  batch 220/329 | loss=0.1843 light=0.1839 mat=0.0040
  batch 230/329 | loss=0.1015 light=0.1009 mat=0.0056
  batch 240/329 | loss=0.1395 light=0.1392 mat=0.0029
  batch 250/329 | loss=0.1713 light=0.1705 mat=0.0075
  batch 260/329 | loss=0.1710 light=0.1703 mat=0.0064
  batch 270/329 | loss=0.1442 light=0.1436 mat=0.0051
  batch 280/329 | loss=0.1573 light=0.1568 mat=0.0050
  batch 290/329 | loss=0.1341 light=0.1335 mat=0.0062
  batch 300/329 | loss=0.1314 light=0.1309 mat=0.0052
  batch 310/329 | loss=0.1542 light=0.1535 mat=0.0069
  batch 320/329 | loss=0.1611 light=0.1608 mat=0.0030
  train | loss=0.1423 light=0.1418 mat=0.0056
  val   | loss=0.2296 light=0.2287 mat=0.0085 mat_mae=0.0369

Epoch 48/50
  batch 10/329 | loss=0.1075 light=0.1072 mat=0.0035
  batch 20/329 | loss=0.1720 light=0.1716 mat=0.0041
  batch 30/329 | loss=0.2270 light=0.2266 mat=0.0040
  batch 40/329 | loss=0.1304 light=0.1296 mat=0.0082
  batch 50/329 | loss=0.1474 light=0.1471 mat=0.0036
  batch 60/329 | loss=0.1080 light=0.1072 mat=0.0087
  batch 70/329 | loss=0.1420 light=0.1416 mat=0.0044
  batch 80/329 | loss=0.1145 light=0.1137 mat=0.0078
  batch 90/329 | loss=0.0969 light=0.0963 mat=0.0056
  batch 100/329 | loss=0.1138 light=0.1130 mat=0.0074
  batch 110/329 | loss=0.1364 light=0.1354 mat=0.0099
  batch 120/329 | loss=0.1399 light=0.1393 mat=0.0064
  batch 130/329 | loss=0.1918 light=0.1910 mat=0.0081
  batch 140/329 | loss=0.1424 light=0.1420 mat=0.0043
  batch 150/329 | loss=0.1242 light=0.1235 mat=0.0065
  batch 160/329 | loss=0.1412 light=0.1405 mat=0.0072
  batch 170/329 | loss=0.0983 light=0.0977 mat=0.0060
  batch 180/329 | loss=0.1472 light=0.1468 mat=0.0048
  batch 190/329 | loss=0.1283 light=0.1276 mat=0.0069
  batch 200/329 | loss=0.0824 light=0.0820 mat=0.0043
  batch 210/329 | loss=0.1748 light=0.1744 mat=0.0034
  batch 220/329 | loss=0.1571 light=0.1568 mat=0.0037
  batch 230/329 | loss=0.1441 light=0.1437 mat=0.0040
  batch 240/329 | loss=0.1095 light=0.1093 mat=0.0027
  batch 250/329 | loss=0.1263 light=0.1259 mat=0.0036
  batch 260/329 | loss=0.0901 light=0.0896 mat=0.0049
  batch 270/329 | loss=0.1525 light=0.1519 mat=0.0066
  batch 280/329 | loss=0.1606 light=0.1602 mat=0.0045
  batch 290/329 | loss=0.1185 light=0.1181 mat=0.0039
  batch 300/329 | loss=0.1263 light=0.1258 mat=0.0054
  batch 310/329 | loss=0.1465 light=0.1461 mat=0.0045
  batch 320/329 | loss=0.1330 light=0.1326 mat=0.0043
  train | loss=0.1425 light=0.1419 mat=0.0056
  val   | loss=0.2302 light=0.2294 mat=0.0081 mat_mae=0.0364

Epoch 49/50
  batch 10/329 | loss=0.1310 light=0.1305 mat=0.0055
  batch 20/329 | loss=0.1399 light=0.1396 mat=0.0033
  batch 30/329 | loss=0.1753 light=0.1749 mat=0.0034
  batch 40/329 | loss=0.1067 light=0.1062 mat=0.0052
  batch 50/329 | loss=0.1616 light=0.1610 mat=0.0056
  batch 60/329 | loss=0.1855 light=0.1848 mat=0.0072
  batch 70/329 | loss=0.1306 light=0.1303 mat=0.0027
  batch 80/329 | loss=0.1450 light=0.1446 mat=0.0041
  batch 90/329 | loss=0.1082 light=0.1075 mat=0.0068
  batch 100/329 | loss=0.1265 light=0.1262 mat=0.0035
  batch 110/329 | loss=0.1306 light=0.1303 mat=0.0032
  batch 120/329 | loss=0.1678 light=0.1675 mat=0.0030
  batch 130/329 | loss=0.1772 light=0.1767 mat=0.0047
  batch 140/329 | loss=0.1742 light=0.1736 mat=0.0063
  batch 150/329 | loss=0.1581 light=0.1577 mat=0.0041
  batch 160/329 | loss=0.1501 light=0.1498 mat=0.0027
  batch 170/329 | loss=0.1745 light=0.1741 mat=0.0043
  batch 180/329 | loss=0.2011 light=0.2007 mat=0.0045
  batch 190/329 | loss=0.1158 light=0.1155 mat=0.0033
  batch 200/329 | loss=0.1669 light=0.1662 mat=0.0068
  batch 210/329 | loss=0.1604 light=0.1601 mat=0.0030
  batch 220/329 | loss=0.1960 light=0.1954 mat=0.0065
  batch 230/329 | loss=0.1156 light=0.1148 mat=0.0079
  batch 240/329 | loss=0.1986 light=0.1984 mat=0.0026
  batch 250/329 | loss=0.1378 light=0.1371 mat=0.0068
  batch 260/329 | loss=0.1283 light=0.1277 mat=0.0057
  batch 270/329 | loss=0.1852 light=0.1844 mat=0.0081
  batch 280/329 | loss=0.1022 light=0.1018 mat=0.0039
  batch 290/329 | loss=0.1216 light=0.1210 mat=0.0058
  batch 300/329 | loss=0.1597 light=0.1593 mat=0.0046
  batch 310/329 | loss=0.1179 light=0.1175 mat=0.0034
  batch 320/329 | loss=0.1487 light=0.1482 mat=0.0044
  train | loss=0.1424 light=0.1419 mat=0.0056
  val   | loss=0.2305 light=0.2297 mat=0.0081 mat_mae=0.0366

Epoch 50/50
  batch 10/329 | loss=0.0993 light=0.0987 mat=0.0063
  batch 20/329 | loss=0.1287 light=0.1282 mat=0.0046
  batch 30/329 | loss=0.1319 light=0.1314 mat=0.0050
  batch 40/329 | loss=0.1386 light=0.1381 mat=0.0050
  batch 50/329 | loss=0.1364 light=0.1362 mat=0.0027
  batch 60/329 | loss=0.0777 light=0.0769 mat=0.0084
  batch 70/329 | loss=0.0898 light=0.0892 mat=0.0066
  batch 80/329 | loss=0.1112 light=0.1109 mat=0.0039
  batch 90/329 | loss=0.1195 light=0.1190 mat=0.0052
  batch 100/329 | loss=0.1107 light=0.1095 mat=0.0118
  batch 110/329 | loss=0.1961 light=0.1952 mat=0.0094
  batch 120/329 | loss=0.1162 light=0.1158 mat=0.0039
  batch 130/329 | loss=0.1534 light=0.1526 mat=0.0073
  batch 140/329 | loss=0.1488 light=0.1482 mat=0.0058
  batch 150/329 | loss=0.1125 light=0.1117 mat=0.0078
  batch 160/329 | loss=0.1131 light=0.1125 mat=0.0058
  batch 170/329 | loss=0.2333 light=0.2326 mat=0.0069
  batch 180/329 | loss=0.1193 light=0.1184 mat=0.0091
  batch 190/329 | loss=0.1503 light=0.1499 mat=0.0034
  batch 200/329 | loss=0.1185 light=0.1182 mat=0.0037
  batch 210/329 | loss=0.1219 light=0.1216 mat=0.0037
  batch 220/329 | loss=0.1213 light=0.1209 mat=0.0045
  batch 230/329 | loss=0.0876 light=0.0873 mat=0.0032
  batch 240/329 | loss=0.1010 light=0.1003 mat=0.0074
  batch 250/329 | loss=0.1237 light=0.1234 mat=0.0029
  batch 260/329 | loss=0.1264 light=0.1261 mat=0.0032
  batch 270/329 | loss=0.1220 light=0.1211 mat=0.0090
  batch 280/329 | loss=0.1253 light=0.1250 mat=0.0030
  batch 290/329 | loss=0.1524 light=0.1521 mat=0.0033
  batch 300/329 | loss=0.1262 light=0.1259 mat=0.0030
  batch 310/329 | loss=0.0807 light=0.0799 mat=0.0083
  batch 320/329 | loss=0.1698 light=0.1691 mat=0.0077
  train | loss=0.1422 light=0.1416 mat=0.0058
  val   | loss=0.2288 light=0.2280 mat=0.0084 mat_mae=0.0378
  -> new best model (val_loss=0.2288)

  Training curves saved to ./models\seed_sweep_film_102_multitask_film_curves.png

============================================================
Evaluating on test set
============================================================

==============================================================================
Metric                                          Baseline            Multitask
------------------------------------------------------------------------------
  log_mse (mean ± 95% CI)                0.0950 ± 0.0052      0.1040 ± 0.0058
  LPIPS (mean ± 95% CI)                  0.4184 ± 0.0064      0.4221 ± 0.0064
  material_param_mae (mean)                          N/A               0.0350

Paired t-test (baseline - multitask) on per-sample log_mse:
  n              = 2250
  mean diff      = -0.0090 (95% CI ± 0.0014) — baseline better
  std of diffs   = 0.0343
  t-statistic    = -12.4493
  p-value (two-sided, normal approx) = 0

Paired t-test (baseline - multitask) on per-sample LPIPS:
  n              = 2250
  mean diff      = -0.0037 (95% CI ± 0.0017) — baseline better
  t-statistic    = -4.3910
  p-value (two-sided, normal approx) = 1.128e-05

Per-material log_mse (mean ± 95% CI):
  Material                         Baseline            Multitask      Delta
  ---------------------------------------------------------------------------
  diffuse                   0.1307 ± 0.0167      0.1389 ± 0.0184    +0.0082
  glossy                    0.0763 ± 0.0089      0.0857 ± 0.0104    +0.0094
  metallic                  0.0802 ± 0.0083      0.0921 ± 0.0101    +0.0119
  rough_metallic            0.1000 ± 0.0125      0.1053 ± 0.0129    +0.0053
  dielectric                0.0879 ± 0.0095      0.0982 ± 0.0106    +0.0103

Per-parameter-bucket log_mse (mean ± 95% CI):
  Bucket                           Baseline            Multitask      Delta
  ---------------------------------------------------------------------------
  metallic_yes              0.0902 ± 0.0076      0.0987 ± 0.0082    +0.0086  (n=917)
  metallic_no               0.0984 ± 0.0072      0.1077 ± 0.0080    +0.0093  (n=1333)
  transmissive              0.0879 ± 0.0095      0.0982 ± 0.0106    +0.0103  (n=449)
  opaque                    0.0968 ± 0.0061      0.1055 ± 0.0067    +0.0087  (n=1801)
  rough_low                 0.0815 ± 0.0051      0.0921 ± 0.0060    +0.0106  (n=1343)
  rough_mid                 0.0938 ± 0.0130      0.1011 ± 0.0146    +0.0073  (n=282)
  rough_high                0.1247 ± 0.0139      0.1311 ± 0.0148    +0.0064  (n=625)

Multitask per-parameter MAE:
  metallic             0.0082
  roughness            0.0569
  specular             0.0232
  transmission         0.0253
  ior                  0.0617
======================================================================

============================================================
Shiny subset (roughness < 0.2 AND metallic > 0.8): n = 455 / 2250
============================================================

==============================================================================
Metric                                          Baseline            Multitask
------------------------------------------------------------------------------
  log_mse (mean ± 95% CI)                0.0802 ± 0.0083      0.0921 ± 0.0101
  LPIPS (mean ± 95% CI)                  0.3977 ± 0.0135      0.4015 ± 0.0138
  material_param_mae (mean)                          N/A               0.0161

Paired t-test (baseline - multitask) on per-sample log_mse:
  n              = 455
  mean diff      = -0.0119 (95% CI ± 0.0028) — baseline better
  std of diffs   = 0.0300
  t-statistic    = -8.4769
  p-value (two-sided, normal approx) = 0

Paired t-test (baseline - multitask) on per-sample LPIPS:
  n              = 455
  mean diff      = -0.0038 (95% CI ± 0.0038) — baseline better
  t-statistic    = -1.9674
  p-value (two-sided, normal approx) = 0.04914

Per-material log_mse (mean ± 95% CI):
  Material                         Baseline            Multitask      Delta
  ---------------------------------------------------------------------------
  diffuse                               N/A                  N/A          —
  glossy                                N/A                  N/A          —
  metallic                  0.0802 ± 0.0083      0.0921 ± 0.0101    +0.0119
  rough_metallic                        N/A                  N/A          —
  dielectric                            N/A                  N/A          —

Per-parameter-bucket log_mse (mean ± 95% CI):
  Bucket                           Baseline            Multitask      Delta
  ---------------------------------------------------------------------------
  metallic_yes              0.0802 ± 0.0083      0.0921 ± 0.0101    +0.0119  (n=455)
  metallic_no                           N/A                  N/A          —  (n=0)
  transmissive                          N/A                  N/A          —  (n=0)
  opaque                    0.0802 ± 0.0083      0.0921 ± 0.0101    +0.0119  (n=455)
  rough_low                 0.0802 ± 0.0083      0.0921 ± 0.0101    +0.0119  (n=455)
  rough_mid                             N/A                  N/A          —  (n=0)
  rough_high                            N/A                  N/A          —  (n=0)

Multitask per-parameter MAE:
  metallic             0.0024
  roughness            0.0487
  specular             0.0093
  transmission         0.0015
  ior                  0.0186
======================================================================

============================================================
Rendered-teapot LPIPS on 120 shiny samples (transparent envmap bg)
============================================================

[teapot-lpips] Rendering 120 sample(s) at 256px × 16spp (transparent bg).
[teapot-lpips] rendered 10/120
[teapot-lpips] rendered 20/120
[teapot-lpips] rendered 30/120
[teapot-lpips] rendered 40/120
[teapot-lpips] rendered 50/120
[teapot-lpips] rendered 60/120
[teapot-lpips] rendered 70/120
[teapot-lpips] rendered 80/120
[teapot-lpips] rendered 90/120
[teapot-lpips] rendered 100/120
[teapot-lpips] rendered 110/120
[teapot-lpips] rendered 120/120
[teapot-lpips] Rendered 120 complete triplet(s).

  baseline render-LPIPS  mean = 0.1240
  multitask render-LPIPS mean = 0.1041
  paired t-test (baseline - multitask)
    n            = 120
    mean diff    = +0.0199 (95% CI ± 0.0097) — multitask better
    t-statistic  = +3.9996
    p-value      = 6.344e-05
Per-material chart saved to result\seed_sweep_film_102\per_material_comparison.png
Per-attribute bucket chart saved to result\seed_sweep_film_102\per_param_bucket_comparison.png
Per-sample distribution saved to result\seed_sweep_film_102\log_mse_distribution.png
Per-parameter MAE chart saved to result\seed_sweep_film_102\material_param_mae.png

Results saved to ./models\seed_sweep_film_102_results.json

[teapot insertion comparison renders skipped via --skip-teapot-insertion]
Eval log saved to ./models\seed_sweep_film_102_eval_log.txt
