# cmd: C:\Program Files\Python314\python.exe code\main.py --seed 107 --data-split-seed 42 --experiment-name seed_sweep_107 --skip-teapot-insertion --shiny-lpips-max-n 120
# cwd: C:\Users\Shanying Liu\documents\dlcg
Device: cuda
Seed: 107  Experiment: seed_sweep_107
Dataset splits: train=10500, val=2250, test=2250

============================================================
Training baseline model (resnet50)
============================================================

Epoch 1/50
  batch 10/329 | loss=0.4083 light=0.4083 mat=0.0000
  batch 20/329 | loss=0.3433 light=0.3433 mat=0.0000
  batch 30/329 | loss=0.2873 light=0.2873 mat=0.0000
  batch 40/329 | loss=0.3630 light=0.3630 mat=0.0000
  batch 50/329 | loss=0.2641 light=0.2641 mat=0.0000
  batch 60/329 | loss=0.2110 light=0.2110 mat=0.0000
  batch 70/329 | loss=0.3401 light=0.3401 mat=0.0000
  batch 80/329 | loss=0.3068 light=0.3068 mat=0.0000
  batch 90/329 | loss=0.2233 light=0.2233 mat=0.0000
  batch 100/329 | loss=0.2864 light=0.2864 mat=0.0000
  batch 110/329 | loss=0.2755 light=0.2755 mat=0.0000
  batch 120/329 | loss=0.2711 light=0.2711 mat=0.0000
  batch 130/329 | loss=0.2799 light=0.2799 mat=0.0000
  batch 140/329 | loss=0.2162 light=0.2162 mat=0.0000
  batch 150/329 | loss=0.2399 light=0.2399 mat=0.0000
  batch 160/329 | loss=0.2615 light=0.2615 mat=0.0000
  batch 170/329 | loss=0.2230 light=0.2230 mat=0.0000
  batch 180/329 | loss=0.2955 light=0.2955 mat=0.0000
  batch 190/329 | loss=0.2263 light=0.2263 mat=0.0000
  batch 200/329 | loss=0.2623 light=0.2623 mat=0.0000
  batch 210/329 | loss=0.2210 light=0.2210 mat=0.0000
  batch 220/329 | loss=0.1698 light=0.1698 mat=0.0000
  batch 230/329 | loss=0.2236 light=0.2236 mat=0.0000
  batch 240/329 | loss=0.2098 light=0.2098 mat=0.0000
  batch 250/329 | loss=0.2589 light=0.2589 mat=0.0000
  batch 260/329 | loss=0.3129 light=0.3129 mat=0.0000
  batch 270/329 | loss=0.2103 light=0.2103 mat=0.0000
  batch 280/329 | loss=0.1912 light=0.1912 mat=0.0000
  batch 290/329 | loss=0.2008 light=0.2008 mat=0.0000
  batch 300/329 | loss=0.2494 light=0.2494 mat=0.0000
  batch 310/329 | loss=0.1885 light=0.1885 mat=0.0000
  batch 320/329 | loss=0.1955 light=0.1955 mat=0.0000
  train | loss=0.2528 light=0.2528 mat=0.0000
  val   | loss=0.2183 light=0.2183 mat=0.0000
  -> new best model (val_loss=0.2183)

Epoch 2/50
  batch 10/329 | loss=0.1638 light=0.1638 mat=0.0000
  batch 20/329 | loss=0.1510 light=0.1510 mat=0.0000
  batch 30/329 | loss=0.1987 light=0.1987 mat=0.0000
  batch 40/329 | loss=0.1415 light=0.1415 mat=0.0000
  batch 50/329 | loss=0.2078 light=0.2078 mat=0.0000
  batch 60/329 | loss=0.2007 light=0.2007 mat=0.0000
  batch 70/329 | loss=0.2145 light=0.2145 mat=0.0000
  batch 80/329 | loss=0.1626 light=0.1626 mat=0.0000
  batch 90/329 | loss=0.1689 light=0.1689 mat=0.0000
  batch 100/329 | loss=0.1537 light=0.1537 mat=0.0000
  batch 110/329 | loss=0.1957 light=0.1957 mat=0.0000
  batch 120/329 | loss=0.1973 light=0.1973 mat=0.0000
  batch 130/329 | loss=0.2356 light=0.2356 mat=0.0000
  batch 140/329 | loss=0.2577 light=0.2577 mat=0.0000
  batch 150/329 | loss=0.2936 light=0.2936 mat=0.0000
  batch 160/329 | loss=0.2170 light=0.2170 mat=0.0000
  batch 170/329 | loss=0.2342 light=0.2342 mat=0.0000
  batch 180/329 | loss=0.2808 light=0.2808 mat=0.0000
  batch 190/329 | loss=0.1632 light=0.1632 mat=0.0000
  batch 200/329 | loss=0.2061 light=0.2061 mat=0.0000
  batch 210/329 | loss=0.2277 light=0.2277 mat=0.0000
  batch 220/329 | loss=0.2129 light=0.2129 mat=0.0000
  batch 230/329 | loss=0.2040 light=0.2040 mat=0.0000
  batch 240/329 | loss=0.2838 light=0.2838 mat=0.0000
  batch 250/329 | loss=0.2413 light=0.2413 mat=0.0000
  batch 260/329 | loss=0.2213 light=0.2213 mat=0.0000
  batch 270/329 | loss=0.2242 light=0.2242 mat=0.0000
  batch 280/329 | loss=0.2483 light=0.2483 mat=0.0000
  batch 290/329 | loss=0.2289 light=0.2289 mat=0.0000
  batch 300/329 | loss=0.2292 light=0.2292 mat=0.0000
  batch 310/329 | loss=0.1771 light=0.1771 mat=0.0000
  batch 320/329 | loss=0.2044 light=0.2044 mat=0.0000
  train | loss=0.2061 light=0.2061 mat=0.0000
  val   | loss=0.2014 light=0.2014 mat=0.0000
  -> new best model (val_loss=0.2014)

Epoch 3/50
  batch 10/329 | loss=0.2243 light=0.2243 mat=0.0000
  batch 20/329 | loss=0.2360 light=0.2360 mat=0.0000
  batch 30/329 | loss=0.2053 light=0.2053 mat=0.0000
  batch 40/329 | loss=0.2854 light=0.2854 mat=0.0000
  batch 50/329 | loss=0.1665 light=0.1665 mat=0.0000
  batch 60/329 | loss=0.1744 light=0.1744 mat=0.0000
  batch 70/329 | loss=0.1806 light=0.1806 mat=0.0000
  batch 80/329 | loss=0.2016 light=0.2016 mat=0.0000
  batch 90/329 | loss=0.1672 light=0.1672 mat=0.0000
  batch 100/329 | loss=0.1615 light=0.1615 mat=0.0000
  batch 110/329 | loss=0.1557 light=0.1557 mat=0.0000
  batch 120/329 | loss=0.1794 light=0.1794 mat=0.0000
  batch 130/329 | loss=0.1867 light=0.1867 mat=0.0000
  batch 140/329 | loss=0.1568 light=0.1568 mat=0.0000
  batch 150/329 | loss=0.1452 light=0.1452 mat=0.0000
  batch 160/329 | loss=0.1730 light=0.1730 mat=0.0000
  batch 170/329 | loss=0.1455 light=0.1455 mat=0.0000
  batch 180/329 | loss=0.2143 light=0.2143 mat=0.0000
  batch 190/329 | loss=0.1543 light=0.1543 mat=0.0000
  batch 200/329 | loss=0.1619 light=0.1619 mat=0.0000
  batch 210/329 | loss=0.2052 light=0.2052 mat=0.0000
  batch 220/329 | loss=0.2138 light=0.2138 mat=0.0000
  batch 230/329 | loss=0.2076 light=0.2076 mat=0.0000
  batch 240/329 | loss=0.1755 light=0.1755 mat=0.0000
  batch 250/329 | loss=0.1798 light=0.1798 mat=0.0000
  batch 260/329 | loss=0.1892 light=0.1892 mat=0.0000
  batch 270/329 | loss=0.1961 light=0.1961 mat=0.0000
  batch 280/329 | loss=0.2696 light=0.2696 mat=0.0000
  batch 290/329 | loss=0.2946 light=0.2946 mat=0.0000
  batch 300/329 | loss=0.2161 light=0.2161 mat=0.0000
  batch 310/329 | loss=0.1808 light=0.1808 mat=0.0000
  batch 320/329 | loss=0.2060 light=0.2060 mat=0.0000
  train | loss=0.1893 light=0.1893 mat=0.0000
  val   | loss=0.1926 light=0.1926 mat=0.0000
  -> new best model (val_loss=0.1926)

Epoch 4/50
  batch 10/329 | loss=0.2393 light=0.2393 mat=0.0000
  batch 20/329 | loss=0.1717 light=0.1717 mat=0.0000
  batch 30/329 | loss=0.2110 light=0.2110 mat=0.0000
  batch 40/329 | loss=0.1560 light=0.1560 mat=0.0000
  batch 50/329 | loss=0.1724 light=0.1724 mat=0.0000
  batch 60/329 | loss=0.1477 light=0.1477 mat=0.0000
  batch 70/329 | loss=0.1765 light=0.1765 mat=0.0000
  batch 80/329 | loss=0.2136 light=0.2136 mat=0.0000
  batch 90/329 | loss=0.2130 light=0.2130 mat=0.0000
  batch 100/329 | loss=0.1681 light=0.1681 mat=0.0000
  batch 110/329 | loss=0.2068 light=0.2068 mat=0.0000
  batch 120/329 | loss=0.1962 light=0.1962 mat=0.0000
  batch 130/329 | loss=0.1517 light=0.1517 mat=0.0000
  batch 140/329 | loss=0.1395 light=0.1395 mat=0.0000
  batch 150/329 | loss=0.1595 light=0.1595 mat=0.0000
  batch 160/329 | loss=0.1238 light=0.1238 mat=0.0000
  batch 170/329 | loss=0.1399 light=0.1399 mat=0.0000
  batch 180/329 | loss=0.1906 light=0.1906 mat=0.0000
  batch 190/329 | loss=0.2033 light=0.2033 mat=0.0000
  batch 200/329 | loss=0.1829 light=0.1829 mat=0.0000
  batch 210/329 | loss=0.1917 light=0.1917 mat=0.0000
  batch 220/329 | loss=0.1172 light=0.1172 mat=0.0000
  batch 230/329 | loss=0.2262 light=0.2262 mat=0.0000
  batch 240/329 | loss=0.1404 light=0.1404 mat=0.0000
  batch 250/329 | loss=0.1804 light=0.1804 mat=0.0000
  batch 260/329 | loss=0.1526 light=0.1526 mat=0.0000
  batch 270/329 | loss=0.1491 light=0.1491 mat=0.0000
  batch 280/329 | loss=0.1808 light=0.1808 mat=0.0000
  batch 290/329 | loss=0.1612 light=0.1612 mat=0.0000
  batch 300/329 | loss=0.1982 light=0.1982 mat=0.0000
  batch 310/329 | loss=0.1725 light=0.1725 mat=0.0000
  batch 320/329 | loss=0.1501 light=0.1501 mat=0.0000
  train | loss=0.1770 light=0.1770 mat=0.0000
  val   | loss=0.1817 light=0.1817 mat=0.0000
  -> new best model (val_loss=0.1817)

Epoch 5/50
  batch 10/329 | loss=0.1581 light=0.1581 mat=0.0000
  batch 20/329 | loss=0.1674 light=0.1674 mat=0.0000
  batch 30/329 | loss=0.1566 light=0.1566 mat=0.0000
  batch 40/329 | loss=0.1909 light=0.1909 mat=0.0000
  batch 50/329 | loss=0.1955 light=0.1955 mat=0.0000
  batch 60/329 | loss=0.1671 light=0.1671 mat=0.0000
  batch 70/329 | loss=0.1940 light=0.1940 mat=0.0000
  batch 80/329 | loss=0.1778 light=0.1778 mat=0.0000
  batch 90/329 | loss=0.1812 light=0.1812 mat=0.0000
  batch 100/329 | loss=0.1702 light=0.1702 mat=0.0000
  batch 110/329 | loss=0.2232 light=0.2232 mat=0.0000
  batch 120/329 | loss=0.1598 light=0.1598 mat=0.0000
  batch 130/329 | loss=0.1507 light=0.1507 mat=0.0000
  batch 140/329 | loss=0.1723 light=0.1723 mat=0.0000
  batch 150/329 | loss=0.1562 light=0.1562 mat=0.0000
  batch 160/329 | loss=0.1780 light=0.1780 mat=0.0000
  batch 170/329 | loss=0.1321 light=0.1321 mat=0.0000
  batch 180/329 | loss=0.1580 light=0.1580 mat=0.0000
  batch 190/329 | loss=0.1244 light=0.1244 mat=0.0000
  batch 200/329 | loss=0.1876 light=0.1876 mat=0.0000
  batch 210/329 | loss=0.1562 light=0.1562 mat=0.0000
  batch 220/329 | loss=0.2212 light=0.2212 mat=0.0000
  batch 230/329 | loss=0.1877 light=0.1877 mat=0.0000
  batch 240/329 | loss=0.1147 light=0.1147 mat=0.0000
  batch 250/329 | loss=0.1963 light=0.1963 mat=0.0000
  batch 260/329 | loss=0.1717 light=0.1717 mat=0.0000
  batch 270/329 | loss=0.2155 light=0.2155 mat=0.0000
  batch 280/329 | loss=0.1562 light=0.1562 mat=0.0000
  batch 290/329 | loss=0.1219 light=0.1219 mat=0.0000
  batch 300/329 | loss=0.1617 light=0.1617 mat=0.0000
  batch 310/329 | loss=0.2212 light=0.2212 mat=0.0000
  batch 320/329 | loss=0.1699 light=0.1699 mat=0.0000
  train | loss=0.1669 light=0.1669 mat=0.0000
  val   | loss=0.1731 light=0.1731 mat=0.0000
  -> new best model (val_loss=0.1731)

Epoch 6/50
  batch 10/329 | loss=0.1543 light=0.1543 mat=0.0000
  batch 20/329 | loss=0.1240 light=0.1240 mat=0.0000
  batch 30/329 | loss=0.1823 light=0.1823 mat=0.0000
  batch 40/329 | loss=0.1283 light=0.1283 mat=0.0000
  batch 50/329 | loss=0.1541 light=0.1541 mat=0.0000
  batch 60/329 | loss=0.1637 light=0.1637 mat=0.0000
  batch 70/329 | loss=0.2029 light=0.2029 mat=0.0000
  batch 80/329 | loss=0.1405 light=0.1405 mat=0.0000
  batch 90/329 | loss=0.1657 light=0.1657 mat=0.0000
  batch 100/329 | loss=0.1744 light=0.1744 mat=0.0000
  batch 110/329 | loss=0.1682 light=0.1682 mat=0.0000
  batch 120/329 | loss=0.1269 light=0.1269 mat=0.0000
  batch 130/329 | loss=0.1580 light=0.1580 mat=0.0000
  batch 140/329 | loss=0.2187 light=0.2187 mat=0.0000
  batch 150/329 | loss=0.1555 light=0.1555 mat=0.0000
  batch 160/329 | loss=0.1467 light=0.1467 mat=0.0000
  batch 170/329 | loss=0.1602 light=0.1602 mat=0.0000
  batch 180/329 | loss=0.1626 light=0.1626 mat=0.0000
  batch 190/329 | loss=0.1551 light=0.1551 mat=0.0000
  batch 200/329 | loss=0.1354 light=0.1354 mat=0.0000
  batch 210/329 | loss=0.2244 light=0.2244 mat=0.0000
  batch 220/329 | loss=0.1605 light=0.1605 mat=0.0000
  batch 230/329 | loss=0.1297 light=0.1297 mat=0.0000
  batch 240/329 | loss=0.1715 light=0.1715 mat=0.0000
  batch 250/329 | loss=0.1828 light=0.1828 mat=0.0000
  batch 260/329 | loss=0.1580 light=0.1580 mat=0.0000
  batch 270/329 | loss=0.1529 light=0.1529 mat=0.0000
  batch 280/329 | loss=0.1422 light=0.1422 mat=0.0000
  batch 290/329 | loss=0.1306 light=0.1306 mat=0.0000
  batch 300/329 | loss=0.1700 light=0.1700 mat=0.0000
  batch 310/329 | loss=0.1774 light=0.1774 mat=0.0000
  batch 320/329 | loss=0.1598 light=0.1598 mat=0.0000
  train | loss=0.1600 light=0.1600 mat=0.0000
  val   | loss=0.1692 light=0.1692 mat=0.0000
  -> new best model (val_loss=0.1692)

Epoch 7/50
  batch 10/329 | loss=0.1389 light=0.1389 mat=0.0000
  batch 20/329 | loss=0.1274 light=0.1274 mat=0.0000
  batch 30/329 | loss=0.1923 light=0.1923 mat=0.0000
  batch 40/329 | loss=0.1647 light=0.1647 mat=0.0000
  batch 50/329 | loss=0.1304 light=0.1304 mat=0.0000
  batch 60/329 | loss=0.1373 light=0.1373 mat=0.0000
  batch 70/329 | loss=0.1408 light=0.1408 mat=0.0000
  batch 80/329 | loss=0.1364 light=0.1364 mat=0.0000
  batch 90/329 | loss=0.1293 light=0.1293 mat=0.0000
  batch 100/329 | loss=0.1282 light=0.1282 mat=0.0000
  batch 110/329 | loss=0.1338 light=0.1338 mat=0.0000
  batch 120/329 | loss=0.1038 light=0.1038 mat=0.0000
  batch 130/329 | loss=0.1271 light=0.1271 mat=0.0000
  batch 140/329 | loss=0.1387 light=0.1387 mat=0.0000
  batch 150/329 | loss=0.1701 light=0.1701 mat=0.0000
  batch 160/329 | loss=0.1587 light=0.1587 mat=0.0000
  batch 170/329 | loss=0.1395 light=0.1395 mat=0.0000
  batch 180/329 | loss=0.1862 light=0.1862 mat=0.0000
  batch 190/329 | loss=0.1591 light=0.1591 mat=0.0000
  batch 200/329 | loss=0.1300 light=0.1300 mat=0.0000
  batch 210/329 | loss=0.1167 light=0.1167 mat=0.0000
  batch 220/329 | loss=0.1239 light=0.1239 mat=0.0000
  batch 230/329 | loss=0.1305 light=0.1305 mat=0.0000
  batch 240/329 | loss=0.1391 light=0.1391 mat=0.0000
  batch 250/329 | loss=0.1511 light=0.1511 mat=0.0000
  batch 260/329 | loss=0.2446 light=0.2446 mat=0.0000
  batch 270/329 | loss=0.2160 light=0.2160 mat=0.0000
  batch 280/329 | loss=0.1350 light=0.1350 mat=0.0000
  batch 290/329 | loss=0.1711 light=0.1711 mat=0.0000
  batch 300/329 | loss=0.1319 light=0.1319 mat=0.0000
  batch 310/329 | loss=0.1338 light=0.1338 mat=0.0000
  batch 320/329 | loss=0.1510 light=0.1510 mat=0.0000
  train | loss=0.1542 light=0.1542 mat=0.0000
  val   | loss=0.1705 light=0.1705 mat=0.0000

Epoch 8/50
  batch 10/329 | loss=0.1716 light=0.1716 mat=0.0000
  batch 20/329 | loss=0.1567 light=0.1567 mat=0.0000
  batch 30/329 | loss=0.1685 light=0.1685 mat=0.0000
  batch 40/329 | loss=0.1353 light=0.1353 mat=0.0000
  batch 50/329 | loss=0.1227 light=0.1227 mat=0.0000
  batch 60/329 | loss=0.2288 light=0.2288 mat=0.0000
  batch 70/329 | loss=0.1622 light=0.1622 mat=0.0000
  batch 80/329 | loss=0.1145 light=0.1145 mat=0.0000
  batch 90/329 | loss=0.1202 light=0.1202 mat=0.0000
  batch 100/329 | loss=0.1893 light=0.1893 mat=0.0000
  batch 110/329 | loss=0.1314 light=0.1314 mat=0.0000
  batch 120/329 | loss=0.1677 light=0.1677 mat=0.0000
  batch 130/329 | loss=0.0973 light=0.0973 mat=0.0000
  batch 140/329 | loss=0.1533 light=0.1533 mat=0.0000
  batch 150/329 | loss=0.1317 light=0.1317 mat=0.0000
  batch 160/329 | loss=0.1224 light=0.1224 mat=0.0000
  batch 170/329 | loss=0.1121 light=0.1121 mat=0.0000
  batch 180/329 | loss=0.1441 light=0.1441 mat=0.0000
  batch 190/329 | loss=0.1489 light=0.1489 mat=0.0000
  batch 200/329 | loss=0.1440 light=0.1440 mat=0.0000
  batch 210/329 | loss=0.1535 light=0.1535 mat=0.0000
  batch 220/329 | loss=0.1539 light=0.1539 mat=0.0000
  batch 230/329 | loss=0.1328 light=0.1328 mat=0.0000
  batch 240/329 | loss=0.1539 light=0.1539 mat=0.0000
  batch 250/329 | loss=0.1467 light=0.1467 mat=0.0000
  batch 260/329 | loss=0.1291 light=0.1291 mat=0.0000
  batch 270/329 | loss=0.1671 light=0.1671 mat=0.0000
  batch 280/329 | loss=0.1637 light=0.1637 mat=0.0000
  batch 290/329 | loss=0.1064 light=0.1064 mat=0.0000
  batch 300/329 | loss=0.1376 light=0.1376 mat=0.0000
  batch 310/329 | loss=0.1685 light=0.1685 mat=0.0000
  batch 320/329 | loss=0.1587 light=0.1587 mat=0.0000
  train | loss=0.1481 light=0.1481 mat=0.0000
  val   | loss=0.1632 light=0.1632 mat=0.0000
  -> new best model (val_loss=0.1632)

Epoch 9/50
  batch 10/329 | loss=0.1488 light=0.1488 mat=0.0000
  batch 20/329 | loss=0.1430 light=0.1430 mat=0.0000
  batch 30/329 | loss=0.1774 light=0.1774 mat=0.0000
  batch 40/329 | loss=0.1170 light=0.1170 mat=0.0000
  batch 50/329 | loss=0.1745 light=0.1745 mat=0.0000
  batch 60/329 | loss=0.1483 light=0.1483 mat=0.0000
  batch 70/329 | loss=0.2276 light=0.2276 mat=0.0000
  batch 80/329 | loss=0.1244 light=0.1244 mat=0.0000
  batch 90/329 | loss=0.1233 light=0.1233 mat=0.0000
  batch 100/329 | loss=0.1284 light=0.1284 mat=0.0000
  batch 110/329 | loss=0.1298 light=0.1298 mat=0.0000
  batch 120/329 | loss=0.1224 light=0.1224 mat=0.0000
  batch 130/329 | loss=0.1317 light=0.1317 mat=0.0000
  batch 140/329 | loss=0.1492 light=0.1492 mat=0.0000
  batch 150/329 | loss=0.1792 light=0.1792 mat=0.0000
  batch 160/329 | loss=0.1493 light=0.1493 mat=0.0000
  batch 170/329 | loss=0.1474 light=0.1474 mat=0.0000
  batch 180/329 | loss=0.1445 light=0.1445 mat=0.0000
  batch 190/329 | loss=0.1295 light=0.1295 mat=0.0000
  batch 200/329 | loss=0.1641 light=0.1641 mat=0.0000
  batch 210/329 | loss=0.1435 light=0.1435 mat=0.0000
  batch 220/329 | loss=0.1850 light=0.1850 mat=0.0000
  batch 230/329 | loss=0.1524 light=0.1524 mat=0.0000
  batch 240/329 | loss=0.1593 light=0.1593 mat=0.0000
  batch 250/329 | loss=0.1143 light=0.1143 mat=0.0000
  batch 260/329 | loss=0.1250 light=0.1250 mat=0.0000
  batch 270/329 | loss=0.1537 light=0.1537 mat=0.0000
  batch 280/329 | loss=0.1452 light=0.1452 mat=0.0000
  batch 290/329 | loss=0.1717 light=0.1717 mat=0.0000
  batch 300/329 | loss=0.1039 light=0.1039 mat=0.0000
  batch 310/329 | loss=0.1255 light=0.1255 mat=0.0000
  batch 320/329 | loss=0.1015 light=0.1015 mat=0.0000
  train | loss=0.1441 light=0.1441 mat=0.0000
  val   | loss=0.1572 light=0.1572 mat=0.0000
  -> new best model (val_loss=0.1572)

Epoch 10/50
  batch 10/329 | loss=0.1357 light=0.1357 mat=0.0000
  batch 20/329 | loss=0.1074 light=0.1074 mat=0.0000
  batch 30/329 | loss=0.1106 light=0.1106 mat=0.0000
  batch 40/329 | loss=0.1510 light=0.1510 mat=0.0000
  batch 50/329 | loss=0.1194 light=0.1194 mat=0.0000
  batch 60/329 | loss=0.1440 light=0.1440 mat=0.0000
  batch 70/329 | loss=0.1387 light=0.1387 mat=0.0000
  batch 80/329 | loss=0.1404 light=0.1404 mat=0.0000
  batch 90/329 | loss=0.1480 light=0.1480 mat=0.0000
  batch 100/329 | loss=0.1701 light=0.1701 mat=0.0000
  batch 110/329 | loss=0.1621 light=0.1621 mat=0.0000
  batch 120/329 | loss=0.1712 light=0.1712 mat=0.0000
  batch 130/329 | loss=0.1360 light=0.1360 mat=0.0000
  batch 140/329 | loss=0.1182 light=0.1182 mat=0.0000
  batch 150/329 | loss=0.1427 light=0.1427 mat=0.0000
  batch 160/329 | loss=0.1319 light=0.1319 mat=0.0000
  batch 170/329 | loss=0.0944 light=0.0944 mat=0.0000
  batch 180/329 | loss=0.1163 light=0.1163 mat=0.0000
  batch 190/329 | loss=0.1228 light=0.1228 mat=0.0000
  batch 200/329 | loss=0.1433 light=0.1433 mat=0.0000
  batch 210/329 | loss=0.1339 light=0.1339 mat=0.0000
  batch 220/329 | loss=0.1217 light=0.1217 mat=0.0000
  batch 230/329 | loss=0.1102 light=0.1102 mat=0.0000
  batch 240/329 | loss=0.1475 light=0.1475 mat=0.0000
  batch 250/329 | loss=0.1365 light=0.1365 mat=0.0000
  batch 260/329 | loss=0.1550 light=0.1550 mat=0.0000
  batch 270/329 | loss=0.1818 light=0.1818 mat=0.0000
  batch 280/329 | loss=0.1818 light=0.1818 mat=0.0000
  batch 290/329 | loss=0.1609 light=0.1609 mat=0.0000
  batch 300/329 | loss=0.1443 light=0.1443 mat=0.0000
  batch 310/329 | loss=0.1232 light=0.1232 mat=0.0000
  batch 320/329 | loss=0.1852 light=0.1852 mat=0.0000
  train | loss=0.1391 light=0.1391 mat=0.0000
  val   | loss=0.1568 light=0.1568 mat=0.0000
  -> new best model (val_loss=0.1568)

Epoch 11/50
  batch 10/329 | loss=0.1047 light=0.1047 mat=0.0000
  batch 20/329 | loss=0.1542 light=0.1542 mat=0.0000
  batch 30/329 | loss=0.1172 light=0.1172 mat=0.0000
  batch 40/329 | loss=0.1718 light=0.1718 mat=0.0000
  batch 50/329 | loss=0.1442 light=0.1442 mat=0.0000
  batch 60/329 | loss=0.1300 light=0.1300 mat=0.0000
  batch 70/329 | loss=0.1481 light=0.1481 mat=0.0000
  batch 80/329 | loss=0.1468 light=0.1468 mat=0.0000
  batch 90/329 | loss=0.1280 light=0.1280 mat=0.0000
  batch 100/329 | loss=0.1272 light=0.1272 mat=0.0000
  batch 110/329 | loss=0.1123 light=0.1123 mat=0.0000
  batch 120/329 | loss=0.1086 light=0.1086 mat=0.0000
  batch 130/329 | loss=0.1717 light=0.1717 mat=0.0000
  batch 140/329 | loss=0.1269 light=0.1269 mat=0.0000
  batch 150/329 | loss=0.1575 light=0.1575 mat=0.0000
  batch 160/329 | loss=0.1230 light=0.1230 mat=0.0000
  batch 170/329 | loss=0.1286 light=0.1286 mat=0.0000
  batch 180/329 | loss=0.1189 light=0.1189 mat=0.0000
  batch 190/329 | loss=0.1121 light=0.1121 mat=0.0000
  batch 200/329 | loss=0.1401 light=0.1401 mat=0.0000
  batch 210/329 | loss=0.1499 light=0.1499 mat=0.0000
  batch 220/329 | loss=0.1331 light=0.1331 mat=0.0000
  batch 230/329 | loss=0.1493 light=0.1493 mat=0.0000
  batch 240/329 | loss=0.1354 light=0.1354 mat=0.0000
  batch 250/329 | loss=0.1322 light=0.1322 mat=0.0000
  batch 260/329 | loss=0.1533 light=0.1533 mat=0.0000
  batch 270/329 | loss=0.1780 light=0.1780 mat=0.0000
  batch 280/329 | loss=0.1385 light=0.1385 mat=0.0000
  batch 290/329 | loss=0.1472 light=0.1472 mat=0.0000
  batch 300/329 | loss=0.1049 light=0.1049 mat=0.0000
  batch 310/329 | loss=0.1345 light=0.1345 mat=0.0000
  batch 320/329 | loss=0.1611 light=0.1611 mat=0.0000
  train | loss=0.1364 light=0.1364 mat=0.0000
  val   | loss=0.1548 light=0.1548 mat=0.0000
  -> new best model (val_loss=0.1548)

Epoch 12/50
  batch 10/329 | loss=0.1319 light=0.1319 mat=0.0000
  batch 20/329 | loss=0.1397 light=0.1397 mat=0.0000
  batch 30/329 | loss=0.0966 light=0.0966 mat=0.0000
  batch 40/329 | loss=0.1303 light=0.1303 mat=0.0000
  batch 50/329 | loss=0.1114 light=0.1114 mat=0.0000
  batch 60/329 | loss=0.1728 light=0.1728 mat=0.0000
  batch 70/329 | loss=0.1111 light=0.1111 mat=0.0000
  batch 80/329 | loss=0.1158 light=0.1158 mat=0.0000
  batch 90/329 | loss=0.1079 light=0.1079 mat=0.0000
  batch 100/329 | loss=0.1596 light=0.1596 mat=0.0000
  batch 110/329 | loss=0.1650 light=0.1650 mat=0.0000
  batch 120/329 | loss=0.2016 light=0.2016 mat=0.0000
  batch 130/329 | loss=0.1344 light=0.1344 mat=0.0000
  batch 140/329 | loss=0.0977 light=0.0977 mat=0.0000
  batch 150/329 | loss=0.1369 light=0.1369 mat=0.0000
  batch 160/329 | loss=0.1284 light=0.1284 mat=0.0000
  batch 170/329 | loss=0.1875 light=0.1875 mat=0.0000
  batch 180/329 | loss=0.1088 light=0.1088 mat=0.0000
  batch 190/329 | loss=0.1705 light=0.1705 mat=0.0000
  batch 200/329 | loss=0.0958 light=0.0958 mat=0.0000
  batch 210/329 | loss=0.1180 light=0.1180 mat=0.0000
  batch 220/329 | loss=0.1230 light=0.1230 mat=0.0000
  batch 230/329 | loss=0.0913 light=0.0913 mat=0.0000
  batch 240/329 | loss=0.1517 light=0.1517 mat=0.0000
  batch 250/329 | loss=0.1154 light=0.1154 mat=0.0000
  batch 260/329 | loss=0.1071 light=0.1071 mat=0.0000
  batch 270/329 | loss=0.1416 light=0.1416 mat=0.0000
  batch 280/329 | loss=0.1188 light=0.1188 mat=0.0000
  batch 290/329 | loss=0.1321 light=0.1321 mat=0.0000
  batch 300/329 | loss=0.1215 light=0.1215 mat=0.0000
  batch 310/329 | loss=0.1640 light=0.1640 mat=0.0000
  batch 320/329 | loss=0.1436 light=0.1436 mat=0.0000
  train | loss=0.1319 light=0.1319 mat=0.0000
  val   | loss=0.1531 light=0.1531 mat=0.0000
  -> new best model (val_loss=0.1531)

Epoch 13/50
  batch 10/329 | loss=0.1791 light=0.1791 mat=0.0000
  batch 20/329 | loss=0.2023 light=0.2023 mat=0.0000
  batch 30/329 | loss=0.1197 light=0.1197 mat=0.0000
  batch 40/329 | loss=0.1179 light=0.1179 mat=0.0000
  batch 50/329 | loss=0.1189 light=0.1189 mat=0.0000
  batch 60/329 | loss=0.1037 light=0.1037 mat=0.0000
  batch 70/329 | loss=0.1229 light=0.1229 mat=0.0000
  batch 80/329 | loss=0.1283 light=0.1283 mat=0.0000
  batch 90/329 | loss=0.1454 light=0.1454 mat=0.0000
  batch 100/329 | loss=0.1110 light=0.1110 mat=0.0000
  batch 110/329 | loss=0.1025 light=0.1025 mat=0.0000
  batch 120/329 | loss=0.1266 light=0.1266 mat=0.0000
  batch 130/329 | loss=0.1464 light=0.1464 mat=0.0000
  batch 140/329 | loss=0.1619 light=0.1619 mat=0.0000
  batch 150/329 | loss=0.1276 light=0.1276 mat=0.0000
  batch 160/329 | loss=0.1574 light=0.1574 mat=0.0000
  batch 170/329 | loss=0.1017 light=0.1017 mat=0.0000
  batch 180/329 | loss=0.1182 light=0.1182 mat=0.0000
  batch 190/329 | loss=0.1180 light=0.1180 mat=0.0000
  batch 200/329 | loss=0.1655 light=0.1655 mat=0.0000
  batch 210/329 | loss=0.1871 light=0.1871 mat=0.0000
  batch 220/329 | loss=0.1863 light=0.1863 mat=0.0000
  batch 230/329 | loss=0.0982 light=0.0982 mat=0.0000
  batch 240/329 | loss=0.1267 light=0.1267 mat=0.0000
  batch 250/329 | loss=0.1267 light=0.1267 mat=0.0000
  batch 260/329 | loss=0.1495 light=0.1495 mat=0.0000
  batch 270/329 | loss=0.1318 light=0.1318 mat=0.0000
  batch 280/329 | loss=0.1293 light=0.1293 mat=0.0000
  batch 290/329 | loss=0.1398 light=0.1398 mat=0.0000
  batch 300/329 | loss=0.1450 light=0.1450 mat=0.0000
  batch 310/329 | loss=0.1517 light=0.1517 mat=0.0000
  batch 320/329 | loss=0.1505 light=0.1505 mat=0.0000
  train | loss=0.1288 light=0.1288 mat=0.0000
  val   | loss=0.1513 light=0.1513 mat=0.0000
  -> new best model (val_loss=0.1513)

Epoch 14/50
  batch 10/329 | loss=0.1180 light=0.1180 mat=0.0000
  batch 20/329 | loss=0.1214 light=0.1214 mat=0.0000
  batch 30/329 | loss=0.1297 light=0.1297 mat=0.0000
  batch 40/329 | loss=0.1429 light=0.1429 mat=0.0000
  batch 50/329 | loss=0.1480 light=0.1480 mat=0.0000
  batch 60/329 | loss=0.1398 light=0.1398 mat=0.0000
  batch 70/329 | loss=0.1128 light=0.1128 mat=0.0000
  batch 80/329 | loss=0.0801 light=0.0801 mat=0.0000
  batch 90/329 | loss=0.1201 light=0.1201 mat=0.0000
  batch 100/329 | loss=0.1042 light=0.1042 mat=0.0000
  batch 110/329 | loss=0.1504 light=0.1504 mat=0.0000
  batch 120/329 | loss=0.1283 light=0.1283 mat=0.0000
  batch 130/329 | loss=0.1265 light=0.1265 mat=0.0000
  batch 140/329 | loss=0.1252 light=0.1252 mat=0.0000
  batch 150/329 | loss=0.1159 light=0.1159 mat=0.0000
  batch 160/329 | loss=0.1344 light=0.1344 mat=0.0000
  batch 170/329 | loss=0.1395 light=0.1395 mat=0.0000
  batch 180/329 | loss=0.1088 light=0.1088 mat=0.0000
  batch 190/329 | loss=0.1451 light=0.1451 mat=0.0000
  batch 200/329 | loss=0.1310 light=0.1310 mat=0.0000
  batch 210/329 | loss=0.1210 light=0.1210 mat=0.0000
  batch 220/329 | loss=0.1523 light=0.1523 mat=0.0000
  batch 230/329 | loss=0.1687 light=0.1687 mat=0.0000
  batch 240/329 | loss=0.1055 light=0.1055 mat=0.0000
  batch 250/329 | loss=0.1297 light=0.1297 mat=0.0000
  batch 260/329 | loss=0.1136 light=0.1136 mat=0.0000
  batch 270/329 | loss=0.1361 light=0.1361 mat=0.0000
  batch 280/329 | loss=0.1421 light=0.1421 mat=0.0000
  batch 290/329 | loss=0.1175 light=0.1175 mat=0.0000
  batch 300/329 | loss=0.1415 light=0.1415 mat=0.0000
  batch 310/329 | loss=0.1376 light=0.1376 mat=0.0000
  batch 320/329 | loss=0.1668 light=0.1668 mat=0.0000
  train | loss=0.1255 light=0.1255 mat=0.0000
  val   | loss=0.1476 light=0.1476 mat=0.0000
  -> new best model (val_loss=0.1476)

Epoch 15/50
  batch 10/329 | loss=0.1102 light=0.1102 mat=0.0000
  batch 20/329 | loss=0.1375 light=0.1375 mat=0.0000
  batch 30/329 | loss=0.0801 light=0.0801 mat=0.0000
  batch 40/329 | loss=0.1401 light=0.1401 mat=0.0000
  batch 50/329 | loss=0.1525 light=0.1525 mat=0.0000
  batch 60/329 | loss=0.1293 light=0.1293 mat=0.0000
  batch 70/329 | loss=0.1459 light=0.1459 mat=0.0000
  batch 80/329 | loss=0.1539 light=0.1539 mat=0.0000
  batch 90/329 | loss=0.1042 light=0.1042 mat=0.0000
  batch 100/329 | loss=0.1199 light=0.1199 mat=0.0000
  batch 110/329 | loss=0.1110 light=0.1110 mat=0.0000
  batch 120/329 | loss=0.1078 light=0.1078 mat=0.0000
  batch 130/329 | loss=0.1319 light=0.1319 mat=0.0000
  batch 140/329 | loss=0.1152 light=0.1152 mat=0.0000
  batch 150/329 | loss=0.1221 light=0.1221 mat=0.0000
  batch 160/329 | loss=0.1445 light=0.1445 mat=0.0000
  batch 170/329 | loss=0.1417 light=0.1417 mat=0.0000
  batch 180/329 | loss=0.1193 light=0.1193 mat=0.0000
  batch 190/329 | loss=0.0988 light=0.0988 mat=0.0000
  batch 200/329 | loss=0.1011 light=0.1011 mat=0.0000
  batch 210/329 | loss=0.1134 light=0.1134 mat=0.0000
  batch 220/329 | loss=0.1943 light=0.1943 mat=0.0000
  batch 230/329 | loss=0.1209 light=0.1209 mat=0.0000
  batch 240/329 | loss=0.1171 light=0.1171 mat=0.0000
  batch 250/329 | loss=0.1068 light=0.1068 mat=0.0000
  batch 260/329 | loss=0.1343 light=0.1343 mat=0.0000
  batch 270/329 | loss=0.1111 light=0.1111 mat=0.0000
  batch 280/329 | loss=0.1001 light=0.1001 mat=0.0000
  batch 290/329 | loss=0.1063 light=0.1063 mat=0.0000
  batch 300/329 | loss=0.0958 light=0.0958 mat=0.0000
  batch 310/329 | loss=0.0923 light=0.0923 mat=0.0000
  batch 320/329 | loss=0.1479 light=0.1479 mat=0.0000
  train | loss=0.1227 light=0.1227 mat=0.0000
  val   | loss=0.1472 light=0.1472 mat=0.0000
  -> new best model (val_loss=0.1472)

Epoch 16/50
  batch 10/329 | loss=0.1702 light=0.1702 mat=0.0000
  batch 20/329 | loss=0.1200 light=0.1200 mat=0.0000
  batch 30/329 | loss=0.1411 light=0.1411 mat=0.0000
  batch 40/329 | loss=0.1004 light=0.1004 mat=0.0000
  batch 50/329 | loss=0.1453 light=0.1453 mat=0.0000
  batch 60/329 | loss=0.1523 light=0.1523 mat=0.0000
  batch 70/329 | loss=0.0898 light=0.0898 mat=0.0000
  batch 80/329 | loss=0.0926 light=0.0926 mat=0.0000
  batch 90/329 | loss=0.1160 light=0.1160 mat=0.0000
  batch 100/329 | loss=0.1056 light=0.1056 mat=0.0000
  batch 110/329 | loss=0.1129 light=0.1129 mat=0.0000
  batch 120/329 | loss=0.1178 light=0.1178 mat=0.0000
  batch 130/329 | loss=0.0937 light=0.0937 mat=0.0000
  batch 140/329 | loss=0.1402 light=0.1402 mat=0.0000
  batch 150/329 | loss=0.1279 light=0.1279 mat=0.0000
  batch 160/329 | loss=0.0988 light=0.0988 mat=0.0000
  batch 170/329 | loss=0.1172 light=0.1172 mat=0.0000
  batch 180/329 | loss=0.1231 light=0.1231 mat=0.0000
  batch 190/329 | loss=0.1067 light=0.1067 mat=0.0000
  batch 200/329 | loss=0.0984 light=0.0984 mat=0.0000
  batch 210/329 | loss=0.1396 light=0.1396 mat=0.0000
  batch 220/329 | loss=0.1554 light=0.1554 mat=0.0000
  batch 230/329 | loss=0.1022 light=0.1022 mat=0.0000
  batch 240/329 | loss=0.1015 light=0.1015 mat=0.0000
  batch 250/329 | loss=0.1559 light=0.1559 mat=0.0000
  batch 260/329 | loss=0.1289 light=0.1289 mat=0.0000
  batch 270/329 | loss=0.1059 light=0.1059 mat=0.0000
  batch 280/329 | loss=0.1073 light=0.1073 mat=0.0000
  batch 290/329 | loss=0.1261 light=0.1261 mat=0.0000
  batch 300/329 | loss=0.1336 light=0.1336 mat=0.0000
  batch 310/329 | loss=0.1203 light=0.1203 mat=0.0000
  batch 320/329 | loss=0.0904 light=0.0904 mat=0.0000
  train | loss=0.1206 light=0.1206 mat=0.0000
  val   | loss=0.1437 light=0.1437 mat=0.0000
  -> new best model (val_loss=0.1437)

Epoch 17/50
  batch 10/329 | loss=0.1203 light=0.1203 mat=0.0000
  batch 20/329 | loss=0.1060 light=0.1060 mat=0.0000
  batch 30/329 | loss=0.0956 light=0.0956 mat=0.0000
  batch 40/329 | loss=0.1100 light=0.1100 mat=0.0000
  batch 50/329 | loss=0.0899 light=0.0899 mat=0.0000
  batch 60/329 | loss=0.1120 light=0.1120 mat=0.0000
  batch 70/329 | loss=0.1401 light=0.1401 mat=0.0000
  batch 80/329 | loss=0.1098 light=0.1098 mat=0.0000
  batch 90/329 | loss=0.1116 light=0.1116 mat=0.0000
  batch 100/329 | loss=0.1272 light=0.1272 mat=0.0000
  batch 110/329 | loss=0.1215 light=0.1215 mat=0.0000
  batch 120/329 | loss=0.1372 light=0.1372 mat=0.0000
  batch 130/329 | loss=0.1178 light=0.1178 mat=0.0000
  batch 140/329 | loss=0.1084 light=0.1084 mat=0.0000
  batch 150/329 | loss=0.1106 light=0.1106 mat=0.0000
  batch 160/329 | loss=0.1012 light=0.1012 mat=0.0000
  batch 170/329 | loss=0.1006 light=0.1006 mat=0.0000
  batch 180/329 | loss=0.1050 light=0.1050 mat=0.0000
  batch 190/329 | loss=0.1046 light=0.1046 mat=0.0000
  batch 200/329 | loss=0.1260 light=0.1260 mat=0.0000
  batch 210/329 | loss=0.1235 light=0.1235 mat=0.0000
  batch 220/329 | loss=0.1270 light=0.1270 mat=0.0000
  batch 230/329 | loss=0.0950 light=0.0950 mat=0.0000
  batch 240/329 | loss=0.0974 light=0.0974 mat=0.0000
  batch 250/329 | loss=0.1367 light=0.1367 mat=0.0000
  batch 260/329 | loss=0.1311 light=0.1311 mat=0.0000
  batch 270/329 | loss=0.1116 light=0.1116 mat=0.0000
  batch 280/329 | loss=0.1185 light=0.1185 mat=0.0000
  batch 290/329 | loss=0.1201 light=0.1201 mat=0.0000
  batch 300/329 | loss=0.1387 light=0.1387 mat=0.0000
  batch 310/329 | loss=0.0950 light=0.0950 mat=0.0000
  batch 320/329 | loss=0.1077 light=0.1077 mat=0.0000
  train | loss=0.1177 light=0.1177 mat=0.0000
  val   | loss=0.1439 light=0.1439 mat=0.0000

Epoch 18/50
  batch 10/329 | loss=0.0984 light=0.0984 mat=0.0000
  batch 20/329 | loss=0.1276 light=0.1276 mat=0.0000
  batch 30/329 | loss=0.0767 light=0.0767 mat=0.0000
  batch 40/329 | loss=0.0939 light=0.0939 mat=0.0000
  batch 50/329 | loss=0.1549 light=0.1549 mat=0.0000
  batch 60/329 | loss=0.1080 light=0.1080 mat=0.0000
  batch 70/329 | loss=0.0772 light=0.0772 mat=0.0000
  batch 80/329 | loss=0.1120 light=0.1120 mat=0.0000
  batch 90/329 | loss=0.1134 light=0.1134 mat=0.0000
  batch 100/329 | loss=0.1103 light=0.1103 mat=0.0000
  batch 110/329 | loss=0.1127 light=0.1127 mat=0.0000
  batch 120/329 | loss=0.1012 light=0.1012 mat=0.0000
  batch 130/329 | loss=0.1096 light=0.1096 mat=0.0000
  batch 140/329 | loss=0.1030 light=0.1030 mat=0.0000
  batch 150/329 | loss=0.1175 light=0.1175 mat=0.0000
  batch 160/329 | loss=0.1102 light=0.1102 mat=0.0000
  batch 170/329 | loss=0.1285 light=0.1285 mat=0.0000
  batch 180/329 | loss=0.1068 light=0.1068 mat=0.0000
  batch 190/329 | loss=0.1212 light=0.1212 mat=0.0000
  batch 200/329 | loss=0.1358 light=0.1358 mat=0.0000
  batch 210/329 | loss=0.1101 light=0.1101 mat=0.0000
  batch 220/329 | loss=0.1688 light=0.1688 mat=0.0000
  batch 230/329 | loss=0.1513 light=0.1513 mat=0.0000
  batch 240/329 | loss=0.0879 light=0.0879 mat=0.0000
  batch 250/329 | loss=0.0958 light=0.0958 mat=0.0000
  batch 260/329 | loss=0.1104 light=0.1104 mat=0.0000
  batch 270/329 | loss=0.1457 light=0.1457 mat=0.0000
  batch 280/329 | loss=0.1006 light=0.1006 mat=0.0000
  batch 290/329 | loss=0.1210 light=0.1210 mat=0.0000
  batch 300/329 | loss=0.1198 light=0.1198 mat=0.0000
  batch 310/329 | loss=0.1375 light=0.1375 mat=0.0000
  batch 320/329 | loss=0.1246 light=0.1246 mat=0.0000
  train | loss=0.1154 light=0.1154 mat=0.0000
  val   | loss=0.1421 light=0.1421 mat=0.0000
  -> new best model (val_loss=0.1421)

Epoch 19/50
  batch 10/329 | loss=0.1387 light=0.1387 mat=0.0000
  batch 20/329 | loss=0.0930 light=0.0930 mat=0.0000
  batch 30/329 | loss=0.1288 light=0.1288 mat=0.0000
  batch 40/329 | loss=0.1223 light=0.1223 mat=0.0000
  batch 50/329 | loss=0.0867 light=0.0867 mat=0.0000
  batch 60/329 | loss=0.1326 light=0.1326 mat=0.0000
  batch 70/329 | loss=0.1196 light=0.1196 mat=0.0000
  batch 80/329 | loss=0.1239 light=0.1239 mat=0.0000
  batch 90/329 | loss=0.1064 light=0.1064 mat=0.0000
  batch 100/329 | loss=0.1480 light=0.1480 mat=0.0000
  batch 110/329 | loss=0.0847 light=0.0847 mat=0.0000
  batch 120/329 | loss=0.1140 light=0.1140 mat=0.0000
  batch 130/329 | loss=0.1410 light=0.1410 mat=0.0000
  batch 140/329 | loss=0.1435 light=0.1435 mat=0.0000
  batch 150/329 | loss=0.1308 light=0.1308 mat=0.0000
  batch 160/329 | loss=0.0991 light=0.0991 mat=0.0000
  batch 170/329 | loss=0.0880 light=0.0880 mat=0.0000
  batch 180/329 | loss=0.0881 light=0.0881 mat=0.0000
  batch 190/329 | loss=0.1124 light=0.1124 mat=0.0000
  batch 200/329 | loss=0.1056 light=0.1056 mat=0.0000
  batch 210/329 | loss=0.0793 light=0.0793 mat=0.0000
  batch 220/329 | loss=0.0839 light=0.0839 mat=0.0000
  batch 230/329 | loss=0.1288 light=0.1288 mat=0.0000
  batch 240/329 | loss=0.1299 light=0.1299 mat=0.0000
  batch 250/329 | loss=0.1441 light=0.1441 mat=0.0000
  batch 260/329 | loss=0.1149 light=0.1149 mat=0.0000
  batch 270/329 | loss=0.1101 light=0.1101 mat=0.0000
  batch 280/329 | loss=0.1477 light=0.1477 mat=0.0000
  batch 290/329 | loss=0.0879 light=0.0879 mat=0.0000
  batch 300/329 | loss=0.1008 light=0.1008 mat=0.0000
  batch 310/329 | loss=0.0960 light=0.0960 mat=0.0000
  batch 320/329 | loss=0.1410 light=0.1410 mat=0.0000
  train | loss=0.1127 light=0.1127 mat=0.0000
  val   | loss=0.1424 light=0.1424 mat=0.0000

Epoch 20/50
  batch 10/329 | loss=0.1297 light=0.1297 mat=0.0000
  batch 20/329 | loss=0.1085 light=0.1085 mat=0.0000
  batch 30/329 | loss=0.1568 light=0.1568 mat=0.0000
  batch 40/329 | loss=0.1427 light=0.1427 mat=0.0000
  batch 50/329 | loss=0.0809 light=0.0809 mat=0.0000
  batch 60/329 | loss=0.0841 light=0.0841 mat=0.0000
  batch 70/329 | loss=0.0958 light=0.0958 mat=0.0000
  batch 80/329 | loss=0.1002 light=0.1002 mat=0.0000
  batch 90/329 | loss=0.1132 light=0.1132 mat=0.0000
  batch 100/329 | loss=0.0891 light=0.0891 mat=0.0000
  batch 110/329 | loss=0.0995 light=0.0995 mat=0.0000
  batch 120/329 | loss=0.1135 light=0.1135 mat=0.0000
  batch 130/329 | loss=0.0666 light=0.0666 mat=0.0000
  batch 140/329 | loss=0.1263 light=0.1263 mat=0.0000
  batch 150/329 | loss=0.1298 light=0.1298 mat=0.0000
  batch 160/329 | loss=0.0799 light=0.0799 mat=0.0000
  batch 170/329 | loss=0.0994 light=0.0994 mat=0.0000
  batch 180/329 | loss=0.1299 light=0.1299 mat=0.0000
  batch 190/329 | loss=0.1267 light=0.1267 mat=0.0000
  batch 200/329 | loss=0.0873 light=0.0873 mat=0.0000
  batch 210/329 | loss=0.1147 light=0.1147 mat=0.0000
  batch 220/329 | loss=0.0767 light=0.0767 mat=0.0000
  batch 230/329 | loss=0.0872 light=0.0872 mat=0.0000
  batch 240/329 | loss=0.1050 light=0.1050 mat=0.0000
  batch 250/329 | loss=0.1087 light=0.1087 mat=0.0000
  batch 260/329 | loss=0.1529 light=0.1529 mat=0.0000
  batch 270/329 | loss=0.1134 light=0.1134 mat=0.0000
  batch 280/329 | loss=0.0936 light=0.0936 mat=0.0000
  batch 290/329 | loss=0.0700 light=0.0700 mat=0.0000
  batch 300/329 | loss=0.1018 light=0.1018 mat=0.0000
  batch 310/329 | loss=0.1226 light=0.1226 mat=0.0000
  batch 320/329 | loss=0.0983 light=0.0983 mat=0.0000
  train | loss=0.1102 light=0.1102 mat=0.0000
  val   | loss=0.1392 light=0.1392 mat=0.0000
  -> new best model (val_loss=0.1392)

Epoch 21/50
  batch 10/329 | loss=0.0847 light=0.0847 mat=0.0000
  batch 20/329 | loss=0.1044 light=0.1044 mat=0.0000
  batch 30/329 | loss=0.1140 light=0.1140 mat=0.0000
  batch 40/329 | loss=0.1177 light=0.1177 mat=0.0000
  batch 50/329 | loss=0.0980 light=0.0980 mat=0.0000
  batch 60/329 | loss=0.1188 light=0.1188 mat=0.0000
  batch 70/329 | loss=0.1007 light=0.1007 mat=0.0000
  batch 80/329 | loss=0.0938 light=0.0938 mat=0.0000
  batch 90/329 | loss=0.0995 light=0.0995 mat=0.0000
  batch 100/329 | loss=0.1235 light=0.1235 mat=0.0000
  batch 110/329 | loss=0.1044 light=0.1044 mat=0.0000
  batch 120/329 | loss=0.0913 light=0.0913 mat=0.0000
  batch 130/329 | loss=0.0795 light=0.0795 mat=0.0000
  batch 140/329 | loss=0.1040 light=0.1040 mat=0.0000
  batch 150/329 | loss=0.0964 light=0.0964 mat=0.0000
  batch 160/329 | loss=0.1104 light=0.1104 mat=0.0000
  batch 170/329 | loss=0.1073 light=0.1073 mat=0.0000
  batch 180/329 | loss=0.1073 light=0.1073 mat=0.0000
  batch 190/329 | loss=0.0777 light=0.0777 mat=0.0000
  batch 200/329 | loss=0.1095 light=0.1095 mat=0.0000
  batch 210/329 | loss=0.1493 light=0.1493 mat=0.0000
  batch 220/329 | loss=0.1246 light=0.1246 mat=0.0000
  batch 230/329 | loss=0.1223 light=0.1223 mat=0.0000
  batch 240/329 | loss=0.1241 light=0.1241 mat=0.0000
  batch 250/329 | loss=0.0985 light=0.0985 mat=0.0000
  batch 260/329 | loss=0.0895 light=0.0895 mat=0.0000
  batch 270/329 | loss=0.1133 light=0.1133 mat=0.0000
  batch 280/329 | loss=0.0818 light=0.0818 mat=0.0000
  batch 290/329 | loss=0.1097 light=0.1097 mat=0.0000
  batch 300/329 | loss=0.0926 light=0.0926 mat=0.0000
  batch 310/329 | loss=0.1322 light=0.1322 mat=0.0000
  batch 320/329 | loss=0.1239 light=0.1239 mat=0.0000
  train | loss=0.1078 light=0.1078 mat=0.0000
  val   | loss=0.1379 light=0.1379 mat=0.0000
  -> new best model (val_loss=0.1379)

Epoch 22/50
  batch 10/329 | loss=0.1016 light=0.1016 mat=0.0000
  batch 20/329 | loss=0.1171 light=0.1171 mat=0.0000
  batch 30/329 | loss=0.1109 light=0.1109 mat=0.0000
  batch 40/329 | loss=0.0940 light=0.0940 mat=0.0000
  batch 50/329 | loss=0.1336 light=0.1336 mat=0.0000
  batch 60/329 | loss=0.1574 light=0.1574 mat=0.0000
  batch 70/329 | loss=0.0832 light=0.0832 mat=0.0000
  batch 80/329 | loss=0.1040 light=0.1040 mat=0.0000
  batch 90/329 | loss=0.0767 light=0.0767 mat=0.0000
  batch 100/329 | loss=0.0841 light=0.0841 mat=0.0000
  batch 110/329 | loss=0.0875 light=0.0875 mat=0.0000
  batch 120/329 | loss=0.1623 light=0.1623 mat=0.0000
  batch 130/329 | loss=0.0954 light=0.0954 mat=0.0000
  batch 140/329 | loss=0.1056 light=0.1056 mat=0.0000
  batch 150/329 | loss=0.1126 light=0.1126 mat=0.0000
  batch 160/329 | loss=0.1207 light=0.1207 mat=0.0000
  batch 170/329 | loss=0.1229 light=0.1229 mat=0.0000
  batch 180/329 | loss=0.0837 light=0.0837 mat=0.0000
  batch 190/329 | loss=0.1113 light=0.1113 mat=0.0000
  batch 200/329 | loss=0.0942 light=0.0942 mat=0.0000
  batch 210/329 | loss=0.1080 light=0.1080 mat=0.0000
  batch 220/329 | loss=0.0955 light=0.0955 mat=0.0000
  batch 230/329 | loss=0.0832 light=0.0832 mat=0.0000
  batch 240/329 | loss=0.1059 light=0.1059 mat=0.0000
  batch 250/329 | loss=0.1389 light=0.1389 mat=0.0000
  batch 260/329 | loss=0.1018 light=0.1018 mat=0.0000
  batch 270/329 | loss=0.0823 light=0.0823 mat=0.0000
  batch 280/329 | loss=0.0974 light=0.0974 mat=0.0000
  batch 290/329 | loss=0.1153 light=0.1153 mat=0.0000
  batch 300/329 | loss=0.1039 light=0.1039 mat=0.0000
  batch 310/329 | loss=0.1277 light=0.1277 mat=0.0000
  batch 320/329 | loss=0.1258 light=0.1258 mat=0.0000
  train | loss=0.1060 light=0.1060 mat=0.0000
  val   | loss=0.1377 light=0.1377 mat=0.0000
  -> new best model (val_loss=0.1377)

Epoch 23/50
  batch 10/329 | loss=0.0778 light=0.0778 mat=0.0000
  batch 20/329 | loss=0.1162 light=0.1162 mat=0.0000
  batch 30/329 | loss=0.0934 light=0.0934 mat=0.0000
  batch 40/329 | loss=0.0804 light=0.0804 mat=0.0000
  batch 50/329 | loss=0.1136 light=0.1136 mat=0.0000
  batch 60/329 | loss=0.0884 light=0.0884 mat=0.0000
  batch 70/329 | loss=0.1044 light=0.1044 mat=0.0000
  batch 80/329 | loss=0.1200 light=0.1200 mat=0.0000
  batch 90/329 | loss=0.0924 light=0.0924 mat=0.0000
  batch 100/329 | loss=0.1072 light=0.1072 mat=0.0000
  batch 110/329 | loss=0.0747 light=0.0747 mat=0.0000
  batch 120/329 | loss=0.1048 light=0.1048 mat=0.0000
  batch 130/329 | loss=0.1540 light=0.1540 mat=0.0000
  batch 140/329 | loss=0.0813 light=0.0813 mat=0.0000
  batch 150/329 | loss=0.1381 light=0.1381 mat=0.0000
  batch 160/329 | loss=0.1064 light=0.1064 mat=0.0000
  batch 170/329 | loss=0.1128 light=0.1128 mat=0.0000
  batch 180/329 | loss=0.0928 light=0.0928 mat=0.0000
  batch 190/329 | loss=0.0928 light=0.0928 mat=0.0000
  batch 200/329 | loss=0.0986 light=0.0986 mat=0.0000
  batch 210/329 | loss=0.0940 light=0.0940 mat=0.0000
  batch 220/329 | loss=0.1472 light=0.1472 mat=0.0000
  batch 230/329 | loss=0.1096 light=0.1096 mat=0.0000
  batch 240/329 | loss=0.1283 light=0.1283 mat=0.0000
  batch 250/329 | loss=0.0832 light=0.0832 mat=0.0000
  batch 260/329 | loss=0.0800 light=0.0800 mat=0.0000
  batch 270/329 | loss=0.0814 light=0.0814 mat=0.0000
  batch 280/329 | loss=0.0979 light=0.0979 mat=0.0000
  batch 290/329 | loss=0.1314 light=0.1314 mat=0.0000
  batch 300/329 | loss=0.1075 light=0.1075 mat=0.0000
  batch 310/329 | loss=0.0965 light=0.0965 mat=0.0000
  batch 320/329 | loss=0.1366 light=0.1366 mat=0.0000
  train | loss=0.1048 light=0.1048 mat=0.0000
  val   | loss=0.1381 light=0.1381 mat=0.0000

Epoch 24/50
  batch 10/329 | loss=0.0741 light=0.0741 mat=0.0000
  batch 20/329 | loss=0.0874 light=0.0874 mat=0.0000
  batch 30/329 | loss=0.1422 light=0.1422 mat=0.0000
  batch 40/329 | loss=0.1029 light=0.1029 mat=0.0000
  batch 50/329 | loss=0.0750 light=0.0750 mat=0.0000
  batch 60/329 | loss=0.1015 light=0.1015 mat=0.0000
  batch 70/329 | loss=0.1131 light=0.1131 mat=0.0000
  batch 80/329 | loss=0.1089 light=0.1089 mat=0.0000
  batch 90/329 | loss=0.0784 light=0.0784 mat=0.0000
  batch 100/329 | loss=0.1280 light=0.1280 mat=0.0000
  batch 110/329 | loss=0.1242 light=0.1242 mat=0.0000
  batch 120/329 | loss=0.0935 light=0.0935 mat=0.0000
  batch 130/329 | loss=0.0962 light=0.0962 mat=0.0000
  batch 140/329 | loss=0.0721 light=0.0721 mat=0.0000
  batch 150/329 | loss=0.1189 light=0.1189 mat=0.0000
  batch 160/329 | loss=0.1160 light=0.1160 mat=0.0000
  batch 170/329 | loss=0.0867 light=0.0867 mat=0.0000
  batch 180/329 | loss=0.1290 light=0.1290 mat=0.0000
  batch 190/329 | loss=0.1191 light=0.1191 mat=0.0000
  batch 200/329 | loss=0.1015 light=0.1015 mat=0.0000
  batch 210/329 | loss=0.1252 light=0.1252 mat=0.0000
  batch 220/329 | loss=0.1339 light=0.1339 mat=0.0000
  batch 230/329 | loss=0.1211 light=0.1211 mat=0.0000
  batch 240/329 | loss=0.0938 light=0.0938 mat=0.0000
  batch 250/329 | loss=0.1020 light=0.1020 mat=0.0000
  batch 260/329 | loss=0.1040 light=0.1040 mat=0.0000
  batch 270/329 | loss=0.0928 light=0.0928 mat=0.0000
  batch 280/329 | loss=0.1259 light=0.1259 mat=0.0000
  batch 290/329 | loss=0.0799 light=0.0799 mat=0.0000
  batch 300/329 | loss=0.0910 light=0.0910 mat=0.0000
  batch 310/329 | loss=0.0907 light=0.0907 mat=0.0000
  batch 320/329 | loss=0.1201 light=0.1201 mat=0.0000
  train | loss=0.1022 light=0.1022 mat=0.0000
  val   | loss=0.1365 light=0.1365 mat=0.0000
  -> new best model (val_loss=0.1365)

Epoch 25/50
  batch 10/329 | loss=0.0816 light=0.0816 mat=0.0000
  batch 20/329 | loss=0.1166 light=0.1166 mat=0.0000
  batch 30/329 | loss=0.1057 light=0.1057 mat=0.0000
  batch 40/329 | loss=0.1101 light=0.1101 mat=0.0000
  batch 50/329 | loss=0.0712 light=0.0712 mat=0.0000
  batch 60/329 | loss=0.1069 light=0.1069 mat=0.0000
  batch 70/329 | loss=0.0855 light=0.0855 mat=0.0000
  batch 80/329 | loss=0.1126 light=0.1126 mat=0.0000
  batch 90/329 | loss=0.1042 light=0.1042 mat=0.0000
  batch 100/329 | loss=0.1043 light=0.1043 mat=0.0000
  batch 110/329 | loss=0.0975 light=0.0975 mat=0.0000
  batch 120/329 | loss=0.0818 light=0.0818 mat=0.0000
  batch 130/329 | loss=0.0892 light=0.0892 mat=0.0000
  batch 140/329 | loss=0.1267 light=0.1267 mat=0.0000
  batch 150/329 | loss=0.1191 light=0.1191 mat=0.0000
  batch 160/329 | loss=0.1061 light=0.1061 mat=0.0000
  batch 170/329 | loss=0.0944 light=0.0944 mat=0.0000
  batch 180/329 | loss=0.0586 light=0.0586 mat=0.0000
  batch 190/329 | loss=0.1204 light=0.1204 mat=0.0000
  batch 200/329 | loss=0.0796 light=0.0796 mat=0.0000
  batch 210/329 | loss=0.0939 light=0.0939 mat=0.0000
  batch 220/329 | loss=0.0780 light=0.0780 mat=0.0000
  batch 230/329 | loss=0.1158 light=0.1158 mat=0.0000
  batch 240/329 | loss=0.0768 light=0.0768 mat=0.0000
  batch 250/329 | loss=0.1131 light=0.1131 mat=0.0000
  batch 260/329 | loss=0.1177 light=0.1177 mat=0.0000
  batch 270/329 | loss=0.0545 light=0.0545 mat=0.0000
  batch 280/329 | loss=0.1027 light=0.1027 mat=0.0000
  batch 290/329 | loss=0.1179 light=0.1179 mat=0.0000
  batch 300/329 | loss=0.1062 light=0.1062 mat=0.0000
  batch 310/329 | loss=0.1077 light=0.1077 mat=0.0000
  batch 320/329 | loss=0.0892 light=0.0892 mat=0.0000
  train | loss=0.1008 light=0.1008 mat=0.0000
  val   | loss=0.1351 light=0.1351 mat=0.0000
  -> new best model (val_loss=0.1351)

Epoch 26/50
  batch 10/329 | loss=0.1054 light=0.1054 mat=0.0000
  batch 20/329 | loss=0.0855 light=0.0855 mat=0.0000
  batch 30/329 | loss=0.0893 light=0.0893 mat=0.0000
  batch 40/329 | loss=0.0989 light=0.0989 mat=0.0000
  batch 50/329 | loss=0.0836 light=0.0836 mat=0.0000
  batch 60/329 | loss=0.0832 light=0.0832 mat=0.0000
  batch 70/329 | loss=0.1428 light=0.1428 mat=0.0000
  batch 80/329 | loss=0.1122 light=0.1122 mat=0.0000
  batch 90/329 | loss=0.0991 light=0.0991 mat=0.0000
  batch 100/329 | loss=0.1232 light=0.1232 mat=0.0000
  batch 110/329 | loss=0.0963 light=0.0963 mat=0.0000
  batch 120/329 | loss=0.1013 light=0.1013 mat=0.0000
  batch 130/329 | loss=0.1069 light=0.1069 mat=0.0000
  batch 140/329 | loss=0.1095 light=0.1095 mat=0.0000
  batch 150/329 | loss=0.1009 light=0.1009 mat=0.0000
  batch 160/329 | loss=0.0886 light=0.0886 mat=0.0000
  batch 170/329 | loss=0.1032 light=0.1032 mat=0.0000
  batch 180/329 | loss=0.1066 light=0.1066 mat=0.0000
  batch 190/329 | loss=0.1089 light=0.1089 mat=0.0000
  batch 200/329 | loss=0.0882 light=0.0882 mat=0.0000
  batch 210/329 | loss=0.0723 light=0.0723 mat=0.0000
  batch 220/329 | loss=0.1148 light=0.1148 mat=0.0000
  batch 230/329 | loss=0.0816 light=0.0816 mat=0.0000
  batch 240/329 | loss=0.0937 light=0.0937 mat=0.0000
  batch 250/329 | loss=0.1043 light=0.1043 mat=0.0000
  batch 260/329 | loss=0.1078 light=0.1078 mat=0.0000
  batch 270/329 | loss=0.0571 light=0.0571 mat=0.0000
  batch 280/329 | loss=0.1151 light=0.1151 mat=0.0000
  batch 290/329 | loss=0.0826 light=0.0826 mat=0.0000
  batch 300/329 | loss=0.1187 light=0.1187 mat=0.0000
  batch 310/329 | loss=0.0981 light=0.0981 mat=0.0000
  batch 320/329 | loss=0.1247 light=0.1247 mat=0.0000
  train | loss=0.0990 light=0.0990 mat=0.0000
  val   | loss=0.1339 light=0.1339 mat=0.0000
  -> new best model (val_loss=0.1339)

Epoch 27/50
  batch 10/329 | loss=0.0982 light=0.0982 mat=0.0000
  batch 20/329 | loss=0.0866 light=0.0866 mat=0.0000
  batch 30/329 | loss=0.1289 light=0.1289 mat=0.0000
  batch 40/329 | loss=0.0980 light=0.0980 mat=0.0000
  batch 50/329 | loss=0.1425 light=0.1425 mat=0.0000
  batch 60/329 | loss=0.0764 light=0.0764 mat=0.0000
  batch 70/329 | loss=0.0717 light=0.0717 mat=0.0000
  batch 80/329 | loss=0.0901 light=0.0901 mat=0.0000
  batch 90/329 | loss=0.0805 light=0.0805 mat=0.0000
  batch 100/329 | loss=0.1399 light=0.1399 mat=0.0000
  batch 110/329 | loss=0.0863 light=0.0863 mat=0.0000
  batch 120/329 | loss=0.1054 light=0.1054 mat=0.0000
  batch 130/329 | loss=0.0904 light=0.0904 mat=0.0000
  batch 140/329 | loss=0.0944 light=0.0944 mat=0.0000
  batch 150/329 | loss=0.0976 light=0.0976 mat=0.0000
  batch 160/329 | loss=0.0934 light=0.0934 mat=0.0000
  batch 170/329 | loss=0.1148 light=0.1148 mat=0.0000
  batch 180/329 | loss=0.1166 light=0.1166 mat=0.0000
  batch 190/329 | loss=0.0867 light=0.0867 mat=0.0000
  batch 200/329 | loss=0.1046 light=0.1046 mat=0.0000
  batch 210/329 | loss=0.0849 light=0.0849 mat=0.0000
  batch 220/329 | loss=0.0756 light=0.0756 mat=0.0000
  batch 230/329 | loss=0.0808 light=0.0808 mat=0.0000
  batch 240/329 | loss=0.0981 light=0.0981 mat=0.0000
  batch 250/329 | loss=0.1158 light=0.1158 mat=0.0000
  batch 260/329 | loss=0.0892 light=0.0892 mat=0.0000
  batch 270/329 | loss=0.0796 light=0.0796 mat=0.0000
  batch 280/329 | loss=0.1215 light=0.1215 mat=0.0000
  batch 290/329 | loss=0.0964 light=0.0964 mat=0.0000
  batch 300/329 | loss=0.0827 light=0.0827 mat=0.0000
  batch 310/329 | loss=0.1046 light=0.1046 mat=0.0000
  batch 320/329 | loss=0.1176 light=0.1176 mat=0.0000
  train | loss=0.0980 light=0.0980 mat=0.0000
  val   | loss=0.1329 light=0.1329 mat=0.0000
  -> new best model (val_loss=0.1329)

Epoch 28/50
  batch 10/329 | loss=0.0711 light=0.0711 mat=0.0000
  batch 20/329 | loss=0.0896 light=0.0896 mat=0.0000
  batch 30/329 | loss=0.0935 light=0.0935 mat=0.0000
  batch 40/329 | loss=0.1211 light=0.1211 mat=0.0000
  batch 50/329 | loss=0.0777 light=0.0777 mat=0.0000
  batch 60/329 | loss=0.0783 light=0.0783 mat=0.0000
  batch 70/329 | loss=0.0973 light=0.0973 mat=0.0000
  batch 80/329 | loss=0.0855 light=0.0855 mat=0.0000
  batch 90/329 | loss=0.0782 light=0.0782 mat=0.0000
  batch 100/329 | loss=0.0721 light=0.0721 mat=0.0000
  batch 110/329 | loss=0.1099 light=0.1099 mat=0.0000
  batch 120/329 | loss=0.0740 light=0.0740 mat=0.0000
  batch 130/329 | loss=0.1100 light=0.1100 mat=0.0000
  batch 140/329 | loss=0.1167 light=0.1167 mat=0.0000
  batch 150/329 | loss=0.0950 light=0.0950 mat=0.0000
  batch 160/329 | loss=0.0849 light=0.0849 mat=0.0000
  batch 170/329 | loss=0.0949 light=0.0949 mat=0.0000
  batch 180/329 | loss=0.0840 light=0.0840 mat=0.0000
  batch 190/329 | loss=0.0823 light=0.0823 mat=0.0000
  batch 200/329 | loss=0.1061 light=0.1061 mat=0.0000
  batch 210/329 | loss=0.0876 light=0.0876 mat=0.0000
  batch 220/329 | loss=0.0885 light=0.0885 mat=0.0000
  batch 230/329 | loss=0.1039 light=0.1039 mat=0.0000
  batch 240/329 | loss=0.0771 light=0.0771 mat=0.0000
  batch 250/329 | loss=0.0867 light=0.0867 mat=0.0000
  batch 260/329 | loss=0.1156 light=0.1156 mat=0.0000
  batch 270/329 | loss=0.0705 light=0.0705 mat=0.0000
  batch 280/329 | loss=0.0755 light=0.0755 mat=0.0000
  batch 290/329 | loss=0.0729 light=0.0729 mat=0.0000
  batch 300/329 | loss=0.0903 light=0.0903 mat=0.0000
  batch 310/329 | loss=0.0721 light=0.0721 mat=0.0000
  batch 320/329 | loss=0.0979 light=0.0979 mat=0.0000
  train | loss=0.0961 light=0.0961 mat=0.0000
  val   | loss=0.1339 light=0.1339 mat=0.0000

Epoch 29/50
  batch 10/329 | loss=0.0805 light=0.0805 mat=0.0000
  batch 20/329 | loss=0.1082 light=0.1082 mat=0.0000
  batch 30/329 | loss=0.1263 light=0.1263 mat=0.0000
  batch 40/329 | loss=0.1008 light=0.1008 mat=0.0000
  batch 50/329 | loss=0.0956 light=0.0956 mat=0.0000
  batch 60/329 | loss=0.1051 light=0.1051 mat=0.0000
  batch 70/329 | loss=0.1206 light=0.1206 mat=0.0000
  batch 80/329 | loss=0.1016 light=0.1016 mat=0.0000
  batch 90/329 | loss=0.0818 light=0.0818 mat=0.0000
  batch 100/329 | loss=0.0668 light=0.0668 mat=0.0000
  batch 110/329 | loss=0.0906 light=0.0906 mat=0.0000
  batch 120/329 | loss=0.0934 light=0.0934 mat=0.0000
  batch 130/329 | loss=0.0883 light=0.0883 mat=0.0000
  batch 140/329 | loss=0.1117 light=0.1117 mat=0.0000
  batch 150/329 | loss=0.0783 light=0.0783 mat=0.0000
  batch 160/329 | loss=0.1298 light=0.1298 mat=0.0000
  batch 170/329 | loss=0.0993 light=0.0993 mat=0.0000
  batch 180/329 | loss=0.1210 light=0.1210 mat=0.0000
  batch 190/329 | loss=0.0922 light=0.0922 mat=0.0000
  batch 200/329 | loss=0.0979 light=0.0979 mat=0.0000
  batch 210/329 | loss=0.0792 light=0.0792 mat=0.0000
  batch 220/329 | loss=0.0896 light=0.0896 mat=0.0000
  batch 230/329 | loss=0.0898 light=0.0898 mat=0.0000
  batch 240/329 | loss=0.0721 light=0.0721 mat=0.0000
  batch 250/329 | loss=0.1129 light=0.1129 mat=0.0000
  batch 260/329 | loss=0.0908 light=0.0908 mat=0.0000
  batch 270/329 | loss=0.0950 light=0.0950 mat=0.0000
  batch 280/329 | loss=0.1443 light=0.1443 mat=0.0000
  batch 290/329 | loss=0.1115 light=0.1115 mat=0.0000
  batch 300/329 | loss=0.0933 light=0.0933 mat=0.0000
  batch 310/329 | loss=0.0859 light=0.0859 mat=0.0000
  batch 320/329 | loss=0.0783 light=0.0783 mat=0.0000
  train | loss=0.0946 light=0.0946 mat=0.0000
  val   | loss=0.1327 light=0.1327 mat=0.0000
  -> new best model (val_loss=0.1327)

Epoch 30/50
  batch 10/329 | loss=0.0662 light=0.0662 mat=0.0000
  batch 20/329 | loss=0.0819 light=0.0819 mat=0.0000
  batch 30/329 | loss=0.0914 light=0.0914 mat=0.0000
  batch 40/329 | loss=0.1028 light=0.1028 mat=0.0000
  batch 50/329 | loss=0.0961 light=0.0961 mat=0.0000
  batch 60/329 | loss=0.0953 light=0.0953 mat=0.0000
  batch 70/329 | loss=0.0772 light=0.0772 mat=0.0000
  batch 80/329 | loss=0.0983 light=0.0983 mat=0.0000
  batch 90/329 | loss=0.0664 light=0.0664 mat=0.0000
  batch 100/329 | loss=0.0837 light=0.0837 mat=0.0000
  batch 110/329 | loss=0.0845 light=0.0845 mat=0.0000
  batch 120/329 | loss=0.0927 light=0.0927 mat=0.0000
  batch 130/329 | loss=0.0834 light=0.0834 mat=0.0000
  batch 140/329 | loss=0.1089 light=0.1089 mat=0.0000
  batch 150/329 | loss=0.1006 light=0.1006 mat=0.0000
  batch 160/329 | loss=0.0971 light=0.0971 mat=0.0000
  batch 170/329 | loss=0.1036 light=0.1036 mat=0.0000
  batch 180/329 | loss=0.1025 light=0.1025 mat=0.0000
  batch 190/329 | loss=0.1095 light=0.1095 mat=0.0000
  batch 200/329 | loss=0.0667 light=0.0667 mat=0.0000
  batch 210/329 | loss=0.1226 light=0.1226 mat=0.0000
  batch 220/329 | loss=0.0918 light=0.0918 mat=0.0000
  batch 230/329 | loss=0.0864 light=0.0864 mat=0.0000
  batch 240/329 | loss=0.0710 light=0.0710 mat=0.0000
  batch 250/329 | loss=0.0774 light=0.0774 mat=0.0000
  batch 260/329 | loss=0.0920 light=0.0920 mat=0.0000
  batch 270/329 | loss=0.1245 light=0.1245 mat=0.0000
  batch 280/329 | loss=0.0950 light=0.0950 mat=0.0000
  batch 290/329 | loss=0.0752 light=0.0752 mat=0.0000
  batch 300/329 | loss=0.1012 light=0.1012 mat=0.0000
  batch 310/329 | loss=0.0798 light=0.0798 mat=0.0000
  batch 320/329 | loss=0.0939 light=0.0939 mat=0.0000
  train | loss=0.0933 light=0.0933 mat=0.0000
  val   | loss=0.1326 light=0.1326 mat=0.0000
  -> new best model (val_loss=0.1326)

Epoch 31/50
  batch 10/329 | loss=0.0729 light=0.0729 mat=0.0000
  batch 20/329 | loss=0.0864 light=0.0864 mat=0.0000
  batch 30/329 | loss=0.0952 light=0.0952 mat=0.0000
  batch 40/329 | loss=0.0942 light=0.0942 mat=0.0000
  batch 50/329 | loss=0.0581 light=0.0581 mat=0.0000
  batch 60/329 | loss=0.0739 light=0.0739 mat=0.0000
  batch 70/329 | loss=0.1085 light=0.1085 mat=0.0000
  batch 80/329 | loss=0.0813 light=0.0813 mat=0.0000
  batch 90/329 | loss=0.0921 light=0.0921 mat=0.0000
  batch 100/329 | loss=0.0887 light=0.0887 mat=0.0000
  batch 110/329 | loss=0.0739 light=0.0739 mat=0.0000
  batch 120/329 | loss=0.1396 light=0.1396 mat=0.0000
  batch 130/329 | loss=0.0828 light=0.0828 mat=0.0000
  batch 140/329 | loss=0.0808 light=0.0808 mat=0.0000
  batch 150/329 | loss=0.0906 light=0.0906 mat=0.0000
  batch 160/329 | loss=0.0804 light=0.0804 mat=0.0000
  batch 170/329 | loss=0.0856 light=0.0856 mat=0.0000
  batch 180/329 | loss=0.1075 light=0.1075 mat=0.0000
  batch 190/329 | loss=0.1005 light=0.1005 mat=0.0000
  batch 200/329 | loss=0.1192 light=0.1192 mat=0.0000
  batch 210/329 | loss=0.1123 light=0.1123 mat=0.0000
  batch 220/329 | loss=0.1105 light=0.1105 mat=0.0000
  batch 230/329 | loss=0.0631 light=0.0631 mat=0.0000
  batch 240/329 | loss=0.0866 light=0.0866 mat=0.0000
  batch 250/329 | loss=0.0995 light=0.0995 mat=0.0000
  batch 260/329 | loss=0.0666 light=0.0666 mat=0.0000
  batch 270/329 | loss=0.0722 light=0.0722 mat=0.0000
  batch 280/329 | loss=0.0837 light=0.0837 mat=0.0000
  batch 290/329 | loss=0.0918 light=0.0918 mat=0.0000
  batch 300/329 | loss=0.0914 light=0.0914 mat=0.0000
  batch 310/329 | loss=0.0869 light=0.0869 mat=0.0000
  batch 320/329 | loss=0.0999 light=0.0999 mat=0.0000
  train | loss=0.0922 light=0.0922 mat=0.0000
  val   | loss=0.1312 light=0.1312 mat=0.0000
  -> new best model (val_loss=0.1312)

Epoch 32/50
  batch 10/329 | loss=0.0837 light=0.0837 mat=0.0000
  batch 20/329 | loss=0.0776 light=0.0776 mat=0.0000
  batch 30/329 | loss=0.1061 light=0.1061 mat=0.0000
  batch 40/329 | loss=0.0800 light=0.0800 mat=0.0000
  batch 50/329 | loss=0.0901 light=0.0901 mat=0.0000
  batch 60/329 | loss=0.0975 light=0.0975 mat=0.0000
  batch 70/329 | loss=0.0792 light=0.0792 mat=0.0000
  batch 80/329 | loss=0.1005 light=0.1005 mat=0.0000
  batch 90/329 | loss=0.0674 light=0.0674 mat=0.0000
  batch 100/329 | loss=0.1143 light=0.1143 mat=0.0000
  batch 110/329 | loss=0.0715 light=0.0715 mat=0.0000
  batch 120/329 | loss=0.1041 light=0.1041 mat=0.0000
  batch 130/329 | loss=0.0718 light=0.0718 mat=0.0000
  batch 140/329 | loss=0.0911 light=0.0911 mat=0.0000
  batch 150/329 | loss=0.0684 light=0.0684 mat=0.0000
  batch 160/329 | loss=0.1219 light=0.1219 mat=0.0000
  batch 170/329 | loss=0.0863 light=0.0863 mat=0.0000
  batch 180/329 | loss=0.0770 light=0.0770 mat=0.0000
  batch 190/329 | loss=0.1138 light=0.1138 mat=0.0000
  batch 200/329 | loss=0.1000 light=0.1000 mat=0.0000
  batch 210/329 | loss=0.0898 light=0.0898 mat=0.0000
  batch 220/329 | loss=0.1015 light=0.1015 mat=0.0000
  batch 230/329 | loss=0.0926 light=0.0926 mat=0.0000
  batch 240/329 | loss=0.0747 light=0.0747 mat=0.0000
  batch 250/329 | loss=0.0826 light=0.0826 mat=0.0000
  batch 260/329 | loss=0.1077 light=0.1077 mat=0.0000
  batch 270/329 | loss=0.0940 light=0.0940 mat=0.0000
  batch 280/329 | loss=0.1033 light=0.1033 mat=0.0000
  batch 290/329 | loss=0.1359 light=0.1359 mat=0.0000
  batch 300/329 | loss=0.1091 light=0.1091 mat=0.0000
  batch 310/329 | loss=0.1195 light=0.1195 mat=0.0000
  batch 320/329 | loss=0.1034 light=0.1034 mat=0.0000
  train | loss=0.0912 light=0.0912 mat=0.0000
  val   | loss=0.1313 light=0.1313 mat=0.0000

Epoch 33/50
  batch 10/329 | loss=0.0849 light=0.0849 mat=0.0000
  batch 20/329 | loss=0.0790 light=0.0790 mat=0.0000
  batch 30/329 | loss=0.1356 light=0.1356 mat=0.0000
  batch 40/329 | loss=0.0813 light=0.0813 mat=0.0000
  batch 50/329 | loss=0.1083 light=0.1083 mat=0.0000
  batch 60/329 | loss=0.1080 light=0.1080 mat=0.0000
  batch 70/329 | loss=0.1035 light=0.1035 mat=0.0000
  batch 80/329 | loss=0.0671 light=0.0671 mat=0.0000
  batch 90/329 | loss=0.0952 light=0.0952 mat=0.0000
  batch 100/329 | loss=0.0701 light=0.0701 mat=0.0000
  batch 110/329 | loss=0.0557 light=0.0557 mat=0.0000
  batch 120/329 | loss=0.1057 light=0.1057 mat=0.0000
  batch 130/329 | loss=0.1087 light=0.1087 mat=0.0000
  batch 140/329 | loss=0.0907 light=0.0907 mat=0.0000
  batch 150/329 | loss=0.1020 light=0.1020 mat=0.0000
  batch 160/329 | loss=0.1035 light=0.1035 mat=0.0000
  batch 170/329 | loss=0.1040 light=0.1040 mat=0.0000
  batch 180/329 | loss=0.0791 light=0.0791 mat=0.0000
  batch 190/329 | loss=0.0766 light=0.0766 mat=0.0000
  batch 200/329 | loss=0.0893 light=0.0893 mat=0.0000
  batch 210/329 | loss=0.0922 light=0.0922 mat=0.0000
  batch 220/329 | loss=0.0787 light=0.0787 mat=0.0000
  batch 230/329 | loss=0.0754 light=0.0754 mat=0.0000
  batch 240/329 | loss=0.0927 light=0.0927 mat=0.0000
  batch 250/329 | loss=0.0895 light=0.0895 mat=0.0000
  batch 260/329 | loss=0.0900 light=0.0900 mat=0.0000
  batch 270/329 | loss=0.0769 light=0.0769 mat=0.0000
  batch 280/329 | loss=0.0994 light=0.0994 mat=0.0000
  batch 290/329 | loss=0.1070 light=0.1070 mat=0.0000
  batch 300/329 | loss=0.1351 light=0.1351 mat=0.0000
  batch 310/329 | loss=0.0931 light=0.0931 mat=0.0000
  batch 320/329 | loss=0.0930 light=0.0930 mat=0.0000
  train | loss=0.0899 light=0.0899 mat=0.0000
  val   | loss=0.1305 light=0.1305 mat=0.0000
  -> new best model (val_loss=0.1305)

Epoch 34/50
  batch 10/329 | loss=0.1055 light=0.1055 mat=0.0000
  batch 20/329 | loss=0.0636 light=0.0636 mat=0.0000
  batch 30/329 | loss=0.0999 light=0.0999 mat=0.0000
  batch 40/329 | loss=0.0634 light=0.0634 mat=0.0000
  batch 50/329 | loss=0.0940 light=0.0940 mat=0.0000
  batch 60/329 | loss=0.0856 light=0.0856 mat=0.0000
  batch 70/329 | loss=0.0886 light=0.0886 mat=0.0000
  batch 80/329 | loss=0.0894 light=0.0894 mat=0.0000
  batch 90/329 | loss=0.0968 light=0.0968 mat=0.0000
  batch 100/329 | loss=0.0998 light=0.0998 mat=0.0000
  batch 110/329 | loss=0.0962 light=0.0962 mat=0.0000
  batch 120/329 | loss=0.0719 light=0.0719 mat=0.0000
  batch 130/329 | loss=0.0850 light=0.0850 mat=0.0000
  batch 140/329 | loss=0.0839 light=0.0839 mat=0.0000
  batch 150/329 | loss=0.0758 light=0.0758 mat=0.0000
  batch 160/329 | loss=0.0966 light=0.0966 mat=0.0000
  batch 170/329 | loss=0.0887 light=0.0887 mat=0.0000
  batch 180/329 | loss=0.0927 light=0.0927 mat=0.0000
  batch 190/329 | loss=0.0921 light=0.0921 mat=0.0000
  batch 200/329 | loss=0.0910 light=0.0910 mat=0.0000
  batch 210/329 | loss=0.0977 light=0.0977 mat=0.0000
  batch 220/329 | loss=0.0910 light=0.0910 mat=0.0000
  batch 230/329 | loss=0.0628 light=0.0628 mat=0.0000
  batch 240/329 | loss=0.0812 light=0.0812 mat=0.0000
  batch 250/329 | loss=0.1027 light=0.1027 mat=0.0000
  batch 260/329 | loss=0.0786 light=0.0786 mat=0.0000
  batch 270/329 | loss=0.0926 light=0.0926 mat=0.0000
  batch 280/329 | loss=0.1012 light=0.1012 mat=0.0000
  batch 290/329 | loss=0.1305 light=0.1305 mat=0.0000
  batch 300/329 | loss=0.0830 light=0.0830 mat=0.0000
  batch 310/329 | loss=0.0665 light=0.0665 mat=0.0000
  batch 320/329 | loss=0.0874 light=0.0874 mat=0.0000
  train | loss=0.0891 light=0.0891 mat=0.0000
  val   | loss=0.1315 light=0.1315 mat=0.0000

Epoch 35/50
  batch 10/329 | loss=0.1097 light=0.1097 mat=0.0000
  batch 20/329 | loss=0.0740 light=0.0740 mat=0.0000
  batch 30/329 | loss=0.0851 light=0.0851 mat=0.0000
  batch 40/329 | loss=0.0920 light=0.0920 mat=0.0000
  batch 50/329 | loss=0.0722 light=0.0722 mat=0.0000
  batch 60/329 | loss=0.1132 light=0.1132 mat=0.0000
  batch 70/329 | loss=0.0764 light=0.0764 mat=0.0000
  batch 80/329 | loss=0.0670 light=0.0670 mat=0.0000
  batch 90/329 | loss=0.0994 light=0.0994 mat=0.0000
  batch 100/329 | loss=0.0901 light=0.0901 mat=0.0000
  batch 110/329 | loss=0.1072 light=0.1072 mat=0.0000
  batch 120/329 | loss=0.0891 light=0.0891 mat=0.0000
  batch 130/329 | loss=0.0904 light=0.0904 mat=0.0000
  batch 140/329 | loss=0.1032 light=0.1032 mat=0.0000
  batch 150/329 | loss=0.1251 light=0.1251 mat=0.0000
  batch 160/329 | loss=0.1089 light=0.1089 mat=0.0000
  batch 170/329 | loss=0.0798 light=0.0798 mat=0.0000
  batch 180/329 | loss=0.0679 light=0.0679 mat=0.0000
  batch 190/329 | loss=0.0951 light=0.0951 mat=0.0000
  batch 200/329 | loss=0.1207 light=0.1207 mat=0.0000
  batch 210/329 | loss=0.0684 light=0.0684 mat=0.0000
  batch 220/329 | loss=0.1007 light=0.1007 mat=0.0000
  batch 230/329 | loss=0.0929 light=0.0929 mat=0.0000
  batch 240/329 | loss=0.0645 light=0.0645 mat=0.0000
  batch 250/329 | loss=0.0761 light=0.0761 mat=0.0000
  batch 260/329 | loss=0.0960 light=0.0960 mat=0.0000
  batch 270/329 | loss=0.0782 light=0.0782 mat=0.0000
  batch 280/329 | loss=0.0705 light=0.0705 mat=0.0000
  batch 290/329 | loss=0.0586 light=0.0586 mat=0.0000
  batch 300/329 | loss=0.0919 light=0.0919 mat=0.0000
  batch 310/329 | loss=0.0568 light=0.0568 mat=0.0000
  batch 320/329 | loss=0.0763 light=0.0763 mat=0.0000
  train | loss=0.0875 light=0.0875 mat=0.0000
  val   | loss=0.1307 light=0.1307 mat=0.0000

Epoch 36/50
  batch 10/329 | loss=0.0672 light=0.0672 mat=0.0000
  batch 20/329 | loss=0.0889 light=0.0889 mat=0.0000
  batch 30/329 | loss=0.0639 light=0.0639 mat=0.0000
  batch 40/329 | loss=0.0916 light=0.0916 mat=0.0000
  batch 50/329 | loss=0.0932 light=0.0932 mat=0.0000
  batch 60/329 | loss=0.0728 light=0.0728 mat=0.0000
  batch 70/329 | loss=0.0958 light=0.0958 mat=0.0000
  batch 80/329 | loss=0.0687 light=0.0687 mat=0.0000
  batch 90/329 | loss=0.0968 light=0.0968 mat=0.0000
  batch 100/329 | loss=0.0985 light=0.0985 mat=0.0000
  batch 110/329 | loss=0.0637 light=0.0637 mat=0.0000
  batch 120/329 | loss=0.0998 light=0.0998 mat=0.0000
  batch 130/329 | loss=0.0723 light=0.0723 mat=0.0000
  batch 140/329 | loss=0.0642 light=0.0642 mat=0.0000
  batch 150/329 | loss=0.1027 light=0.1027 mat=0.0000
  batch 160/329 | loss=0.1008 light=0.1008 mat=0.0000
  batch 170/329 | loss=0.1042 light=0.1042 mat=0.0000
  batch 180/329 | loss=0.1038 light=0.1038 mat=0.0000
  batch 190/329 | loss=0.0911 light=0.0911 mat=0.0000
  batch 200/329 | loss=0.1027 light=0.1027 mat=0.0000
  batch 210/329 | loss=0.0885 light=0.0885 mat=0.0000
  batch 220/329 | loss=0.1139 light=0.1139 mat=0.0000
  batch 230/329 | loss=0.0615 light=0.0615 mat=0.0000
  batch 240/329 | loss=0.0642 light=0.0642 mat=0.0000
  batch 250/329 | loss=0.0757 light=0.0757 mat=0.0000
  batch 260/329 | loss=0.0698 light=0.0698 mat=0.0000
  batch 270/329 | loss=0.0849 light=0.0849 mat=0.0000
  batch 280/329 | loss=0.1108 light=0.1108 mat=0.0000
  batch 290/329 | loss=0.0952 light=0.0952 mat=0.0000
  batch 300/329 | loss=0.1473 light=0.1473 mat=0.0000
  batch 310/329 | loss=0.0828 light=0.0828 mat=0.0000
  batch 320/329 | loss=0.0971 light=0.0971 mat=0.0000
  train | loss=0.0867 light=0.0867 mat=0.0000
  val   | loss=0.1299 light=0.1299 mat=0.0000
  -> new best model (val_loss=0.1299)

Epoch 37/50
  batch 10/329 | loss=0.0717 light=0.0717 mat=0.0000
  batch 20/329 | loss=0.0677 light=0.0677 mat=0.0000
  batch 30/329 | loss=0.0778 light=0.0778 mat=0.0000
  batch 40/329 | loss=0.0824 light=0.0824 mat=0.0000
  batch 50/329 | loss=0.0534 light=0.0534 mat=0.0000
  batch 60/329 | loss=0.1069 light=0.1069 mat=0.0000
  batch 70/329 | loss=0.0714 light=0.0714 mat=0.0000
  batch 80/329 | loss=0.0668 light=0.0668 mat=0.0000
  batch 90/329 | loss=0.0936 light=0.0936 mat=0.0000
  batch 100/329 | loss=0.0612 light=0.0612 mat=0.0000
  batch 110/329 | loss=0.0874 light=0.0874 mat=0.0000
  batch 120/329 | loss=0.0949 light=0.0949 mat=0.0000
  batch 130/329 | loss=0.0793 light=0.0793 mat=0.0000
  batch 140/329 | loss=0.0651 light=0.0651 mat=0.0000
  batch 150/329 | loss=0.0686 light=0.0686 mat=0.0000
  batch 160/329 | loss=0.0666 light=0.0666 mat=0.0000
  batch 170/329 | loss=0.0885 light=0.0885 mat=0.0000
  batch 180/329 | loss=0.0965 light=0.0965 mat=0.0000
  batch 190/329 | loss=0.0860 light=0.0860 mat=0.0000
  batch 200/329 | loss=0.0990 light=0.0990 mat=0.0000
  batch 210/329 | loss=0.0964 light=0.0964 mat=0.0000
  batch 220/329 | loss=0.1176 light=0.1176 mat=0.0000
  batch 230/329 | loss=0.0763 light=0.0763 mat=0.0000
  batch 240/329 | loss=0.1151 light=0.1151 mat=0.0000
  batch 250/329 | loss=0.0687 light=0.0687 mat=0.0000
  batch 260/329 | loss=0.0951 light=0.0951 mat=0.0000
  batch 270/329 | loss=0.0801 light=0.0801 mat=0.0000
  batch 280/329 | loss=0.0663 light=0.0663 mat=0.0000
  batch 290/329 | loss=0.0793 light=0.0793 mat=0.0000
  batch 300/329 | loss=0.1096 light=0.1096 mat=0.0000
  batch 310/329 | loss=0.0900 light=0.0900 mat=0.0000
  batch 320/329 | loss=0.0698 light=0.0698 mat=0.0000
  train | loss=0.0860 light=0.0860 mat=0.0000
  val   | loss=0.1298 light=0.1298 mat=0.0000
  -> new best model (val_loss=0.1298)

Epoch 38/50
  batch 10/329 | loss=0.0753 light=0.0753 mat=0.0000
  batch 20/329 | loss=0.0780 light=0.0780 mat=0.0000
  batch 30/329 | loss=0.0595 light=0.0595 mat=0.0000
  batch 40/329 | loss=0.1048 light=0.1048 mat=0.0000
  batch 50/329 | loss=0.0902 light=0.0902 mat=0.0000
  batch 60/329 | loss=0.0854 light=0.0854 mat=0.0000
  batch 70/329 | loss=0.0681 light=0.0681 mat=0.0000
  batch 80/329 | loss=0.0753 light=0.0753 mat=0.0000
  batch 90/329 | loss=0.0862 light=0.0862 mat=0.0000
  batch 100/329 | loss=0.0963 light=0.0963 mat=0.0000
  batch 110/329 | loss=0.1160 light=0.1160 mat=0.0000
  batch 120/329 | loss=0.1113 light=0.1113 mat=0.0000
  batch 130/329 | loss=0.1030 light=0.1030 mat=0.0000
  batch 140/329 | loss=0.0845 light=0.0845 mat=0.0000
  batch 150/329 | loss=0.0793 light=0.0793 mat=0.0000
  batch 160/329 | loss=0.0520 light=0.0520 mat=0.0000
  batch 170/329 | loss=0.1054 light=0.1054 mat=0.0000
  batch 180/329 | loss=0.0642 light=0.0642 mat=0.0000
  batch 190/329 | loss=0.0929 light=0.0929 mat=0.0000
  batch 200/329 | loss=0.0711 light=0.0711 mat=0.0000
  batch 210/329 | loss=0.0699 light=0.0699 mat=0.0000
  batch 220/329 | loss=0.1046 light=0.1046 mat=0.0000
  batch 230/329 | loss=0.1049 light=0.1049 mat=0.0000
  batch 240/329 | loss=0.0875 light=0.0875 mat=0.0000
  batch 250/329 | loss=0.0706 light=0.0706 mat=0.0000
  batch 260/329 | loss=0.1515 light=0.1515 mat=0.0000
  batch 270/329 | loss=0.0755 light=0.0755 mat=0.0000
  batch 280/329 | loss=0.1018 light=0.1018 mat=0.0000
  batch 290/329 | loss=0.0911 light=0.0911 mat=0.0000
  batch 300/329 | loss=0.0851 light=0.0851 mat=0.0000
  batch 310/329 | loss=0.0667 light=0.0667 mat=0.0000
  batch 320/329 | loss=0.1060 light=0.1060 mat=0.0000
  train | loss=0.0855 light=0.0855 mat=0.0000
  val   | loss=0.1306 light=0.1306 mat=0.0000

Epoch 39/50
  batch 10/329 | loss=0.0924 light=0.0924 mat=0.0000
  batch 20/329 | loss=0.0663 light=0.0663 mat=0.0000
  batch 30/329 | loss=0.0708 light=0.0708 mat=0.0000
  batch 40/329 | loss=0.0983 light=0.0983 mat=0.0000
  batch 50/329 | loss=0.0828 light=0.0828 mat=0.0000
  batch 60/329 | loss=0.0701 light=0.0701 mat=0.0000
  batch 70/329 | loss=0.0955 light=0.0955 mat=0.0000
  batch 80/329 | loss=0.0796 light=0.0796 mat=0.0000
  batch 90/329 | loss=0.1049 light=0.1049 mat=0.0000
  batch 100/329 | loss=0.0680 light=0.0680 mat=0.0000
  batch 110/329 | loss=0.1150 light=0.1150 mat=0.0000
  batch 120/329 | loss=0.0752 light=0.0752 mat=0.0000
  batch 130/329 | loss=0.0933 light=0.0933 mat=0.0000
  batch 140/329 | loss=0.0851 light=0.0851 mat=0.0000
  batch 150/329 | loss=0.0724 light=0.0724 mat=0.0000
  batch 160/329 | loss=0.0772 light=0.0772 mat=0.0000
  batch 170/329 | loss=0.0783 light=0.0783 mat=0.0000
  batch 180/329 | loss=0.0706 light=0.0706 mat=0.0000
  batch 190/329 | loss=0.0931 light=0.0931 mat=0.0000
  batch 200/329 | loss=0.1144 light=0.1144 mat=0.0000
  batch 210/329 | loss=0.0816 light=0.0816 mat=0.0000
  batch 220/329 | loss=0.0793 light=0.0793 mat=0.0000
  batch 230/329 | loss=0.0981 light=0.0981 mat=0.0000
  batch 240/329 | loss=0.0676 light=0.0676 mat=0.0000
  batch 250/329 | loss=0.0503 light=0.0503 mat=0.0000
  batch 260/329 | loss=0.0901 light=0.0901 mat=0.0000
  batch 270/329 | loss=0.0831 light=0.0831 mat=0.0000
  batch 280/329 | loss=0.0774 light=0.0774 mat=0.0000
  batch 290/329 | loss=0.0791 light=0.0791 mat=0.0000
  batch 300/329 | loss=0.1012 light=0.1012 mat=0.0000
  batch 310/329 | loss=0.1139 light=0.1139 mat=0.0000
  batch 320/329 | loss=0.0756 light=0.0756 mat=0.0000
  train | loss=0.0843 light=0.0843 mat=0.0000
  val   | loss=0.1288 light=0.1288 mat=0.0000
  -> new best model (val_loss=0.1288)

Epoch 40/50
  batch 10/329 | loss=0.0557 light=0.0557 mat=0.0000
  batch 20/329 | loss=0.0737 light=0.0737 mat=0.0000
  batch 30/329 | loss=0.0699 light=0.0699 mat=0.0000
  batch 40/329 | loss=0.0630 light=0.0630 mat=0.0000
  batch 50/329 | loss=0.0485 light=0.0485 mat=0.0000
  batch 60/329 | loss=0.0909 light=0.0909 mat=0.0000
  batch 70/329 | loss=0.1181 light=0.1181 mat=0.0000
  batch 80/329 | loss=0.0954 light=0.0954 mat=0.0000
  batch 90/329 | loss=0.0959 light=0.0959 mat=0.0000
  batch 100/329 | loss=0.0681 light=0.0681 mat=0.0000
  batch 110/329 | loss=0.0829 light=0.0829 mat=0.0000
  batch 120/329 | loss=0.0685 light=0.0685 mat=0.0000
  batch 130/329 | loss=0.0986 light=0.0986 mat=0.0000
  batch 140/329 | loss=0.0692 light=0.0692 mat=0.0000
  batch 150/329 | loss=0.0900 light=0.0900 mat=0.0000
  batch 160/329 | loss=0.1011 light=0.1011 mat=0.0000
  batch 170/329 | loss=0.0877 light=0.0877 mat=0.0000
  batch 180/329 | loss=0.0714 light=0.0714 mat=0.0000
  batch 190/329 | loss=0.0954 light=0.0954 mat=0.0000
  batch 200/329 | loss=0.0833 light=0.0833 mat=0.0000
  batch 210/329 | loss=0.0977 light=0.0977 mat=0.0000
  batch 220/329 | loss=0.0837 light=0.0837 mat=0.0000
  batch 230/329 | loss=0.0753 light=0.0753 mat=0.0000
  batch 240/329 | loss=0.0944 light=0.0944 mat=0.0000
  batch 250/329 | loss=0.1237 light=0.1237 mat=0.0000
  batch 260/329 | loss=0.1092 light=0.1092 mat=0.0000
  batch 270/329 | loss=0.1024 light=0.1024 mat=0.0000
  batch 280/329 | loss=0.1285 light=0.1285 mat=0.0000
  batch 290/329 | loss=0.0927 light=0.0927 mat=0.0000
  batch 300/329 | loss=0.0824 light=0.0824 mat=0.0000
  batch 310/329 | loss=0.0918 light=0.0918 mat=0.0000
  batch 320/329 | loss=0.0999 light=0.0999 mat=0.0000
  train | loss=0.0842 light=0.0842 mat=0.0000
  val   | loss=0.1299 light=0.1299 mat=0.0000

Epoch 41/50
  batch 10/329 | loss=0.0797 light=0.0797 mat=0.0000
  batch 20/329 | loss=0.0946 light=0.0946 mat=0.0000
  batch 30/329 | loss=0.1072 light=0.1072 mat=0.0000
  batch 40/329 | loss=0.0919 light=0.0919 mat=0.0000
  batch 50/329 | loss=0.0924 light=0.0924 mat=0.0000
  batch 60/329 | loss=0.0945 light=0.0945 mat=0.0000
  batch 70/329 | loss=0.0985 light=0.0985 mat=0.0000
  batch 80/329 | loss=0.0699 light=0.0699 mat=0.0000
  batch 90/329 | loss=0.0699 light=0.0699 mat=0.0000
  batch 100/329 | loss=0.0697 light=0.0697 mat=0.0000
  batch 110/329 | loss=0.0911 light=0.0911 mat=0.0000
  batch 120/329 | loss=0.0627 light=0.0627 mat=0.0000
  batch 130/329 | loss=0.1064 light=0.1064 mat=0.0000
  batch 140/329 | loss=0.0711 light=0.0711 mat=0.0000
  batch 150/329 | loss=0.0923 light=0.0923 mat=0.0000
  batch 160/329 | loss=0.0968 light=0.0968 mat=0.0000
  batch 170/329 | loss=0.0784 light=0.0784 mat=0.0000
  batch 180/329 | loss=0.1116 light=0.1116 mat=0.0000
  batch 190/329 | loss=0.0880 light=0.0880 mat=0.0000
  batch 200/329 | loss=0.1002 light=0.1002 mat=0.0000
  batch 210/329 | loss=0.1089 light=0.1089 mat=0.0000
  batch 220/329 | loss=0.1314 light=0.1314 mat=0.0000
  batch 230/329 | loss=0.0664 light=0.0664 mat=0.0000
  batch 240/329 | loss=0.0738 light=0.0738 mat=0.0000
  batch 250/329 | loss=0.1166 light=0.1166 mat=0.0000
  batch 260/329 | loss=0.0759 light=0.0759 mat=0.0000
  batch 270/329 | loss=0.0704 light=0.0704 mat=0.0000
  batch 280/329 | loss=0.0851 light=0.0851 mat=0.0000
  batch 290/329 | loss=0.0913 light=0.0913 mat=0.0000
  batch 300/329 | loss=0.1108 light=0.1108 mat=0.0000
  batch 310/329 | loss=0.0814 light=0.0814 mat=0.0000
  batch 320/329 | loss=0.0750 light=0.0750 mat=0.0000
  train | loss=0.0836 light=0.0836 mat=0.0000
  val   | loss=0.1292 light=0.1292 mat=0.0000

Epoch 42/50
  batch 10/329 | loss=0.0635 light=0.0635 mat=0.0000
  batch 20/329 | loss=0.1181 light=0.1181 mat=0.0000
  batch 30/329 | loss=0.1084 light=0.1084 mat=0.0000
  batch 40/329 | loss=0.0639 light=0.0639 mat=0.0000
  batch 50/329 | loss=0.0910 light=0.0910 mat=0.0000
  batch 60/329 | loss=0.0855 light=0.0855 mat=0.0000
  batch 70/329 | loss=0.0667 light=0.0667 mat=0.0000
  batch 80/329 | loss=0.0647 light=0.0647 mat=0.0000
  batch 90/329 | loss=0.0789 light=0.0789 mat=0.0000
  batch 100/329 | loss=0.1013 light=0.1013 mat=0.0000
  batch 110/329 | loss=0.0565 light=0.0565 mat=0.0000
  batch 120/329 | loss=0.0663 light=0.0663 mat=0.0000
  batch 130/329 | loss=0.0756 light=0.0756 mat=0.0000
  batch 140/329 | loss=0.0963 light=0.0963 mat=0.0000
  batch 150/329 | loss=0.0783 light=0.0783 mat=0.0000
  batch 160/329 | loss=0.0700 light=0.0700 mat=0.0000
  batch 170/329 | loss=0.1172 light=0.1172 mat=0.0000
  batch 180/329 | loss=0.0961 light=0.0961 mat=0.0000
  batch 190/329 | loss=0.0706 light=0.0706 mat=0.0000
  batch 200/329 | loss=0.1253 light=0.1253 mat=0.0000
  batch 210/329 | loss=0.0631 light=0.0631 mat=0.0000
  batch 220/329 | loss=0.0699 light=0.0699 mat=0.0000
  batch 230/329 | loss=0.0816 light=0.0816 mat=0.0000
  batch 240/329 | loss=0.0859 light=0.0859 mat=0.0000
  batch 250/329 | loss=0.0466 light=0.0466 mat=0.0000
  batch 260/329 | loss=0.1043 light=0.1043 mat=0.0000
  batch 270/329 | loss=0.0581 light=0.0581 mat=0.0000
  batch 280/329 | loss=0.0905 light=0.0905 mat=0.0000
  batch 290/329 | loss=0.0852 light=0.0852 mat=0.0000
  batch 300/329 | loss=0.1216 light=0.1216 mat=0.0000
  batch 310/329 | loss=0.0612 light=0.0612 mat=0.0000
  batch 320/329 | loss=0.0663 light=0.0663 mat=0.0000
  train | loss=0.0828 light=0.0828 mat=0.0000
  val   | loss=0.1294 light=0.1294 mat=0.0000

Epoch 43/50
  batch 10/329 | loss=0.0684 light=0.0684 mat=0.0000
  batch 20/329 | loss=0.1002 light=0.1002 mat=0.0000
  batch 30/329 | loss=0.0884 light=0.0884 mat=0.0000
  batch 40/329 | loss=0.0647 light=0.0647 mat=0.0000
  batch 50/329 | loss=0.1067 light=0.1067 mat=0.0000
  batch 60/329 | loss=0.0766 light=0.0766 mat=0.0000
  batch 70/329 | loss=0.0698 light=0.0698 mat=0.0000
  batch 80/329 | loss=0.0919 light=0.0919 mat=0.0000
  batch 90/329 | loss=0.0750 light=0.0750 mat=0.0000
  batch 100/329 | loss=0.0968 light=0.0968 mat=0.0000
  batch 110/329 | loss=0.0498 light=0.0498 mat=0.0000
  batch 120/329 | loss=0.1043 light=0.1043 mat=0.0000
  batch 130/329 | loss=0.0964 light=0.0964 mat=0.0000
  batch 140/329 | loss=0.0628 light=0.0628 mat=0.0000
  batch 150/329 | loss=0.0831 light=0.0831 mat=0.0000
  batch 160/329 | loss=0.0864 light=0.0864 mat=0.0000
  batch 170/329 | loss=0.1052 light=0.1052 mat=0.0000
  batch 180/329 | loss=0.0881 light=0.0881 mat=0.0000
  batch 190/329 | loss=0.1076 light=0.1076 mat=0.0000
  batch 200/329 | loss=0.1040 light=0.1040 mat=0.0000
  batch 210/329 | loss=0.1035 light=0.1035 mat=0.0000
  batch 220/329 | loss=0.0730 light=0.0730 mat=0.0000
  batch 230/329 | loss=0.0668 light=0.0668 mat=0.0000
  batch 240/329 | loss=0.0842 light=0.0842 mat=0.0000
  batch 250/329 | loss=0.1032 light=0.1032 mat=0.0000
  batch 260/329 | loss=0.0823 light=0.0823 mat=0.0000
  batch 270/329 | loss=0.0953 light=0.0953 mat=0.0000
  batch 280/329 | loss=0.0589 light=0.0589 mat=0.0000
  batch 290/329 | loss=0.0870 light=0.0870 mat=0.0000
  batch 300/329 | loss=0.0686 light=0.0686 mat=0.0000
  batch 310/329 | loss=0.0767 light=0.0767 mat=0.0000
  batch 320/329 | loss=0.0717 light=0.0717 mat=0.0000
  train | loss=0.0824 light=0.0824 mat=0.0000
  val   | loss=0.1287 light=0.1287 mat=0.0000
  -> new best model (val_loss=0.1287)

Epoch 44/50
  batch 10/329 | loss=0.0705 light=0.0705 mat=0.0000
  batch 20/329 | loss=0.0716 light=0.0716 mat=0.0000
  batch 30/329 | loss=0.0790 light=0.0790 mat=0.0000
  batch 40/329 | loss=0.0819 light=0.0819 mat=0.0000
  batch 50/329 | loss=0.0626 light=0.0626 mat=0.0000
  batch 60/329 | loss=0.0920 light=0.0920 mat=0.0000
  batch 70/329 | loss=0.0681 light=0.0681 mat=0.0000
  batch 80/329 | loss=0.0956 light=0.0956 mat=0.0000
  batch 90/329 | loss=0.0588 light=0.0588 mat=0.0000
  batch 100/329 | loss=0.0816 light=0.0816 mat=0.0000
  batch 110/329 | loss=0.1034 light=0.1034 mat=0.0000
  batch 120/329 | loss=0.0791 light=0.0791 mat=0.0000
  batch 130/329 | loss=0.0612 light=0.0612 mat=0.0000
  batch 140/329 | loss=0.1053 light=0.1053 mat=0.0000
  batch 150/329 | loss=0.0646 light=0.0646 mat=0.0000
  batch 160/329 | loss=0.0979 light=0.0979 mat=0.0000
  batch 170/329 | loss=0.0840 light=0.0840 mat=0.0000
  batch 180/329 | loss=0.0892 light=0.0892 mat=0.0000
  batch 190/329 | loss=0.1198 light=0.1198 mat=0.0000
  batch 200/329 | loss=0.0850 light=0.0850 mat=0.0000
  batch 210/329 | loss=0.0759 light=0.0759 mat=0.0000
  batch 220/329 | loss=0.0813 light=0.0813 mat=0.0000
  batch 230/329 | loss=0.0782 light=0.0782 mat=0.0000
  batch 240/329 | loss=0.0913 light=0.0913 mat=0.0000
  batch 250/329 | loss=0.0655 light=0.0655 mat=0.0000
  batch 260/329 | loss=0.0895 light=0.0895 mat=0.0000
  batch 270/329 | loss=0.1060 light=0.1060 mat=0.0000
  batch 280/329 | loss=0.0890 light=0.0890 mat=0.0000
  batch 290/329 | loss=0.1040 light=0.1040 mat=0.0000
  batch 300/329 | loss=0.0744 light=0.0744 mat=0.0000
  batch 310/329 | loss=0.0905 light=0.0905 mat=0.0000
  batch 320/329 | loss=0.0752 light=0.0752 mat=0.0000
  train | loss=0.0822 light=0.0822 mat=0.0000
  val   | loss=0.1292 light=0.1292 mat=0.0000

Epoch 45/50
  batch 10/329 | loss=0.0806 light=0.0806 mat=0.0000
  batch 20/329 | loss=0.1045 light=0.1045 mat=0.0000
  batch 30/329 | loss=0.0879 light=0.0879 mat=0.0000
  batch 40/329 | loss=0.0726 light=0.0726 mat=0.0000
  batch 50/329 | loss=0.0830 light=0.0830 mat=0.0000
  batch 60/329 | loss=0.0669 light=0.0669 mat=0.0000
  batch 70/329 | loss=0.0940 light=0.0940 mat=0.0000
  batch 80/329 | loss=0.0846 light=0.0846 mat=0.0000
  batch 90/329 | loss=0.0968 light=0.0968 mat=0.0000
  batch 100/329 | loss=0.1093 light=0.1093 mat=0.0000
  batch 110/329 | loss=0.0835 light=0.0835 mat=0.0000
  batch 120/329 | loss=0.0784 light=0.0784 mat=0.0000
  batch 130/329 | loss=0.0694 light=0.0694 mat=0.0000
  batch 140/329 | loss=0.0823 light=0.0823 mat=0.0000
  batch 150/329 | loss=0.0652 light=0.0652 mat=0.0000
  batch 160/329 | loss=0.0588 light=0.0588 mat=0.0000
  batch 170/329 | loss=0.1259 light=0.1259 mat=0.0000
  batch 180/329 | loss=0.1039 light=0.1039 mat=0.0000
  batch 190/329 | loss=0.0936 light=0.0936 mat=0.0000
  batch 200/329 | loss=0.0943 light=0.0943 mat=0.0000
  batch 210/329 | loss=0.1042 light=0.1042 mat=0.0000
  batch 220/329 | loss=0.0899 light=0.0899 mat=0.0000
  batch 230/329 | loss=0.0816 light=0.0816 mat=0.0000
  batch 240/329 | loss=0.0874 light=0.0874 mat=0.0000
  batch 250/329 | loss=0.0928 light=0.0928 mat=0.0000
  batch 260/329 | loss=0.0872 light=0.0872 mat=0.0000
  batch 270/329 | loss=0.0676 light=0.0676 mat=0.0000
  batch 280/329 | loss=0.0712 light=0.0712 mat=0.0000
  batch 290/329 | loss=0.0852 light=0.0852 mat=0.0000
  batch 300/329 | loss=0.0738 light=0.0738 mat=0.0000
  batch 310/329 | loss=0.0954 light=0.0954 mat=0.0000
  batch 320/329 | loss=0.0868 light=0.0868 mat=0.0000
  train | loss=0.0824 light=0.0824 mat=0.0000
  val   | loss=0.1291 light=0.1291 mat=0.0000

Epoch 46/50
  batch 10/329 | loss=0.1081 light=0.1081 mat=0.0000
  batch 20/329 | loss=0.0943 light=0.0943 mat=0.0000
  batch 30/329 | loss=0.1032 light=0.1032 mat=0.0000
  batch 40/329 | loss=0.1018 light=0.1018 mat=0.0000
  batch 50/329 | loss=0.0975 light=0.0975 mat=0.0000
  batch 60/329 | loss=0.0589 light=0.0589 mat=0.0000
  batch 70/329 | loss=0.0774 light=0.0774 mat=0.0000
  batch 80/329 | loss=0.0984 light=0.0984 mat=0.0000
  batch 90/329 | loss=0.0863 light=0.0863 mat=0.0000
  batch 100/329 | loss=0.0866 light=0.0866 mat=0.0000
  batch 110/329 | loss=0.0822 light=0.0822 mat=0.0000
  batch 120/329 | loss=0.0718 light=0.0718 mat=0.0000
  batch 130/329 | loss=0.0585 light=0.0585 mat=0.0000
  batch 140/329 | loss=0.0887 light=0.0887 mat=0.0000
  batch 150/329 | loss=0.0703 light=0.0703 mat=0.0000
  batch 160/329 | loss=0.0863 light=0.0863 mat=0.0000
  batch 170/329 | loss=0.1167 light=0.1167 mat=0.0000
  batch 180/329 | loss=0.0903 light=0.0903 mat=0.0000
  batch 190/329 | loss=0.0912 light=0.0912 mat=0.0000
  batch 200/329 | loss=0.0927 light=0.0927 mat=0.0000
  batch 210/329 | loss=0.0599 light=0.0599 mat=0.0000
  batch 220/329 | loss=0.0633 light=0.0633 mat=0.0000
  batch 230/329 | loss=0.0734 light=0.0734 mat=0.0000
  batch 240/329 | loss=0.0954 light=0.0954 mat=0.0000
  batch 250/329 | loss=0.0928 light=0.0928 mat=0.0000
  batch 260/329 | loss=0.0767 light=0.0767 mat=0.0000
  batch 270/329 | loss=0.0866 light=0.0866 mat=0.0000
  batch 280/329 | loss=0.0607 light=0.0607 mat=0.0000
  batch 290/329 | loss=0.0788 light=0.0788 mat=0.0000
  batch 300/329 | loss=0.0947 light=0.0947 mat=0.0000
  batch 310/329 | loss=0.0804 light=0.0804 mat=0.0000
  batch 320/329 | loss=0.1022 light=0.1022 mat=0.0000
  train | loss=0.0816 light=0.0816 mat=0.0000
  val   | loss=0.1289 light=0.1289 mat=0.0000

Epoch 47/50
  batch 10/329 | loss=0.0757 light=0.0757 mat=0.0000
  batch 20/329 | loss=0.0826 light=0.0826 mat=0.0000
  batch 30/329 | loss=0.0568 light=0.0568 mat=0.0000
  batch 40/329 | loss=0.0755 light=0.0755 mat=0.0000
  batch 50/329 | loss=0.0445 light=0.0445 mat=0.0000
  batch 60/329 | loss=0.0888 light=0.0888 mat=0.0000
  batch 70/329 | loss=0.0955 light=0.0955 mat=0.0000
  batch 80/329 | loss=0.0883 light=0.0883 mat=0.0000
  batch 90/329 | loss=0.1141 light=0.1141 mat=0.0000
  batch 100/329 | loss=0.0985 light=0.0985 mat=0.0000
  batch 110/329 | loss=0.0795 light=0.0795 mat=0.0000
  batch 120/329 | loss=0.0759 light=0.0759 mat=0.0000
  batch 130/329 | loss=0.0741 light=0.0741 mat=0.0000
  batch 140/329 | loss=0.0752 light=0.0752 mat=0.0000
  batch 150/329 | loss=0.0860 light=0.0860 mat=0.0000
  batch 160/329 | loss=0.0747 light=0.0747 mat=0.0000
  batch 170/329 | loss=0.0720 light=0.0720 mat=0.0000
  batch 180/329 | loss=0.0603 light=0.0603 mat=0.0000
  batch 190/329 | loss=0.1167 light=0.1167 mat=0.0000
  batch 200/329 | loss=0.0558 light=0.0558 mat=0.0000
  batch 210/329 | loss=0.0969 light=0.0969 mat=0.0000
  batch 220/329 | loss=0.0939 light=0.0939 mat=0.0000
  batch 230/329 | loss=0.0898 light=0.0898 mat=0.0000
  batch 240/329 | loss=0.0674 light=0.0674 mat=0.0000
  batch 250/329 | loss=0.0843 light=0.0843 mat=0.0000
  batch 260/329 | loss=0.0694 light=0.0694 mat=0.0000
  batch 270/329 | loss=0.0680 light=0.0680 mat=0.0000
  batch 280/329 | loss=0.0825 light=0.0825 mat=0.0000
  batch 290/329 | loss=0.0632 light=0.0632 mat=0.0000
  batch 300/329 | loss=0.0739 light=0.0739 mat=0.0000
  batch 310/329 | loss=0.0688 light=0.0688 mat=0.0000
  batch 320/329 | loss=0.0985 light=0.0985 mat=0.0000
  train | loss=0.0817 light=0.0817 mat=0.0000
  val   | loss=0.1296 light=0.1296 mat=0.0000

Epoch 48/50
  batch 10/329 | loss=0.1228 light=0.1228 mat=0.0000
  batch 20/329 | loss=0.0695 light=0.0695 mat=0.0000
  batch 30/329 | loss=0.0784 light=0.0784 mat=0.0000
  batch 40/329 | loss=0.0828 light=0.0828 mat=0.0000
  batch 50/329 | loss=0.0781 light=0.0781 mat=0.0000
  batch 60/329 | loss=0.1258 light=0.1258 mat=0.0000
  batch 70/329 | loss=0.0964 light=0.0964 mat=0.0000
  batch 80/329 | loss=0.0806 light=0.0806 mat=0.0000
  batch 90/329 | loss=0.0784 light=0.0784 mat=0.0000
  batch 100/329 | loss=0.0736 light=0.0736 mat=0.0000
  batch 110/329 | loss=0.0650 light=0.0650 mat=0.0000
  batch 120/329 | loss=0.0863 light=0.0863 mat=0.0000
  batch 130/329 | loss=0.1017 light=0.1017 mat=0.0000
  batch 140/329 | loss=0.1016 light=0.1016 mat=0.0000
  batch 150/329 | loss=0.0978 light=0.0978 mat=0.0000
  batch 160/329 | loss=0.0714 light=0.0714 mat=0.0000
  batch 170/329 | loss=0.0663 light=0.0663 mat=0.0000
  batch 180/329 | loss=0.0725 light=0.0725 mat=0.0000
  batch 190/329 | loss=0.0512 light=0.0512 mat=0.0000
  batch 200/329 | loss=0.0812 light=0.0812 mat=0.0000
  batch 210/329 | loss=0.0653 light=0.0653 mat=0.0000
  batch 220/329 | loss=0.0950 light=0.0950 mat=0.0000
  batch 230/329 | loss=0.0782 light=0.0782 mat=0.0000
  batch 240/329 | loss=0.0904 light=0.0904 mat=0.0000
  batch 250/329 | loss=0.0594 light=0.0594 mat=0.0000
  batch 260/329 | loss=0.0774 light=0.0774 mat=0.0000
  batch 270/329 | loss=0.1058 light=0.1058 mat=0.0000
  batch 280/329 | loss=0.0905 light=0.0905 mat=0.0000
  batch 290/329 | loss=0.0665 light=0.0665 mat=0.0000
  batch 300/329 | loss=0.0674 light=0.0674 mat=0.0000
  batch 310/329 | loss=0.0791 light=0.0791 mat=0.0000
  batch 320/329 | loss=0.0709 light=0.0709 mat=0.0000
  train | loss=0.0819 light=0.0819 mat=0.0000
  val   | loss=0.1293 light=0.1293 mat=0.0000

Epoch 49/50
  batch 10/329 | loss=0.1053 light=0.1053 mat=0.0000
  batch 20/329 | loss=0.0657 light=0.0657 mat=0.0000
  batch 30/329 | loss=0.0715 light=0.0715 mat=0.0000
  batch 40/329 | loss=0.0682 light=0.0682 mat=0.0000
  batch 50/329 | loss=0.0806 light=0.0806 mat=0.0000
  batch 60/329 | loss=0.0921 light=0.0921 mat=0.0000
  batch 70/329 | loss=0.1007 light=0.1007 mat=0.0000
  batch 80/329 | loss=0.0957 light=0.0957 mat=0.0000
  batch 90/329 | loss=0.1079 light=0.1079 mat=0.0000
  batch 100/329 | loss=0.0790 light=0.0790 mat=0.0000
  batch 110/329 | loss=0.0742 light=0.0742 mat=0.0000
  batch 120/329 | loss=0.1033 light=0.1033 mat=0.0000
  batch 130/329 | loss=0.0849 light=0.0849 mat=0.0000
  batch 140/329 | loss=0.0889 light=0.0889 mat=0.0000
  batch 150/329 | loss=0.0920 light=0.0920 mat=0.0000
  batch 160/329 | loss=0.0760 light=0.0760 mat=0.0000
  batch 170/329 | loss=0.0693 light=0.0693 mat=0.0000
  batch 180/329 | loss=0.0814 light=0.0814 mat=0.0000
  batch 190/329 | loss=0.0685 light=0.0685 mat=0.0000
  batch 200/329 | loss=0.0805 light=0.0805 mat=0.0000
  batch 210/329 | loss=0.0427 light=0.0427 mat=0.0000
  batch 220/329 | loss=0.0894 light=0.0894 mat=0.0000
  batch 230/329 | loss=0.1025 light=0.1025 mat=0.0000
  batch 240/329 | loss=0.0918 light=0.0918 mat=0.0000
  batch 250/329 | loss=0.0821 light=0.0821 mat=0.0000
  batch 260/329 | loss=0.0764 light=0.0764 mat=0.0000
  batch 270/329 | loss=0.0914 light=0.0914 mat=0.0000
  batch 280/329 | loss=0.0703 light=0.0703 mat=0.0000
  batch 290/329 | loss=0.0758 light=0.0758 mat=0.0000
  batch 300/329 | loss=0.0795 light=0.0795 mat=0.0000
  batch 310/329 | loss=0.0749 light=0.0749 mat=0.0000
  batch 320/329 | loss=0.0992 light=0.0992 mat=0.0000
  train | loss=0.0814 light=0.0814 mat=0.0000
  val   | loss=0.1296 light=0.1296 mat=0.0000

Epoch 50/50
  batch 10/329 | loss=0.0827 light=0.0827 mat=0.0000
  batch 20/329 | loss=0.0742 light=0.0742 mat=0.0000
  batch 30/329 | loss=0.0589 light=0.0589 mat=0.0000
  batch 40/329 | loss=0.0703 light=0.0703 mat=0.0000
  batch 50/329 | loss=0.1117 light=0.1117 mat=0.0000
  batch 60/329 | loss=0.0668 light=0.0668 mat=0.0000
  batch 70/329 | loss=0.0721 light=0.0721 mat=0.0000
  batch 80/329 | loss=0.0929 light=0.0929 mat=0.0000
  batch 90/329 | loss=0.0628 light=0.0628 mat=0.0000
  batch 100/329 | loss=0.0501 light=0.0501 mat=0.0000
  batch 110/329 | loss=0.0682 light=0.0682 mat=0.0000
  batch 120/329 | loss=0.0797 light=0.0797 mat=0.0000
  batch 130/329 | loss=0.0662 light=0.0662 mat=0.0000
  batch 140/329 | loss=0.1141 light=0.1141 mat=0.0000
  batch 150/329 | loss=0.1055 light=0.1055 mat=0.0000
  batch 160/329 | loss=0.0935 light=0.0935 mat=0.0000
  batch 170/329 | loss=0.1060 light=0.1060 mat=0.0000
  batch 180/329 | loss=0.0502 light=0.0502 mat=0.0000
  batch 190/329 | loss=0.0704 light=0.0704 mat=0.0000
  batch 200/329 | loss=0.0762 light=0.0762 mat=0.0000
  batch 210/329 | loss=0.0815 light=0.0815 mat=0.0000
  batch 220/329 | loss=0.0863 light=0.0863 mat=0.0000
  batch 230/329 | loss=0.0950 light=0.0950 mat=0.0000
  batch 240/329 | loss=0.0788 light=0.0788 mat=0.0000
  batch 250/329 | loss=0.0789 light=0.0789 mat=0.0000
  batch 260/329 | loss=0.0750 light=0.0750 mat=0.0000
  batch 270/329 | loss=0.0591 light=0.0591 mat=0.0000
  batch 280/329 | loss=0.0797 light=0.0797 mat=0.0000
  batch 290/329 | loss=0.0890 light=0.0890 mat=0.0000
  batch 300/329 | loss=0.0928 light=0.0928 mat=0.0000
  batch 310/329 | loss=0.0714 light=0.0714 mat=0.0000
  batch 320/329 | loss=0.0854 light=0.0854 mat=0.0000
  train | loss=0.0815 light=0.0815 mat=0.0000
  val   | loss=0.1290 light=0.1290 mat=0.0000

  Training curves saved to ./models\seed_sweep_107_baseline_curves.png

============================================================
Training multitask model (resnet50)
============================================================

Epoch 1/50
  batch 10/329 | loss=0.6192 light=0.6122 mat=0.0701
  batch 20/329 | loss=0.5541 light=0.5497 mat=0.0439
  batch 30/329 | loss=0.6128 light=0.6088 mat=0.0398
  batch 40/329 | loss=0.4937 light=0.4886 mat=0.0503
  batch 50/329 | loss=0.3791 light=0.3744 mat=0.0476
  batch 60/329 | loss=0.4790 light=0.4737 mat=0.0537
  batch 70/329 | loss=0.4598 light=0.4550 mat=0.0483
  batch 80/329 | loss=0.4396 light=0.4350 mat=0.0458
  batch 90/329 | loss=0.4355 light=0.4315 mat=0.0395
  batch 100/329 | loss=0.4858 light=0.4819 mat=0.0388
  batch 110/329 | loss=0.6143 light=0.6111 mat=0.0319
  batch 120/329 | loss=0.4262 light=0.4225 mat=0.0368
  batch 130/329 | loss=0.4031 light=0.4013 mat=0.0181
  batch 140/329 | loss=0.5597 light=0.5565 mat=0.0318
  batch 150/329 | loss=0.4076 light=0.4050 mat=0.0268
  batch 160/329 | loss=0.4189 light=0.4133 mat=0.0560
  batch 170/329 | loss=0.5797 light=0.5773 mat=0.0241
  batch 180/329 | loss=0.4425 light=0.4402 mat=0.0236
  batch 190/329 | loss=0.2595 light=0.2555 mat=0.0401
  batch 200/329 | loss=0.2807 light=0.2775 mat=0.0328
  batch 210/329 | loss=0.4560 light=0.4528 mat=0.0324
  batch 220/329 | loss=0.3393 light=0.3364 mat=0.0296
  batch 230/329 | loss=0.3506 light=0.3485 mat=0.0212
  batch 240/329 | loss=0.3931 light=0.3899 mat=0.0318
  batch 250/329 | loss=0.4012 light=0.3962 mat=0.0500
  batch 260/329 | loss=0.3926 light=0.3896 mat=0.0304
  batch 270/329 | loss=0.3825 light=0.3784 mat=0.0412
  batch 280/329 | loss=0.5010 light=0.4980 mat=0.0303
  batch 290/329 | loss=0.6033 light=0.6001 mat=0.0326
  batch 300/329 | loss=0.3116 light=0.3089 mat=0.0272
  batch 310/329 | loss=0.5528 light=0.5516 mat=0.0125
  batch 320/329 | loss=0.3355 light=0.3318 mat=0.0368
  train | loss=0.4468 light=0.4427 mat=0.0403
  val   | loss=0.3776 light=0.3755 mat=0.0208 mat_mae=0.0808
  -> new best model (val_loss=0.3776)

Epoch 2/50
  batch 10/329 | loss=0.4325 light=0.4266 mat=0.0597
  batch 20/329 | loss=0.3637 light=0.3611 mat=0.0259
  batch 30/329 | loss=0.3626 light=0.3599 mat=0.0276
  batch 40/329 | loss=0.4743 light=0.4700 mat=0.0430
  batch 50/329 | loss=0.3031 light=0.3005 mat=0.0255
  batch 60/329 | loss=0.2978 light=0.2954 mat=0.0240
  batch 70/329 | loss=0.3795 light=0.3773 mat=0.0213
  batch 80/329 | loss=0.3041 light=0.3026 mat=0.0154
  batch 90/329 | loss=0.2998 light=0.2959 mat=0.0381
  batch 100/329 | loss=0.4503 light=0.4476 mat=0.0271
  batch 110/329 | loss=0.3713 light=0.3697 mat=0.0159
  batch 120/329 | loss=0.2958 light=0.2936 mat=0.0220
  batch 130/329 | loss=0.4197 light=0.4170 mat=0.0268
  batch 140/329 | loss=0.3190 light=0.3176 mat=0.0139
  batch 150/329 | loss=0.5457 light=0.5425 mat=0.0319
  batch 160/329 | loss=0.3497 light=0.3481 mat=0.0162
  batch 170/329 | loss=0.3898 light=0.3881 mat=0.0171
  batch 180/329 | loss=0.3091 light=0.3078 mat=0.0130
  batch 190/329 | loss=0.3655 light=0.3631 mat=0.0240
  batch 200/329 | loss=0.5556 light=0.5540 mat=0.0162
  batch 210/329 | loss=0.3119 light=0.3095 mat=0.0248
  batch 220/329 | loss=0.3536 light=0.3522 mat=0.0138
  batch 230/329 | loss=0.3475 light=0.3450 mat=0.0244
  batch 240/329 | loss=0.3382 light=0.3359 mat=0.0233
  batch 250/329 | loss=0.2900 light=0.2881 mat=0.0198
  batch 260/329 | loss=0.3482 light=0.3464 mat=0.0185
  batch 270/329 | loss=0.4201 light=0.4186 mat=0.0148
  batch 280/329 | loss=0.2739 light=0.2719 mat=0.0206
  batch 290/329 | loss=0.2397 light=0.2382 mat=0.0144
  batch 300/329 | loss=0.2942 light=0.2925 mat=0.0170
  batch 310/329 | loss=0.2961 light=0.2947 mat=0.0141
  batch 320/329 | loss=0.3943 light=0.3924 mat=0.0192
  train | loss=0.3627 light=0.3603 mat=0.0238
  val   | loss=0.3546 light=0.3529 mat=0.0176 mat_mae=0.0722
  -> new best model (val_loss=0.3546)

Epoch 3/50
  batch 10/329 | loss=0.3529 light=0.3511 mat=0.0181
  batch 20/329 | loss=0.3823 light=0.3810 mat=0.0126
  batch 30/329 | loss=0.3040 light=0.3021 mat=0.0191
  batch 40/329 | loss=0.2282 light=0.2270 mat=0.0118
  batch 50/329 | loss=0.3993 light=0.3982 mat=0.0107
  batch 60/329 | loss=0.3085 light=0.3059 mat=0.0258
  batch 70/329 | loss=0.3067 light=0.3047 mat=0.0197
  batch 80/329 | loss=0.3294 light=0.3275 mat=0.0190
  batch 90/329 | loss=0.3625 light=0.3610 mat=0.0148
  batch 100/329 | loss=0.2348 light=0.2337 mat=0.0106
  batch 110/329 | loss=0.2280 light=0.2262 mat=0.0178
  batch 120/329 | loss=0.2801 light=0.2788 mat=0.0131
  batch 130/329 | loss=0.4986 light=0.4966 mat=0.0202
  batch 140/329 | loss=0.3939 light=0.3923 mat=0.0168
  batch 150/329 | loss=0.4446 light=0.4423 mat=0.0228
  batch 160/329 | loss=0.2998 light=0.2985 mat=0.0123
  batch 170/329 | loss=0.3799 light=0.3778 mat=0.0217
  batch 180/329 | loss=0.3565 light=0.3549 mat=0.0162
  batch 190/329 | loss=0.2415 light=0.2404 mat=0.0105
  batch 200/329 | loss=0.3660 light=0.3642 mat=0.0181
  batch 210/329 | loss=0.3587 light=0.3578 mat=0.0092
  batch 220/329 | loss=0.3605 light=0.3590 mat=0.0151
  batch 230/329 | loss=0.3191 light=0.3174 mat=0.0167
  batch 240/329 | loss=0.3223 light=0.3194 mat=0.0285
  batch 250/329 | loss=0.2803 light=0.2791 mat=0.0121
  batch 260/329 | loss=0.3861 light=0.3837 mat=0.0237
  batch 270/329 | loss=0.2573 light=0.2553 mat=0.0196
  batch 280/329 | loss=0.2667 light=0.2644 mat=0.0220
  batch 290/329 | loss=0.3751 light=0.3714 mat=0.0375
  batch 300/329 | loss=0.3688 light=0.3662 mat=0.0261
  batch 310/329 | loss=0.2829 light=0.2819 mat=0.0103
  batch 320/329 | loss=0.4659 light=0.4639 mat=0.0202
  train | loss=0.3331 light=0.3311 mat=0.0200
  val   | loss=0.3221 light=0.3204 mat=0.0166 mat_mae=0.0654
  -> new best model (val_loss=0.3221)

Epoch 4/50
  batch 10/329 | loss=0.3870 light=0.3852 mat=0.0174
  batch 20/329 | loss=0.3175 light=0.3146 mat=0.0291
  batch 30/329 | loss=0.3653 light=0.3635 mat=0.0178
  batch 40/329 | loss=0.3475 light=0.3458 mat=0.0165
  batch 50/329 | loss=0.2679 light=0.2665 mat=0.0140
  batch 60/329 | loss=0.4531 light=0.4520 mat=0.0113
  batch 70/329 | loss=0.3806 light=0.3795 mat=0.0116
  batch 80/329 | loss=0.2343 light=0.2323 mat=0.0194
  batch 90/329 | loss=0.3390 light=0.3376 mat=0.0139
  batch 100/329 | loss=0.3189 light=0.3175 mat=0.0141
  batch 110/329 | loss=0.3136 light=0.3120 mat=0.0163
  batch 120/329 | loss=0.3823 light=0.3802 mat=0.0218
  batch 130/329 | loss=0.3190 light=0.3172 mat=0.0183
  batch 140/329 | loss=0.2749 light=0.2724 mat=0.0253
  batch 150/329 | loss=0.3405 light=0.3389 mat=0.0158
  batch 160/329 | loss=0.3403 light=0.3387 mat=0.0157
  batch 170/329 | loss=0.2747 light=0.2734 mat=0.0127
  batch 180/329 | loss=0.2842 light=0.2822 mat=0.0203
  batch 190/329 | loss=0.2878 light=0.2861 mat=0.0169
  batch 200/329 | loss=0.2860 light=0.2847 mat=0.0125
  batch 210/329 | loss=0.2383 light=0.2356 mat=0.0275
  batch 220/329 | loss=0.4156 light=0.4148 mat=0.0081
  batch 230/329 | loss=0.2766 light=0.2747 mat=0.0184
  batch 240/329 | loss=0.2283 light=0.2271 mat=0.0126
  batch 250/329 | loss=0.2077 light=0.2041 mat=0.0361
  batch 260/329 | loss=0.2238 light=0.2224 mat=0.0135
  batch 270/329 | loss=0.3068 light=0.3057 mat=0.0111
  batch 280/329 | loss=0.2313 light=0.2299 mat=0.0144
  batch 290/329 | loss=0.2579 light=0.2562 mat=0.0165
  batch 300/329 | loss=0.2639 light=0.2616 mat=0.0228
  batch 310/329 | loss=0.2603 light=0.2589 mat=0.0135
  batch 320/329 | loss=0.3435 light=0.3416 mat=0.0183
  train | loss=0.3125 light=0.3107 mat=0.0175
  val   | loss=0.3125 light=0.3111 mat=0.0142 mat_mae=0.0599
  -> new best model (val_loss=0.3125)

Epoch 5/50
  batch 10/329 | loss=0.2801 light=0.2790 mat=0.0107
  batch 20/329 | loss=0.2722 light=0.2710 mat=0.0115
  batch 30/329 | loss=0.3340 light=0.3321 mat=0.0198
  batch 40/329 | loss=0.4985 light=0.4979 mat=0.0058
  batch 50/329 | loss=0.4245 light=0.4234 mat=0.0111
  batch 60/329 | loss=0.4154 light=0.4133 mat=0.0214
  batch 70/329 | loss=0.3251 light=0.3238 mat=0.0132
  batch 80/329 | loss=0.2075 light=0.2068 mat=0.0070
  batch 90/329 | loss=0.2145 light=0.2139 mat=0.0065
  batch 100/329 | loss=0.3112 light=0.3093 mat=0.0192
  batch 110/329 | loss=0.2504 light=0.2493 mat=0.0116
  batch 120/329 | loss=0.2628 light=0.2610 mat=0.0181
  batch 130/329 | loss=0.2468 light=0.2460 mat=0.0081
  batch 140/329 | loss=0.2642 light=0.2632 mat=0.0108
  batch 150/329 | loss=0.3906 light=0.3893 mat=0.0125
  batch 160/329 | loss=0.2992 light=0.2984 mat=0.0084
  batch 170/329 | loss=0.2451 light=0.2443 mat=0.0084
  batch 180/329 | loss=0.2508 light=0.2482 mat=0.0257
  batch 190/329 | loss=0.2992 light=0.2977 mat=0.0156
  batch 200/329 | loss=0.2161 light=0.2141 mat=0.0206
  batch 210/329 | loss=0.2639 light=0.2630 mat=0.0095
  batch 220/329 | loss=0.2550 light=0.2538 mat=0.0127
  batch 230/329 | loss=0.2954 light=0.2939 mat=0.0146
  batch 240/329 | loss=0.3772 light=0.3755 mat=0.0166
  batch 250/329 | loss=0.2540 light=0.2525 mat=0.0151
  batch 260/329 | loss=0.2591 light=0.2575 mat=0.0157
  batch 270/329 | loss=0.2752 light=0.2739 mat=0.0132
  batch 280/329 | loss=0.2822 light=0.2807 mat=0.0151
  batch 290/329 | loss=0.2534 light=0.2510 mat=0.0237
  batch 300/329 | loss=0.2945 light=0.2923 mat=0.0223
  batch 310/329 | loss=0.2901 light=0.2885 mat=0.0158
  batch 320/329 | loss=0.1912 light=0.1888 mat=0.0245
  train | loss=0.2950 light=0.2935 mat=0.0151
  val   | loss=0.3004 light=0.2988 mat=0.0154 mat_mae=0.0569
  -> new best model (val_loss=0.3004)

Epoch 6/50
  batch 10/329 | loss=0.3214 light=0.3188 mat=0.0265
  batch 20/329 | loss=0.2459 light=0.2449 mat=0.0103
  batch 30/329 | loss=0.2362 light=0.2349 mat=0.0132
  batch 40/329 | loss=0.2290 light=0.2274 mat=0.0160
  batch 50/329 | loss=0.2521 light=0.2492 mat=0.0295
  batch 60/329 | loss=0.2574 light=0.2559 mat=0.0148
  batch 70/329 | loss=0.3790 light=0.3766 mat=0.0237
  batch 80/329 | loss=0.2701 light=0.2687 mat=0.0140
  batch 90/329 | loss=0.2180 light=0.2159 mat=0.0210
  batch 100/329 | loss=0.2112 light=0.2094 mat=0.0182
  batch 110/329 | loss=0.1921 light=0.1909 mat=0.0120
  batch 120/329 | loss=0.3333 light=0.3312 mat=0.0206
  batch 130/329 | loss=0.3607 light=0.3600 mat=0.0065
  batch 140/329 | loss=0.2186 light=0.2174 mat=0.0119
  batch 150/329 | loss=0.2759 light=0.2745 mat=0.0142
  batch 160/329 | loss=0.2712 light=0.2703 mat=0.0089
  batch 170/329 | loss=0.1712 light=0.1692 mat=0.0196
  batch 180/329 | loss=0.3019 light=0.3003 mat=0.0160
  batch 190/329 | loss=0.3159 light=0.3150 mat=0.0090
  batch 200/329 | loss=0.2725 light=0.2714 mat=0.0113
  batch 210/329 | loss=0.4095 light=0.4088 mat=0.0074
  batch 220/329 | loss=0.3250 light=0.3245 mat=0.0044
  batch 230/329 | loss=0.3579 light=0.3559 mat=0.0199
  batch 240/329 | loss=0.2937 light=0.2930 mat=0.0070
  batch 250/329 | loss=0.4412 light=0.4400 mat=0.0121
  batch 260/329 | loss=0.3788 light=0.3774 mat=0.0143
  batch 270/329 | loss=0.2686 light=0.2676 mat=0.0093
  batch 280/329 | loss=0.2568 light=0.2561 mat=0.0067
  batch 290/329 | loss=0.2313 light=0.2293 mat=0.0200
  batch 300/329 | loss=0.2639 light=0.2633 mat=0.0062
  batch 310/329 | loss=0.2596 light=0.2587 mat=0.0094
  batch 320/329 | loss=0.2491 light=0.2473 mat=0.0181
  train | loss=0.2812 light=0.2798 mat=0.0141
  val   | loss=0.2911 light=0.2900 mat=0.0114 mat_mae=0.0506
  -> new best model (val_loss=0.2911)

Epoch 7/50
  batch 10/329 | loss=0.3675 light=0.3660 mat=0.0145
  batch 20/329 | loss=0.2308 light=0.2283 mat=0.0247
  batch 30/329 | loss=0.2373 light=0.2363 mat=0.0101
  batch 40/329 | loss=0.2512 light=0.2505 mat=0.0071
  batch 50/329 | loss=0.2730 light=0.2720 mat=0.0103
  batch 60/329 | loss=0.2658 light=0.2644 mat=0.0140
  batch 70/329 | loss=0.3001 light=0.2990 mat=0.0111
  batch 80/329 | loss=0.2633 light=0.2621 mat=0.0119
  batch 90/329 | loss=0.2261 light=0.2251 mat=0.0098
  batch 100/329 | loss=0.2952 light=0.2937 mat=0.0146
  batch 110/329 | loss=0.3572 light=0.3562 mat=0.0094
  batch 120/329 | loss=0.2004 light=0.1999 mat=0.0057
  batch 130/329 | loss=0.3018 light=0.2999 mat=0.0192
  batch 140/329 | loss=0.2378 light=0.2365 mat=0.0135
  batch 150/329 | loss=0.2408 light=0.2396 mat=0.0111
  batch 160/329 | loss=0.2711 light=0.2703 mat=0.0085
  batch 170/329 | loss=0.2446 light=0.2437 mat=0.0100
  batch 180/329 | loss=0.3089 light=0.3080 mat=0.0083
  batch 190/329 | loss=0.3678 light=0.3671 mat=0.0073
  batch 200/329 | loss=0.4018 light=0.4003 mat=0.0153
  batch 210/329 | loss=0.2338 light=0.2325 mat=0.0129
  batch 220/329 | loss=0.2244 light=0.2223 mat=0.0214
  batch 230/329 | loss=0.2618 light=0.2596 mat=0.0221
  batch 240/329 | loss=0.2008 light=0.1988 mat=0.0197
  batch 250/329 | loss=0.2322 light=0.2308 mat=0.0138
  batch 260/329 | loss=0.2157 light=0.2151 mat=0.0057
  batch 270/329 | loss=0.2268 light=0.2262 mat=0.0068
  batch 280/329 | loss=0.2829 light=0.2804 mat=0.0246
  batch 290/329 | loss=0.2461 light=0.2447 mat=0.0137
  batch 300/329 | loss=0.3492 light=0.3484 mat=0.0077
  batch 310/329 | loss=0.2270 light=0.2260 mat=0.0102
  batch 320/329 | loss=0.2950 light=0.2932 mat=0.0178
  train | loss=0.2713 light=0.2700 mat=0.0130
  val   | loss=0.2922 light=0.2910 mat=0.0120 mat_mae=0.0504

Epoch 8/50
  batch 10/329 | loss=0.2601 light=0.2581 mat=0.0207
  batch 20/329 | loss=0.3148 light=0.3141 mat=0.0068
  batch 30/329 | loss=0.3912 light=0.3893 mat=0.0187
  batch 40/329 | loss=0.2585 light=0.2569 mat=0.0164
  batch 50/329 | loss=0.2324 light=0.2314 mat=0.0100
  batch 60/329 | loss=0.2460 light=0.2456 mat=0.0048
  batch 70/329 | loss=0.2941 light=0.2919 mat=0.0214
  batch 80/329 | loss=0.2611 light=0.2598 mat=0.0129
  batch 90/329 | loss=0.2744 light=0.2737 mat=0.0069
  batch 100/329 | loss=0.2463 light=0.2453 mat=0.0098
  batch 110/329 | loss=0.2163 light=0.2145 mat=0.0185
  batch 120/329 | loss=0.2741 light=0.2732 mat=0.0093
  batch 130/329 | loss=0.1945 light=0.1937 mat=0.0084
  batch 140/329 | loss=0.2168 light=0.2159 mat=0.0093
  batch 150/329 | loss=0.2562 light=0.2547 mat=0.0145
  batch 160/329 | loss=0.2066 light=0.2055 mat=0.0102
  batch 170/329 | loss=0.2258 light=0.2246 mat=0.0119
  batch 180/329 | loss=0.2010 light=0.1990 mat=0.0203
  batch 190/329 | loss=0.2990 light=0.2974 mat=0.0162
  batch 200/329 | loss=0.2561 light=0.2553 mat=0.0082
  batch 210/329 | loss=0.2883 light=0.2872 mat=0.0119
  batch 220/329 | loss=0.3391 light=0.3380 mat=0.0117
  batch 230/329 | loss=0.1920 light=0.1905 mat=0.0154
  batch 240/329 | loss=0.1694 light=0.1688 mat=0.0069
  batch 250/329 | loss=0.2506 light=0.2499 mat=0.0064
  batch 260/329 | loss=0.1995 light=0.1988 mat=0.0075
  batch 270/329 | loss=0.2600 light=0.2591 mat=0.0088
  batch 280/329 | loss=0.3359 light=0.3340 mat=0.0187
  batch 290/329 | loss=0.2593 light=0.2582 mat=0.0110
  batch 300/329 | loss=0.3172 light=0.3164 mat=0.0088
  batch 310/329 | loss=0.2550 light=0.2540 mat=0.0098
  batch 320/329 | loss=0.2979 light=0.2972 mat=0.0069
  train | loss=0.2607 light=0.2594 mat=0.0127
  val   | loss=0.2782 light=0.2771 mat=0.0109 mat_mae=0.0472
  -> new best model (val_loss=0.2782)

Epoch 9/50
  batch 10/329 | loss=0.2491 light=0.2487 mat=0.0042
  batch 20/329 | loss=0.3448 light=0.3441 mat=0.0070
  batch 30/329 | loss=0.3461 light=0.3452 mat=0.0087
  batch 40/329 | loss=0.1794 light=0.1780 mat=0.0141
  batch 50/329 | loss=0.2450 light=0.2439 mat=0.0109
  batch 60/329 | loss=0.2562 light=0.2532 mat=0.0297
  batch 70/329 | loss=0.2833 light=0.2827 mat=0.0056
  batch 80/329 | loss=0.2447 light=0.2439 mat=0.0086
  batch 90/329 | loss=0.2550 light=0.2541 mat=0.0086
  batch 100/329 | loss=0.1978 light=0.1967 mat=0.0106
  batch 110/329 | loss=0.2049 light=0.2041 mat=0.0077
  batch 120/329 | loss=0.3524 light=0.3508 mat=0.0165
  batch 130/329 | loss=0.2646 light=0.2630 mat=0.0151
  batch 140/329 | loss=0.2459 light=0.2445 mat=0.0134
  batch 150/329 | loss=0.3166 light=0.3159 mat=0.0075
  batch 160/329 | loss=0.3047 light=0.3037 mat=0.0093
  batch 170/329 | loss=0.2023 light=0.2018 mat=0.0050
  batch 180/329 | loss=0.2821 light=0.2813 mat=0.0079
  batch 190/329 | loss=0.2071 light=0.2060 mat=0.0114
  batch 200/329 | loss=0.3225 light=0.3219 mat=0.0052
  batch 210/329 | loss=0.2080 light=0.2071 mat=0.0094
  batch 220/329 | loss=0.1870 light=0.1859 mat=0.0101
  batch 230/329 | loss=0.2134 light=0.2128 mat=0.0065
  batch 240/329 | loss=0.1904 light=0.1887 mat=0.0171
  batch 250/329 | loss=0.4332 light=0.4317 mat=0.0152
  batch 260/329 | loss=0.1957 light=0.1945 mat=0.0121
  batch 270/329 | loss=0.2711 light=0.2698 mat=0.0128
  batch 280/329 | loss=0.3580 light=0.3572 mat=0.0081
  batch 290/329 | loss=0.2192 light=0.2176 mat=0.0162
  batch 300/329 | loss=0.2805 light=0.2795 mat=0.0099
  batch 310/329 | loss=0.2176 light=0.2170 mat=0.0054
  batch 320/329 | loss=0.2256 light=0.2247 mat=0.0097
  train | loss=0.2531 light=0.2520 mat=0.0113
  val   | loss=0.2762 light=0.2750 mat=0.0116 mat_mae=0.0506
  -> new best model (val_loss=0.2762)

Epoch 10/50
  batch 10/329 | loss=0.2099 light=0.2088 mat=0.0107
  batch 20/329 | loss=0.2294 light=0.2290 mat=0.0034
  batch 30/329 | loss=0.2310 light=0.2296 mat=0.0137
  batch 40/329 | loss=0.1692 light=0.1678 mat=0.0140
  batch 50/329 | loss=0.2027 light=0.2014 mat=0.0136
  batch 60/329 | loss=0.3259 light=0.3253 mat=0.0062
  batch 70/329 | loss=0.3018 light=0.3004 mat=0.0145
  batch 80/329 | loss=0.2555 light=0.2548 mat=0.0072
  batch 90/329 | loss=0.2630 light=0.2609 mat=0.0201
  batch 100/329 | loss=0.2265 light=0.2262 mat=0.0039
  batch 110/329 | loss=0.2161 light=0.2155 mat=0.0057
  batch 120/329 | loss=0.2555 light=0.2549 mat=0.0058
  batch 130/329 | loss=0.2287 light=0.2276 mat=0.0105
  batch 140/329 | loss=0.2877 light=0.2861 mat=0.0166
  batch 150/329 | loss=0.3085 light=0.3077 mat=0.0080
  batch 160/329 | loss=0.1925 light=0.1918 mat=0.0077
  batch 170/329 | loss=0.2271 light=0.2268 mat=0.0036
  batch 180/329 | loss=0.3265 light=0.3253 mat=0.0117
  batch 190/329 | loss=0.2451 light=0.2442 mat=0.0091
  batch 200/329 | loss=0.1704 light=0.1698 mat=0.0063
  batch 210/329 | loss=0.1785 light=0.1766 mat=0.0185
  batch 220/329 | loss=0.2132 light=0.2116 mat=0.0157
  batch 230/329 | loss=0.2938 light=0.2914 mat=0.0234
  batch 240/329 | loss=0.2528 light=0.2510 mat=0.0171
  batch 250/329 | loss=0.2907 light=0.2890 mat=0.0172
  batch 260/329 | loss=0.2278 light=0.2275 mat=0.0029
  batch 270/329 | loss=0.2327 light=0.2311 mat=0.0165
  batch 280/329 | loss=0.2488 light=0.2471 mat=0.0175
  batch 290/329 | loss=0.2048 light=0.2041 mat=0.0069
  batch 300/329 | loss=0.1877 light=0.1862 mat=0.0151
  batch 310/329 | loss=0.2314 light=0.2296 mat=0.0184
  batch 320/329 | loss=0.1881 light=0.1868 mat=0.0129
  train | loss=0.2454 light=0.2442 mat=0.0114
  val   | loss=0.2770 light=0.2758 mat=0.0119 mat_mae=0.0493

Epoch 11/50
  batch 10/329 | loss=0.2913 light=0.2904 mat=0.0091
  batch 20/329 | loss=0.2162 light=0.2147 mat=0.0143
  batch 30/329 | loss=0.2666 light=0.2654 mat=0.0128
  batch 40/329 | loss=0.2988 light=0.2973 mat=0.0147
  batch 50/329 | loss=0.2202 light=0.2185 mat=0.0165
  batch 60/329 | loss=0.2831 light=0.2798 mat=0.0327
  batch 70/329 | loss=0.2550 light=0.2541 mat=0.0089
  batch 80/329 | loss=0.2759 light=0.2742 mat=0.0163
  batch 90/329 | loss=0.1833 light=0.1818 mat=0.0151
  batch 100/329 | loss=0.1919 light=0.1908 mat=0.0106
  batch 110/329 | loss=0.3457 light=0.3448 mat=0.0089
  batch 120/329 | loss=0.2721 light=0.2708 mat=0.0135
  batch 130/329 | loss=0.2521 light=0.2514 mat=0.0074
  batch 140/329 | loss=0.2103 light=0.2086 mat=0.0167
  batch 150/329 | loss=0.2150 light=0.2144 mat=0.0063
  batch 160/329 | loss=0.2322 light=0.2307 mat=0.0145
  batch 170/329 | loss=0.1843 light=0.1838 mat=0.0049
  batch 180/329 | loss=0.2233 light=0.2225 mat=0.0087
  batch 190/329 | loss=0.2673 light=0.2667 mat=0.0065
  batch 200/329 | loss=0.2623 light=0.2596 mat=0.0266
  batch 210/329 | loss=0.2075 light=0.2060 mat=0.0153
  batch 220/329 | loss=0.1597 light=0.1588 mat=0.0090
  batch 230/329 | loss=0.3138 light=0.3122 mat=0.0156
  batch 240/329 | loss=0.2539 light=0.2524 mat=0.0145
  batch 250/329 | loss=0.2022 light=0.2016 mat=0.0060
  batch 260/329 | loss=0.3640 light=0.3632 mat=0.0086
  batch 270/329 | loss=0.2227 light=0.2221 mat=0.0066
  batch 280/329 | loss=0.1823 light=0.1814 mat=0.0092
  batch 290/329 | loss=0.2589 light=0.2576 mat=0.0131
  batch 300/329 | loss=0.2472 light=0.2463 mat=0.0091
  batch 310/329 | loss=0.2756 light=0.2749 mat=0.0073
  batch 320/329 | loss=0.2130 light=0.2121 mat=0.0094
  train | loss=0.2371 light=0.2360 mat=0.0103
  val   | loss=0.2657 light=0.2647 mat=0.0104 mat_mae=0.0456
  -> new best model (val_loss=0.2657)

Epoch 12/50
  batch 10/329 | loss=0.1368 light=0.1362 mat=0.0054
  batch 20/329 | loss=0.2524 light=0.2511 mat=0.0124
  batch 30/329 | loss=0.2019 light=0.2012 mat=0.0069
  batch 40/329 | loss=0.2891 light=0.2884 mat=0.0067
  batch 50/329 | loss=0.2046 light=0.2039 mat=0.0072
  batch 60/329 | loss=0.2036 light=0.2020 mat=0.0158
  batch 70/329 | loss=0.2666 light=0.2658 mat=0.0079
  batch 80/329 | loss=0.1972 light=0.1965 mat=0.0067
  batch 90/329 | loss=0.2977 light=0.2958 mat=0.0197
  batch 100/329 | loss=0.1547 light=0.1540 mat=0.0068
  batch 110/329 | loss=0.2579 light=0.2570 mat=0.0091
  batch 120/329 | loss=0.1952 light=0.1948 mat=0.0048
  batch 130/329 | loss=0.2371 light=0.2362 mat=0.0087
  batch 140/329 | loss=0.4035 light=0.4029 mat=0.0063
  batch 150/329 | loss=0.3166 light=0.3155 mat=0.0111
  batch 160/329 | loss=0.1822 light=0.1814 mat=0.0077
  batch 170/329 | loss=0.3244 light=0.3223 mat=0.0202
  batch 180/329 | loss=0.2762 light=0.2750 mat=0.0116
  batch 190/329 | loss=0.1778 light=0.1768 mat=0.0101
  batch 200/329 | loss=0.1973 light=0.1962 mat=0.0103
  batch 210/329 | loss=0.2428 light=0.2419 mat=0.0091
  batch 220/329 | loss=0.2025 light=0.2014 mat=0.0110
  batch 230/329 | loss=0.2367 light=0.2353 mat=0.0134
  batch 240/329 | loss=0.2801 light=0.2792 mat=0.0085
  batch 250/329 | loss=0.2239 light=0.2233 mat=0.0060
  batch 260/329 | loss=0.3165 light=0.3153 mat=0.0115
  batch 270/329 | loss=0.2559 light=0.2536 mat=0.0230
  batch 280/329 | loss=0.1828 light=0.1809 mat=0.0196
  batch 290/329 | loss=0.2652 light=0.2645 mat=0.0068
  batch 300/329 | loss=0.2658 light=0.2647 mat=0.0115
  batch 310/329 | loss=0.2196 light=0.2190 mat=0.0058
  batch 320/329 | loss=0.2178 light=0.2170 mat=0.0085
  train | loss=0.2323 light=0.2313 mat=0.0102
  val   | loss=0.2681 light=0.2670 mat=0.0106 mat_mae=0.0464

Epoch 13/50
  batch 10/329 | loss=0.2713 light=0.2695 mat=0.0182
  batch 20/329 | loss=0.1906 light=0.1900 mat=0.0063
  batch 30/329 | loss=0.1981 light=0.1971 mat=0.0101
  batch 40/329 | loss=0.2279 light=0.2270 mat=0.0091
  batch 50/329 | loss=0.2194 light=0.2185 mat=0.0085
  batch 60/329 | loss=0.2177 light=0.2169 mat=0.0073
  batch 70/329 | loss=0.2139 light=0.2132 mat=0.0072
  batch 80/329 | loss=0.2794 light=0.2786 mat=0.0087
  batch 90/329 | loss=0.1990 light=0.1980 mat=0.0103
  batch 100/329 | loss=0.2077 light=0.2068 mat=0.0090
  batch 110/329 | loss=0.2168 light=0.2159 mat=0.0098
  batch 120/329 | loss=0.2084 light=0.2078 mat=0.0059
  batch 130/329 | loss=0.1985 light=0.1977 mat=0.0081
  batch 140/329 | loss=0.2094 light=0.2086 mat=0.0083
  batch 150/329 | loss=0.2085 light=0.2079 mat=0.0055
  batch 160/329 | loss=0.1779 light=0.1761 mat=0.0184
  batch 170/329 | loss=0.1593 light=0.1586 mat=0.0061
  batch 180/329 | loss=0.2483 light=0.2473 mat=0.0100
  batch 190/329 | loss=0.2020 light=0.2005 mat=0.0152
  batch 200/329 | loss=0.3248 light=0.3239 mat=0.0086
  batch 210/329 | loss=0.1702 light=0.1677 mat=0.0258
  batch 220/329 | loss=0.1650 light=0.1629 mat=0.0211
  batch 230/329 | loss=0.2069 light=0.2064 mat=0.0047
  batch 240/329 | loss=0.2058 light=0.2053 mat=0.0053
  batch 250/329 | loss=0.1859 light=0.1855 mat=0.0031
  batch 260/329 | loss=0.3130 light=0.3121 mat=0.0090
  batch 270/329 | loss=0.1859 light=0.1854 mat=0.0047
  batch 280/329 | loss=0.1665 light=0.1652 mat=0.0134
  batch 290/329 | loss=0.2546 light=0.2541 mat=0.0058
  batch 300/329 | loss=0.1820 light=0.1815 mat=0.0053
  batch 310/329 | loss=0.1787 light=0.1782 mat=0.0048
  batch 320/329 | loss=0.2386 light=0.2371 mat=0.0153
  train | loss=0.2262 light=0.2252 mat=0.0100
  val   | loss=0.2630 light=0.2620 mat=0.0099 mat_mae=0.0450
  -> new best model (val_loss=0.2630)

Epoch 14/50
  batch 10/329 | loss=0.2758 light=0.2752 mat=0.0055
  batch 20/329 | loss=0.1990 light=0.1969 mat=0.0207
  batch 30/329 | loss=0.3998 light=0.3990 mat=0.0074
  batch 40/329 | loss=0.2214 light=0.2204 mat=0.0103
  batch 50/329 | loss=0.2497 light=0.2490 mat=0.0072
  batch 60/329 | loss=0.2586 light=0.2580 mat=0.0055
  batch 70/329 | loss=0.1903 light=0.1894 mat=0.0096
  batch 80/329 | loss=0.2579 light=0.2572 mat=0.0073
  batch 90/329 | loss=0.2719 light=0.2712 mat=0.0075
  batch 100/329 | loss=0.1816 light=0.1805 mat=0.0107
  batch 110/329 | loss=0.2826 light=0.2818 mat=0.0087
  batch 120/329 | loss=0.2369 light=0.2360 mat=0.0085
  batch 130/329 | loss=0.2378 light=0.2370 mat=0.0085
  batch 140/329 | loss=0.1529 light=0.1522 mat=0.0074
  batch 150/329 | loss=0.2653 light=0.2649 mat=0.0045
  batch 160/329 | loss=0.2119 light=0.2112 mat=0.0065
  batch 170/329 | loss=0.2162 light=0.2156 mat=0.0066
  batch 180/329 | loss=0.2265 light=0.2253 mat=0.0123
  batch 190/329 | loss=0.3481 light=0.3474 mat=0.0065
  batch 200/329 | loss=0.2132 light=0.2127 mat=0.0053
  batch 210/329 | loss=0.2395 light=0.2390 mat=0.0045
  batch 220/329 | loss=0.2554 light=0.2548 mat=0.0061
  batch 230/329 | loss=0.2192 light=0.2182 mat=0.0098
  batch 240/329 | loss=0.1672 light=0.1664 mat=0.0079
  batch 250/329 | loss=0.2642 light=0.2638 mat=0.0038
  batch 260/329 | loss=0.2285 light=0.2281 mat=0.0040
  batch 270/329 | loss=0.1661 light=0.1653 mat=0.0080
  batch 280/329 | loss=0.2117 light=0.2111 mat=0.0056
  batch 290/329 | loss=0.3139 light=0.3127 mat=0.0127
  batch 300/329 | loss=0.2037 light=0.2029 mat=0.0086
  batch 310/329 | loss=0.2039 light=0.2027 mat=0.0111
  batch 320/329 | loss=0.2808 light=0.2800 mat=0.0083
  train | loss=0.2195 light=0.2186 mat=0.0090
  val   | loss=0.2583 light=0.2573 mat=0.0102 mat_mae=0.0457
  -> new best model (val_loss=0.2583)

Epoch 15/50
  batch 10/329 | loss=0.2612 light=0.2600 mat=0.0112
  batch 20/329 | loss=0.2350 light=0.2345 mat=0.0051
  batch 30/329 | loss=0.2535 light=0.2526 mat=0.0091
  batch 40/329 | loss=0.2761 light=0.2750 mat=0.0106
  batch 50/329 | loss=0.2573 light=0.2556 mat=0.0172
  batch 60/329 | loss=0.2136 light=0.2123 mat=0.0136
  batch 70/329 | loss=0.1793 light=0.1778 mat=0.0151
  batch 80/329 | loss=0.2293 light=0.2285 mat=0.0077
  batch 90/329 | loss=0.3196 light=0.3184 mat=0.0117
  batch 100/329 | loss=0.1494 light=0.1486 mat=0.0074
  batch 110/329 | loss=0.2080 light=0.2074 mat=0.0062
  batch 120/329 | loss=0.2112 light=0.2099 mat=0.0131
  batch 130/329 | loss=0.2558 light=0.2548 mat=0.0106
  batch 140/329 | loss=0.1522 light=0.1509 mat=0.0127
  batch 150/329 | loss=0.1962 light=0.1952 mat=0.0096
  batch 160/329 | loss=0.2293 light=0.2286 mat=0.0062
  batch 170/329 | loss=0.2119 light=0.2108 mat=0.0110
  batch 180/329 | loss=0.1478 light=0.1454 mat=0.0239
  batch 190/329 | loss=0.1293 light=0.1287 mat=0.0060
  batch 200/329 | loss=0.2573 light=0.2560 mat=0.0138
  batch 210/329 | loss=0.2869 light=0.2859 mat=0.0102
  batch 220/329 | loss=0.1897 light=0.1891 mat=0.0067
  batch 230/329 | loss=0.1637 light=0.1632 mat=0.0052
  batch 240/329 | loss=0.2100 light=0.2095 mat=0.0049
  batch 250/329 | loss=0.1807 light=0.1801 mat=0.0051
  batch 260/329 | loss=0.2472 light=0.2463 mat=0.0091
  batch 270/329 | loss=0.2742 light=0.2730 mat=0.0121
  batch 280/329 | loss=0.2700 light=0.2692 mat=0.0074
  batch 290/329 | loss=0.1864 light=0.1852 mat=0.0121
  batch 300/329 | loss=0.2035 light=0.2029 mat=0.0057
  batch 310/329 | loss=0.2307 light=0.2297 mat=0.0101
  batch 320/329 | loss=0.1933 light=0.1926 mat=0.0072
  train | loss=0.2132 light=0.2123 mat=0.0090C:\Program Files\Python314\Lib\site-packages\torchvision\models\_utils.py:208: UserWarning: The parameter 'pretrained' is deprecated since 0.13 and may be removed in the future, please use 'weights' instead.
  warnings.warn(
C:\Program Files\Python314\Lib\site-packages\torchvision\models\_utils.py:223: UserWarning: Arguments other than a weight enum or `None` for 'weights' are deprecated since 0.13 and may be removed in the future. The current behavior is equivalent to passing `weights=AlexNet_Weights.IMAGENET1K_V1`. You can also use `weights=AlexNet_Weights.DEFAULT` to get the most up-to-date weights.
  warnings.warn(msg)

  val   | loss=0.2539 light=0.2530 mat=0.0092 mat_mae=0.0432
  -> new best model (val_loss=0.2539)

Epoch 16/50
  batch 10/329 | loss=0.1667 light=0.1655 mat=0.0127
  batch 20/329 | loss=0.2006 light=0.1999 mat=0.0074
  batch 30/329 | loss=0.2544 light=0.2539 mat=0.0053
  batch 40/329 | loss=0.2113 light=0.2104 mat=0.0094
  batch 50/329 | loss=0.1564 light=0.1558 mat=0.0064
  batch 60/329 | loss=0.2502 light=0.2491 mat=0.0116
  batch 70/329 | loss=0.2507 light=0.2492 mat=0.0152
  batch 80/329 | loss=0.2503 light=0.2498 mat=0.0047
  batch 90/329 | loss=0.1264 light=0.1258 mat=0.0059
  batch 100/329 | loss=0.1660 light=0.1651 mat=0.0091
  batch 110/329 | loss=0.2224 light=0.2218 mat=0.0065
  batch 120/329 | loss=0.1715 light=0.1702 mat=0.0121
  batch 130/329 | loss=0.1648 light=0.1637 mat=0.0112
  batch 140/329 | loss=0.1996 light=0.1990 mat=0.0062
  batch 150/329 | loss=0.1619 light=0.1609 mat=0.0099
  batch 160/329 | loss=0.1998 light=0.1991 mat=0.0066
  batch 170/329 | loss=0.1794 light=0.1787 mat=0.0067
  batch 180/329 | loss=0.2309 light=0.2306 mat=0.0023
  batch 190/329 | loss=0.1965 light=0.1957 mat=0.0078
  batch 200/329 | loss=0.2315 light=0.2308 mat=0.0062
  batch 210/329 | loss=0.1976 light=0.1967 mat=0.0082
  batch 220/329 | loss=0.1955 light=0.1946 mat=0.0095
  batch 230/329 | loss=0.1922 light=0.1915 mat=0.0072
  batch 240/329 | loss=0.1947 light=0.1935 mat=0.0117
  batch 250/329 | loss=0.2068 light=0.2063 mat=0.0058
  batch 260/329 | loss=0.2145 light=0.2139 mat=0.0053
  batch 270/329 | loss=0.2185 light=0.2169 mat=0.0166
  batch 280/329 | loss=0.1589 light=0.1582 mat=0.0073
  batch 290/329 | loss=0.2156 light=0.2147 mat=0.0085
  batch 300/329 | loss=0.2312 light=0.2307 mat=0.0051
  batch 310/329 | loss=0.1675 light=0.1670 mat=0.0045
  batch 320/329 | loss=0.2447 light=0.2441 mat=0.0060
  train | loss=0.2079 light=0.2071 mat=0.0088
  val   | loss=0.2501 light=0.2491 mat=0.0094 mat_mae=0.0428
  -> new best model (val_loss=0.2501)

Epoch 17/50
  batch 10/329 | loss=0.2470 light=0.2465 mat=0.0051
  batch 20/329 | loss=0.1703 light=0.1698 mat=0.0053
  batch 30/329 | loss=0.3059 light=0.3055 mat=0.0040
  batch 40/329 | loss=0.1887 light=0.1882 mat=0.0055
  batch 50/329 | loss=0.1900 light=0.1892 mat=0.0077
  batch 60/329 | loss=0.1712 light=0.1706 mat=0.0057
  batch 70/329 | loss=0.1633 light=0.1618 mat=0.0142
  batch 80/329 | loss=0.1801 light=0.1794 mat=0.0065
  batch 90/329 | loss=0.2753 light=0.2735 mat=0.0180
  batch 100/329 | loss=0.1766 light=0.1763 mat=0.0036
  batch 110/329 | loss=0.1930 light=0.1924 mat=0.0058
  batch 120/329 | loss=0.1871 light=0.1859 mat=0.0120
  batch 130/329 | loss=0.2148 light=0.2141 mat=0.0071
  batch 140/329 | loss=0.2472 light=0.2468 mat=0.0037
  batch 150/329 | loss=0.2495 light=0.2486 mat=0.0094
  batch 160/329 | loss=0.1757 light=0.1751 mat=0.0057
  batch 170/329 | loss=0.1482 light=0.1473 mat=0.0092
  batch 180/329 | loss=0.1397 light=0.1387 mat=0.0104
  batch 190/329 | loss=0.2299 light=0.2290 mat=0.0084
  batch 200/329 | loss=0.2736 light=0.2731 mat=0.0057
  batch 210/329 | loss=0.2008 light=0.1998 mat=0.0099
  batch 220/329 | loss=0.1562 light=0.1551 mat=0.0110
  batch 230/329 | loss=0.1559 light=0.1544 mat=0.0149
  batch 240/329 | loss=0.2392 light=0.2387 mat=0.0047
  batch 250/329 | loss=0.2065 light=0.2055 mat=0.0096
  batch 260/329 | loss=0.2079 light=0.2071 mat=0.0085
  batch 270/329 | loss=0.1836 light=0.1828 mat=0.0076
  batch 280/329 | loss=0.1605 light=0.1599 mat=0.0056
  batch 290/329 | loss=0.1601 light=0.1594 mat=0.0069
  batch 300/329 | loss=0.2153 light=0.2141 mat=0.0119
  batch 310/329 | loss=0.2278 light=0.2270 mat=0.0077
  batch 320/329 | loss=0.2299 light=0.2288 mat=0.0109
  train | loss=0.2031 light=0.2022 mat=0.0090
  val   | loss=0.2514 light=0.2504 mat=0.0097 mat_mae=0.0439

Epoch 18/50
  batch 10/329 | loss=0.1716 light=0.1708 mat=0.0087
  batch 20/329 | loss=0.2183 light=0.2174 mat=0.0090
  batch 30/329 | loss=0.2009 light=0.2000 mat=0.0092
  batch 40/329 | loss=0.1538 light=0.1529 mat=0.0092
  batch 50/329 | loss=0.2597 light=0.2588 mat=0.0087
  batch 60/329 | loss=0.2060 light=0.2049 mat=0.0108
  batch 70/329 | loss=0.1411 light=0.1408 mat=0.0034
  batch 80/329 | loss=0.1563 light=0.1548 mat=0.0151
  batch 90/329 | loss=0.1380 light=0.1375 mat=0.0045
  batch 100/329 | loss=0.1381 light=0.1374 mat=0.0066
  batch 110/329 | loss=0.3170 light=0.3162 mat=0.0084
  batch 120/329 | loss=0.1813 light=0.1804 mat=0.0091
  batch 130/329 | loss=0.2819 light=0.2815 mat=0.0041
  batch 140/329 | loss=0.1774 light=0.1759 mat=0.0151
  batch 150/329 | loss=0.2051 light=0.2046 mat=0.0045
  batch 160/329 | loss=0.2443 light=0.2421 mat=0.0227
  batch 170/329 | loss=0.1954 light=0.1943 mat=0.0101
  batch 180/329 | loss=0.2684 light=0.2680 mat=0.0039
  batch 190/329 | loss=0.1915 light=0.1911 mat=0.0050
  batch 200/329 | loss=0.1780 light=0.1764 mat=0.0152
  batch 210/329 | loss=0.1764 light=0.1756 mat=0.0085
  batch 220/329 | loss=0.2450 light=0.2443 mat=0.0069
  batch 230/329 | loss=0.1392 light=0.1385 mat=0.0076
  batch 240/329 | loss=0.1811 light=0.1803 mat=0.0079
  batch 250/329 | loss=0.1768 light=0.1758 mat=0.0098
  batch 260/329 | loss=0.1537 light=0.1531 mat=0.0059
  batch 270/329 | loss=0.1647 light=0.1633 mat=0.0138
  batch 280/329 | loss=0.2076 light=0.2069 mat=0.0074
  batch 290/329 | loss=0.2621 light=0.2614 mat=0.0074
  batch 300/329 | loss=0.1663 light=0.1657 mat=0.0057
  batch 310/329 | loss=0.1989 light=0.1983 mat=0.0060
  batch 320/329 | loss=0.1678 light=0.1666 mat=0.0126
  train | loss=0.1995 light=0.1987 mat=0.0084
  val   | loss=0.2469 light=0.2460 mat=0.0088 mat_mae=0.0408
  -> new best model (val_loss=0.2469)

Epoch 19/50
  batch 10/329 | loss=0.2723 light=0.2715 mat=0.0073
  batch 20/329 | loss=0.1920 light=0.1912 mat=0.0084
  batch 30/329 | loss=0.2019 light=0.2014 mat=0.0049
  batch 40/329 | loss=0.1863 light=0.1858 mat=0.0049
  batch 50/329 | loss=0.2510 light=0.2497 mat=0.0131
  batch 60/329 | loss=0.1725 light=0.1721 mat=0.0036
  batch 70/329 | loss=0.1584 light=0.1577 mat=0.0062
  batch 80/329 | loss=0.1911 light=0.1903 mat=0.0080
  batch 90/329 | loss=0.2212 light=0.2204 mat=0.0081
  batch 100/329 | loss=0.1226 light=0.1222 mat=0.0041
  batch 110/329 | loss=0.1951 light=0.1945 mat=0.0059
  batch 120/329 | loss=0.1612 light=0.1608 mat=0.0038
  batch 130/329 | loss=0.2160 light=0.2151 mat=0.0084
  batch 140/329 | loss=0.2900 light=0.2895 mat=0.0047
  batch 150/329 | loss=0.1973 light=0.1967 mat=0.0069
  batch 160/329 | loss=0.1719 light=0.1712 mat=0.0063
  batch 170/329 | loss=0.1595 light=0.1591 mat=0.0045
  batch 180/329 | loss=0.1477 light=0.1467 mat=0.0097
  batch 190/329 | loss=0.2159 light=0.2142 mat=0.0174
  batch 200/329 | loss=0.2850 light=0.2843 mat=0.0069
  batch 210/329 | loss=0.2115 light=0.2104 mat=0.0106
  batch 220/329 | loss=0.2714 light=0.2706 mat=0.0082
  batch 230/329 | loss=0.2205 light=0.2198 mat=0.0068
  batch 240/329 | loss=0.2797 light=0.2788 mat=0.0090
  batch 250/329 | loss=0.2020 light=0.2014 mat=0.0064
  batch 260/329 | loss=0.1777 light=0.1772 mat=0.0047
  batch 270/329 | loss=0.1784 light=0.1774 mat=0.0093
  batch 280/329 | loss=0.1715 light=0.1712 mat=0.0039
  batch 290/329 | loss=0.2038 light=0.2028 mat=0.0098
  batch 300/329 | loss=0.1730 light=0.1726 mat=0.0040
  batch 310/329 | loss=0.2018 light=0.2008 mat=0.0095
  batch 320/329 | loss=0.1821 light=0.1815 mat=0.0067
  train | loss=0.1958 light=0.1950 mat=0.0078
  val   | loss=0.2437 light=0.2428 mat=0.0091 mat_mae=0.0417
  -> new best model (val_loss=0.2437)

Epoch 20/50
  batch 10/329 | loss=0.1942 light=0.1928 mat=0.0133
  batch 20/329 | loss=0.2116 light=0.2110 mat=0.0063
  batch 30/329 | loss=0.1590 light=0.1585 mat=0.0051
  batch 40/329 | loss=0.1714 light=0.1707 mat=0.0073
  batch 50/329 | loss=0.2059 light=0.2052 mat=0.0072
  batch 60/329 | loss=0.1673 light=0.1664 mat=0.0089
  batch 70/329 | loss=0.1847 light=0.1836 mat=0.0102
  batch 80/329 | loss=0.2931 light=0.2925 mat=0.0060
  batch 90/329 | loss=0.1653 light=0.1648 mat=0.0052
  batch 100/329 | loss=0.1618 light=0.1605 mat=0.0132
  batch 110/329 | loss=0.1452 light=0.1445 mat=0.0066
  batch 120/329 | loss=0.1302 light=0.1297 mat=0.0058
  batch 130/329 | loss=0.1447 light=0.1442 mat=0.0052
  batch 140/329 | loss=0.2203 light=0.2197 mat=0.0057
  batch 150/329 | loss=0.1572 light=0.1566 mat=0.0056
  batch 160/329 | loss=0.1476 light=0.1469 mat=0.0071
  batch 170/329 | loss=0.1901 light=0.1895 mat=0.0061
  batch 180/329 | loss=0.2613 light=0.2609 mat=0.0046
  batch 190/329 | loss=0.1625 light=0.1619 mat=0.0058
  batch 200/329 | loss=0.1574 light=0.1565 mat=0.0083
  batch 210/329 | loss=0.2715 light=0.2699 mat=0.0162
  batch 220/329 | loss=0.1822 light=0.1818 mat=0.0038
  batch 230/329 | loss=0.1925 light=0.1921 mat=0.0042
  batch 240/329 | loss=0.1740 light=0.1735 mat=0.0052
  batch 250/329 | loss=0.2129 light=0.2123 mat=0.0059
  batch 260/329 | loss=0.2217 light=0.2209 mat=0.0086
  batch 270/329 | loss=0.1848 light=0.1838 mat=0.0102
  batch 280/329 | loss=0.1847 light=0.1841 mat=0.0060
  batch 290/329 | loss=0.2086 light=0.2078 mat=0.0081
  batch 300/329 | loss=0.2127 light=0.2123 mat=0.0040
  batch 310/329 | loss=0.2255 light=0.2245 mat=0.0104
  batch 320/329 | loss=0.1382 light=0.1373 mat=0.0084
  train | loss=0.1903 light=0.1896 mat=0.0075
  val   | loss=0.2398 light=0.2389 mat=0.0088 mat_mae=0.0390
  -> new best model (val_loss=0.2398)

Epoch 21/50
  batch 10/329 | loss=0.1942 light=0.1930 mat=0.0114
  batch 20/329 | loss=0.1568 light=0.1562 mat=0.0054
  batch 30/329 | loss=0.1587 light=0.1579 mat=0.0075
  batch 40/329 | loss=0.1659 light=0.1653 mat=0.0059
  batch 50/329 | loss=0.1651 light=0.1645 mat=0.0062
  batch 60/329 | loss=0.2911 light=0.2907 mat=0.0037
  batch 70/329 | loss=0.1412 light=0.1406 mat=0.0061
  batch 80/329 | loss=0.1591 light=0.1586 mat=0.0048
  batch 90/329 | loss=0.1528 light=0.1522 mat=0.0061
  batch 100/329 | loss=0.2513 light=0.2506 mat=0.0072
  batch 110/329 | loss=0.2057 light=0.2048 mat=0.0090
  batch 120/329 | loss=0.1646 light=0.1641 mat=0.0053
  batch 130/329 | loss=0.2488 light=0.2484 mat=0.0040
  batch 140/329 | loss=0.1790 light=0.1784 mat=0.0054
  batch 150/329 | loss=0.1408 light=0.1401 mat=0.0063
  batch 160/329 | loss=0.1941 light=0.1935 mat=0.0062
  batch 170/329 | loss=0.1690 light=0.1675 mat=0.0145
  batch 180/329 | loss=0.1829 light=0.1818 mat=0.0115
  batch 190/329 | loss=0.1772 light=0.1767 mat=0.0051
  batch 200/329 | loss=0.1678 light=0.1672 mat=0.0062
  batch 210/329 | loss=0.1635 light=0.1629 mat=0.0061
  batch 220/329 | loss=0.1873 light=0.1865 mat=0.0070
  batch 230/329 | loss=0.2509 light=0.2506 mat=0.0034
  batch 240/329 | loss=0.2026 light=0.2015 mat=0.0107
  batch 250/329 | loss=0.1887 light=0.1880 mat=0.0065
  batch 260/329 | loss=0.1528 light=0.1521 mat=0.0063
  batch 270/329 | loss=0.1417 light=0.1412 mat=0.0046
  batch 280/329 | loss=0.2159 light=0.2153 mat=0.0067
  batch 290/329 | loss=0.2302 light=0.2283 mat=0.0191
  batch 300/329 | loss=0.1840 light=0.1829 mat=0.0118
  batch 310/329 | loss=0.1748 light=0.1739 mat=0.0088
  batch 320/329 | loss=0.2444 light=0.2435 mat=0.0091
  train | loss=0.1866 light=0.1859 mat=0.0075
  val   | loss=0.2409 light=0.2400 mat=0.0089 mat_mae=0.0404

Epoch 22/50
  batch 10/329 | loss=0.2009 light=0.2004 mat=0.0053
  batch 20/329 | loss=0.1839 light=0.1835 mat=0.0038
  batch 30/329 | loss=0.2159 light=0.2153 mat=0.0068
  batch 40/329 | loss=0.1271 light=0.1265 mat=0.0058
  batch 50/329 | loss=0.2227 light=0.2218 mat=0.0087
  batch 60/329 | loss=0.1871 light=0.1867 mat=0.0044
  batch 70/329 | loss=0.1455 light=0.1450 mat=0.0058
  batch 80/329 | loss=0.1684 light=0.1678 mat=0.0060
  batch 90/329 | loss=0.1904 light=0.1889 mat=0.0150
  batch 100/329 | loss=0.2499 light=0.2494 mat=0.0055
  batch 110/329 | loss=0.2604 light=0.2600 mat=0.0045
  batch 120/329 | loss=0.1421 light=0.1417 mat=0.0049
  batch 130/329 | loss=0.1713 light=0.1710 mat=0.0031
  batch 140/329 | loss=0.1291 light=0.1281 mat=0.0093
  batch 150/329 | loss=0.1457 light=0.1451 mat=0.0056
  batch 160/329 | loss=0.2351 light=0.2341 mat=0.0108
  batch 170/329 | loss=0.1862 light=0.1858 mat=0.0046
  batch 180/329 | loss=0.1658 light=0.1650 mat=0.0081
  batch 190/329 | loss=0.1693 light=0.1687 mat=0.0059
  batch 200/329 | loss=0.1359 light=0.1355 mat=0.0035
  batch 210/329 | loss=0.1539 light=0.1533 mat=0.0066
  batch 220/329 | loss=0.2209 light=0.2193 mat=0.0157
  batch 230/329 | loss=0.2084 light=0.2079 mat=0.0053
  batch 240/329 | loss=0.1679 light=0.1673 mat=0.0062
  batch 250/329 | loss=0.1889 light=0.1882 mat=0.0071
  batch 260/329 | loss=0.1602 light=0.1593 mat=0.0087
  batch 270/329 | loss=0.1527 light=0.1522 mat=0.0049
  batch 280/329 | loss=0.1672 light=0.1668 mat=0.0044
  batch 290/329 | loss=0.2272 light=0.2261 mat=0.0111
  batch 300/329 | loss=0.1773 light=0.1764 mat=0.0091
  batch 310/329 | loss=0.1441 light=0.1438 mat=0.0036
  batch 320/329 | loss=0.1878 light=0.1870 mat=0.0078
  train | loss=0.1840 light=0.1832 mat=0.0075
  val   | loss=0.2378 light=0.2369 mat=0.0095 mat_mae=0.0405
  -> new best model (val_loss=0.2378)

Epoch 23/50
  batch 10/329 | loss=0.1374 light=0.1360 mat=0.0140
  batch 20/329 | loss=0.1840 light=0.1831 mat=0.0091
  batch 30/329 | loss=0.1533 light=0.1528 mat=0.0053
  batch 40/329 | loss=0.2532 light=0.2526 mat=0.0066
  batch 50/329 | loss=0.1410 light=0.1403 mat=0.0070
  batch 60/329 | loss=0.1912 light=0.1901 mat=0.0109
  batch 70/329 | loss=0.1779 light=0.1775 mat=0.0047
  batch 80/329 | loss=0.1778 light=0.1769 mat=0.0087
  batch 90/329 | loss=0.1279 light=0.1267 mat=0.0115
  batch 100/329 | loss=0.1822 light=0.1813 mat=0.0091
  batch 110/329 | loss=0.1784 light=0.1778 mat=0.0060
  batch 120/329 | loss=0.1806 light=0.1803 mat=0.0025
  batch 130/329 | loss=0.2545 light=0.2537 mat=0.0082
  batch 140/329 | loss=0.1758 light=0.1750 mat=0.0077
  batch 150/329 | loss=0.1682 light=0.1675 mat=0.0062
  batch 160/329 | loss=0.1627 light=0.1623 mat=0.0040
  batch 170/329 | loss=0.1771 light=0.1764 mat=0.0077
  batch 180/329 | loss=0.1626 light=0.1622 mat=0.0038
  batch 190/329 | loss=0.1989 light=0.1985 mat=0.0039
  batch 200/329 | loss=0.1247 light=0.1234 mat=0.0134
  batch 210/329 | loss=0.2061 light=0.2052 mat=0.0093
  batch 220/329 | loss=0.1163 light=0.1150 mat=0.0131
  batch 230/329 | loss=0.1968 light=0.1961 mat=0.0073
  batch 240/329 | loss=0.2401 light=0.2394 mat=0.0069
  batch 250/329 | loss=0.2673 light=0.2670 mat=0.0027
  batch 260/329 | loss=0.1721 light=0.1718 mat=0.0032
  batch 270/329 | loss=0.1489 light=0.1479 mat=0.0098
  batch 280/329 | loss=0.1892 light=0.1887 mat=0.0049
  batch 290/329 | loss=0.2526 light=0.2521 mat=0.0053
  batch 300/329 | loss=0.2031 light=0.2027 mat=0.0039
  batch 310/329 | loss=0.1885 light=0.1875 mat=0.0103
  batch 320/329 | loss=0.1804 light=0.1797 mat=0.0070
  train | loss=0.1811 light=0.1804 mat=0.0072
  val   | loss=0.2354 light=0.2346 mat=0.0085 mat_mae=0.0394
  -> new best model (val_loss=0.2354)

Epoch 24/50
  batch 10/329 | loss=0.1878 light=0.1874 mat=0.0037
  batch 20/329 | loss=0.1830 light=0.1824 mat=0.0055
  batch 30/329 | loss=0.1850 light=0.1843 mat=0.0071
  batch 40/329 | loss=0.2723 light=0.2714 mat=0.0088
  batch 50/329 | loss=0.1233 light=0.1219 mat=0.0143
  batch 60/329 | loss=0.1677 light=0.1669 mat=0.0076
  batch 70/329 | loss=0.1851 light=0.1841 mat=0.0096
  batch 80/329 | loss=0.1362 light=0.1357 mat=0.0048
  batch 90/329 | loss=0.2217 light=0.2209 mat=0.0082
  batch 100/329 | loss=0.1683 light=0.1676 mat=0.0066
  batch 110/329 | loss=0.3013 light=0.3011 mat=0.0028
  batch 120/329 | loss=0.1916 light=0.1911 mat=0.0052
  batch 130/329 | loss=0.1419 light=0.1415 mat=0.0042
  batch 140/329 | loss=0.2190 light=0.2185 mat=0.0046
  batch 150/329 | loss=0.2153 light=0.2146 mat=0.0070
  batch 160/329 | loss=0.1002 light=0.0998 mat=0.0036
  batch 170/329 | loss=0.1407 light=0.1399 mat=0.0077
  batch 180/329 | loss=0.1961 light=0.1956 mat=0.0049
  batch 190/329 | loss=0.1531 light=0.1526 mat=0.0051
  batch 200/329 | loss=0.1393 light=0.1384 mat=0.0092
  batch 210/329 | loss=0.1564 light=0.1558 mat=0.0060
  batch 220/329 | loss=0.2080 light=0.2076 mat=0.0046
  batch 230/329 | loss=0.2701 light=0.2696 mat=0.0051
  batch 240/329 | loss=0.1810 light=0.1804 mat=0.0065
  batch 250/329 | loss=0.1802 light=0.1800 mat=0.0026
  batch 260/329 | loss=0.2026 light=0.2019 mat=0.0063
  batch 270/329 | loss=0.2121 light=0.2117 mat=0.0046
  batch 280/329 | loss=0.1487 light=0.1472 mat=0.0152
  batch 290/329 | loss=0.1624 light=0.1617 mat=0.0071
  batch 300/329 | loss=0.1602 light=0.1589 mat=0.0138
  batch 310/329 | loss=0.1931 light=0.1925 mat=0.0059
  batch 320/329 | loss=0.1726 light=0.1720 mat=0.0051
  train | loss=0.1768 light=0.1762 mat=0.0066
  val   | loss=0.2356 light=0.2347 mat=0.0084 mat_mae=0.0377

Epoch 25/50
  batch 10/329 | loss=0.2150 light=0.2142 mat=0.0079
  batch 20/329 | loss=0.1773 light=0.1766 mat=0.0069
  batch 30/329 | loss=0.1907 light=0.1902 mat=0.0054
  batch 40/329 | loss=0.1851 light=0.1847 mat=0.0034
  batch 50/329 | loss=0.1830 light=0.1822 mat=0.0079
  batch 60/329 | loss=0.1899 light=0.1889 mat=0.0099
  batch 70/329 | loss=0.1510 light=0.1502 mat=0.0085
  batch 80/329 | loss=0.1732 light=0.1724 mat=0.0080
  batch 90/329 | loss=0.1596 light=0.1591 mat=0.0050
  batch 100/329 | loss=0.1452 light=0.1448 mat=0.0047
  batch 110/329 | loss=0.2242 light=0.2237 mat=0.0051
  batch 120/329 | loss=0.2367 light=0.2363 mat=0.0040
  batch 130/329 | loss=0.1848 light=0.1843 mat=0.0046
  batch 140/329 | loss=0.1665 light=0.1660 mat=0.0047
  batch 150/329 | loss=0.1372 light=0.1365 mat=0.0076
  batch 160/329 | loss=0.1961 light=0.1956 mat=0.0049
  batch 170/329 | loss=0.2013 light=0.2008 mat=0.0044
  batch 180/329 | loss=0.1588 light=0.1579 mat=0.0096
  batch 190/329 | loss=0.1096 light=0.1092 mat=0.0045
  batch 200/329 | loss=0.1465 light=0.1459 mat=0.0055
  batch 210/329 | loss=0.2044 light=0.2038 mat=0.0063
  batch 220/329 | loss=0.1733 light=0.1723 mat=0.0096
  batch 230/329 | loss=0.1395 light=0.1390 mat=0.0047
  batch 240/329 | loss=0.1327 light=0.1321 mat=0.0066
  batch 250/329 | loss=0.1356 light=0.1348 mat=0.0076
  batch 260/329 | loss=0.1362 light=0.1355 mat=0.0077
  batch 270/329 | loss=0.1814 light=0.1806 mat=0.0081
  batch 280/329 | loss=0.1290 light=0.1282 mat=0.0081
  batch 290/329 | loss=0.1239 light=0.1234 mat=0.0049
  batch 300/329 | loss=0.1491 light=0.1484 mat=0.0072
  batch 310/329 | loss=0.1715 light=0.1699 mat=0.0154
  batch 320/329 | loss=0.1657 light=0.1654 mat=0.0028
  train | loss=0.1741 light=0.1735 mat=0.0064
  val   | loss=0.2351 light=0.2343 mat=0.0079 mat_mae=0.0373
  -> new best model (val_loss=0.2351)

Epoch 26/50
  batch 10/329 | loss=0.1804 light=0.1798 mat=0.0060
  batch 20/329 | loss=0.1801 light=0.1793 mat=0.0072
  batch 30/329 | loss=0.1561 light=0.1555 mat=0.0060
  batch 40/329 | loss=0.2026 light=0.2021 mat=0.0053
  batch 50/329 | loss=0.1597 light=0.1585 mat=0.0117
  batch 60/329 | loss=0.1732 light=0.1727 mat=0.0059
  batch 70/329 | loss=0.1478 light=0.1472 mat=0.0063
  batch 80/329 | loss=0.1483 light=0.1475 mat=0.0084
  batch 90/329 | loss=0.1242 light=0.1236 mat=0.0062
  batch 100/329 | loss=0.1453 light=0.1449 mat=0.0041
  batch 110/329 | loss=0.1220 light=0.1214 mat=0.0061
  batch 120/329 | loss=0.1793 light=0.1787 mat=0.0056
  batch 130/329 | loss=0.1359 light=0.1351 mat=0.0077
  batch 140/329 | loss=0.2181 light=0.2173 mat=0.0084
  batch 150/329 | loss=0.1734 light=0.1728 mat=0.0058
  batch 160/329 | loss=0.1744 light=0.1737 mat=0.0069
  batch 170/329 | loss=0.1537 light=0.1528 mat=0.0085
  batch 180/329 | loss=0.1721 light=0.1713 mat=0.0075
  batch 190/329 | loss=0.1490 light=0.1486 mat=0.0040
  batch 200/329 | loss=0.1544 light=0.1537 mat=0.0065
  batch 210/329 | loss=0.2485 light=0.2477 mat=0.0081
  batch 220/329 | loss=0.1253 light=0.1247 mat=0.0058
  batch 230/329 | loss=0.1669 light=0.1662 mat=0.0071
  batch 240/329 | loss=0.1450 light=0.1446 mat=0.0040
  batch 250/329 | loss=0.2542 light=0.2533 mat=0.0089
  batch 260/329 | loss=0.1930 light=0.1925 mat=0.0047
  batch 270/329 | loss=0.1717 light=0.1711 mat=0.0056
  batch 280/329 | loss=0.1903 light=0.1894 mat=0.0092
  batch 290/329 | loss=0.2036 light=0.2026 mat=0.0092
  batch 300/329 | loss=0.1597 light=0.1592 mat=0.0055
  batch 310/329 | loss=0.1671 light=0.1665 mat=0.0060
  batch 320/329 | loss=0.2345 light=0.2332 mat=0.0135
  train | loss=0.1724 light=0.1718 mat=0.0065
  val   | loss=0.2320 light=0.2312 mat=0.0083 mat_mae=0.0376
  -> new best model (val_loss=0.2320)

Epoch 27/50
  batch 10/329 | loss=0.1882 light=0.1865 mat=0.0168
  batch 20/329 | loss=0.2520 light=0.2513 mat=0.0067
  batch 30/329 | loss=0.1454 light=0.1447 mat=0.0071
  batch 40/329 | loss=0.2575 light=0.2571 mat=0.0043
  batch 50/329 | loss=0.1679 light=0.1676 mat=0.0036
  batch 60/329 | loss=0.2270 light=0.2265 mat=0.0058
  batch 70/329 | loss=0.1362 light=0.1356 mat=0.0057
  batch 80/329 | loss=0.1402 light=0.1398 mat=0.0041
  batch 90/329 | loss=0.1384 light=0.1377 mat=0.0062
  batch 100/329 | loss=0.1796 light=0.1791 mat=0.0048
  batch 110/329 | loss=0.1269 light=0.1263 mat=0.0057
  batch 120/329 | loss=0.1833 light=0.1827 mat=0.0066
  batch 130/329 | loss=0.2717 light=0.2706 mat=0.0109
  batch 140/329 | loss=0.1810 light=0.1803 mat=0.0062
  batch 150/329 | loss=0.1846 light=0.1840 mat=0.0067
  batch 160/329 | loss=0.1445 light=0.1440 mat=0.0053
  batch 170/329 | loss=0.1891 light=0.1887 mat=0.0042
  batch 180/329 | loss=0.1758 light=0.1750 mat=0.0081
  batch 190/329 | loss=0.1134 light=0.1128 mat=0.0063
  batch 200/329 | loss=0.1344 light=0.1337 mat=0.0072
  batch 210/329 | loss=0.1679 light=0.1678 mat=0.0019
  batch 220/329 | loss=0.2187 light=0.2181 mat=0.0061
  batch 230/329 | loss=0.1556 light=0.1549 mat=0.0077
  batch 240/329 | loss=0.0824 light=0.0820 mat=0.0035
  batch 250/329 | loss=0.2041 light=0.2036 mat=0.0053
  batch 260/329 | loss=0.1908 light=0.1901 mat=0.0077
  batch 270/329 | loss=0.1716 light=0.1709 mat=0.0062
  batch 280/329 | loss=0.1639 light=0.1635 mat=0.0039
  batch 290/329 | loss=0.1343 light=0.1339 mat=0.0044
  batch 300/329 | loss=0.1343 light=0.1337 mat=0.0065
  batch 310/329 | loss=0.1392 light=0.1383 mat=0.0090
  batch 320/329 | loss=0.1597 light=0.1578 mat=0.0195
  train | loss=0.1685 light=0.1678 mat=0.0064
  val   | loss=0.2308 light=0.2300 mat=0.0081 mat_mae=0.0383
  -> new best model (val_loss=0.2308)

Epoch 28/50
  batch 10/329 | loss=0.1574 light=0.1572 mat=0.0018
  batch 20/329 | loss=0.1124 light=0.1117 mat=0.0076
  batch 30/329 | loss=0.1158 light=0.1155 mat=0.0033
  batch 40/329 | loss=0.1578 light=0.1573 mat=0.0051
  batch 50/329 | loss=0.1250 light=0.1244 mat=0.0055
  batch 60/329 | loss=0.1733 light=0.1729 mat=0.0037
  batch 70/329 | loss=0.1420 light=0.1413 mat=0.0075
  batch 80/329 | loss=0.1685 light=0.1668 mat=0.0167
  batch 90/329 | loss=0.1504 light=0.1496 mat=0.0082
  batch 100/329 | loss=0.2529 light=0.2523 mat=0.0060
  batch 110/329 | loss=0.1841 light=0.1833 mat=0.0072
  batch 120/329 | loss=0.1914 light=0.1911 mat=0.0030
  batch 130/329 | loss=0.2302 light=0.2289 mat=0.0129
  batch 140/329 | loss=0.1272 light=0.1266 mat=0.0054
  batch 150/329 | loss=0.2274 light=0.2266 mat=0.0076
  batch 160/329 | loss=0.1333 light=0.1326 mat=0.0073
  batch 170/329 | loss=0.1995 light=0.1987 mat=0.0076
  batch 180/329 | loss=0.1672 light=0.1670 mat=0.0026
  batch 190/329 | loss=0.1415 light=0.1409 mat=0.0066
  batch 200/329 | loss=0.1869 light=0.1860 mat=0.0091
  batch 210/329 | loss=0.1096 light=0.1089 mat=0.0067
  batch 220/329 | loss=0.2057 light=0.2049 mat=0.0082
  batch 230/329 | loss=0.1336 light=0.1329 mat=0.0071
  batch 240/329 | loss=0.1764 light=0.1756 mat=0.0083
  batch 250/329 | loss=0.1179 light=0.1172 mat=0.0069
  batch 260/329 | loss=0.2292 light=0.2285 mat=0.0068
  batch 270/329 | loss=0.1582 light=0.1575 mat=0.0065
  batch 280/329 | loss=0.1485 light=0.1479 mat=0.0063
  batch 290/329 | loss=0.1388 light=0.1384 mat=0.0042
  batch 300/329 | loss=0.2148 light=0.2143 mat=0.0048
  batch 310/329 | loss=0.1756 light=0.1744 mat=0.0115
  batch 320/329 | loss=0.1442 light=0.1434 mat=0.0082
  train | loss=0.1654 light=0.1648 mat=0.0063
  val   | loss=0.2315 light=0.2307 mat=0.0081 mat_mae=0.0377

Epoch 29/50
  batch 10/329 | loss=0.1680 light=0.1675 mat=0.0057
  batch 20/329 | loss=0.1362 light=0.1357 mat=0.0054
  batch 30/329 | loss=0.1299 light=0.1290 mat=0.0094
  batch 40/329 | loss=0.1255 light=0.1246 mat=0.0090
  batch 50/329 | loss=0.1069 light=0.1065 mat=0.0042
  batch 60/329 | loss=0.1303 light=0.1294 mat=0.0082
  batch 70/329 | loss=0.2482 light=0.2476 mat=0.0058
  batch 80/329 | loss=0.1420 light=0.1416 mat=0.0046
  batch 90/329 | loss=0.1249 light=0.1241 mat=0.0082
  batch 100/329 | loss=0.1711 light=0.1702 mat=0.0093
  batch 110/329 | loss=0.1573 light=0.1564 mat=0.0094
  batch 120/329 | loss=0.2082 light=0.2066 mat=0.0163
  batch 130/329 | loss=0.1607 light=0.1602 mat=0.0044
  batch 140/329 | loss=0.1553 light=0.1548 mat=0.0057
  batch 150/329 | loss=0.2122 light=0.2117 mat=0.0042
  batch 160/329 | loss=0.1188 light=0.1180 mat=0.0080
  batch 170/329 | loss=0.2041 light=0.2034 mat=0.0072
  batch 180/329 | loss=0.1322 light=0.1315 mat=0.0072
  batch 190/329 | loss=0.1301 light=0.1296 mat=0.0045
  batch 200/329 | loss=0.1367 light=0.1362 mat=0.0044
  batch 210/329 | loss=0.1421 light=0.1416 mat=0.0046
  batch 220/329 | loss=0.1897 light=0.1889 mat=0.0079
  batch 230/329 | loss=0.1791 light=0.1785 mat=0.0055
  batch 240/329 | loss=0.1275 light=0.1270 mat=0.0050
  batch 250/329 | loss=0.2178 light=0.2176 mat=0.0022
  batch 260/329 | loss=0.1522 light=0.1516 mat=0.0064
  batch 270/329 | loss=0.1950 light=0.1945 mat=0.0048
  batch 280/329 | loss=0.2013 light=0.2010 mat=0.0032
  batch 290/329 | loss=0.1449 light=0.1447 mat=0.0023
  batch 300/329 | loss=0.1049 light=0.1043 mat=0.0058
  batch 310/329 | loss=0.1554 light=0.1549 mat=0.0050
  batch 320/329 | loss=0.1195 light=0.1190 mat=0.0049
  train | loss=0.1636 light=0.1630 mat=0.0061
  val   | loss=0.2315 light=0.2307 mat=0.0082 mat_mae=0.0370

Epoch 30/50
  batch 10/329 | loss=0.1503 light=0.1496 mat=0.0068
  batch 20/329 | loss=0.1317 light=0.1313 mat=0.0047
  batch 30/329 | loss=0.1805 light=0.1798 mat=0.0063
  batch 40/329 | loss=0.2366 light=0.2357 mat=0.0091
  batch 50/329 | loss=0.1592 light=0.1583 mat=0.0088
  batch 60/329 | loss=0.1667 light=0.1657 mat=0.0102
  batch 70/329 | loss=0.1478 light=0.1473 mat=0.0049
  batch 80/329 | loss=0.1096 light=0.1089 mat=0.0070
  batch 90/329 | loss=0.1379 light=0.1376 mat=0.0029
  batch 100/329 | loss=0.1291 light=0.1287 mat=0.0038
  batch 110/329 | loss=0.1527 light=0.1522 mat=0.0056
  batch 120/329 | loss=0.1566 light=0.1557 mat=0.0087
  batch 130/329 | loss=0.1536 light=0.1531 mat=0.0047
  batch 140/329 | loss=0.1217 light=0.1213 mat=0.0042
  batch 150/329 | loss=0.1815 light=0.1806 mat=0.0094
  batch 160/329 | loss=0.1376 light=0.1373 mat=0.0031
  batch 170/329 | loss=0.1303 light=0.1294 mat=0.0084
  batch 180/329 | loss=0.1539 light=0.1537 mat=0.0023
  batch 190/329 | loss=0.1590 light=0.1586 mat=0.0039
  batch 200/329 | loss=0.1246 light=0.1239 mat=0.0077
  batch 210/329 | loss=0.1652 light=0.1649 mat=0.0027
  batch 220/329 | loss=0.2046 light=0.2044 mat=0.0018
  batch 230/329 | loss=0.1484 light=0.1480 mat=0.0045
  batch 240/329 | loss=0.1202 light=0.1197 mat=0.0055
  batch 250/329 | loss=0.1548 light=0.1541 mat=0.0067
  batch 260/329 | loss=0.1359 light=0.1354 mat=0.0050
  batch 270/329 | loss=0.1431 light=0.1424 mat=0.0074
  batch 280/329 | loss=0.2077 light=0.2070 mat=0.0067
  batch 290/329 | loss=0.1008 light=0.1004 mat=0.0047
  batch 300/329 | loss=0.1842 light=0.1835 mat=0.0071
  batch 310/329 | loss=0.1873 light=0.1868 mat=0.0052
  batch 320/329 | loss=0.1731 light=0.1719 mat=0.0114
  train | loss=0.1608 light=0.1602 mat=0.0063
  val   | loss=0.2289 light=0.2280 mat=0.0082 mat_mae=0.0380
  -> new best model (val_loss=0.2289)

Epoch 31/50
  batch 10/329 | loss=0.1550 light=0.1544 mat=0.0060
  batch 20/329 | loss=0.1431 light=0.1423 mat=0.0080
  batch 30/329 | loss=0.1239 light=0.1235 mat=0.0044
  batch 40/329 | loss=0.1143 light=0.1132 mat=0.0116
  batch 50/329 | loss=0.1305 light=0.1301 mat=0.0031
  batch 60/329 | loss=0.1661 light=0.1653 mat=0.0081
  batch 70/329 | loss=0.1846 light=0.1840 mat=0.0056
  batch 80/329 | loss=0.1189 light=0.1186 mat=0.0030
  batch 90/329 | loss=0.2049 light=0.2041 mat=0.0084
  batch 100/329 | loss=0.1335 light=0.1328 mat=0.0066
  batch 110/329 | loss=0.1245 light=0.1242 mat=0.0029
  batch 120/329 | loss=0.1137 light=0.1132 mat=0.0047
  batch 130/329 | loss=0.2215 light=0.2210 mat=0.0057
  batch 140/329 | loss=0.1248 light=0.1242 mat=0.0057
  batch 150/329 | loss=0.1341 light=0.1335 mat=0.0064
  batch 160/329 | loss=0.1293 light=0.1290 mat=0.0034
  batch 170/329 | loss=0.1626 light=0.1617 mat=0.0092
  batch 180/329 | loss=0.1810 light=0.1805 mat=0.0053
  batch 190/329 | loss=0.1455 light=0.1450 mat=0.0049
  batch 200/329 | loss=0.1378 light=0.1370 mat=0.0079
  batch 210/329 | loss=0.1994 light=0.1989 mat=0.0048
  batch 220/329 | loss=0.2038 light=0.2032 mat=0.0059
  batch 230/329 | loss=0.1917 light=0.1910 mat=0.0066
  batch 240/329 | loss=0.1710 light=0.1708 mat=0.0020
  batch 250/329 | loss=0.1352 light=0.1342 mat=0.0098
  batch 260/329 | loss=0.2240 light=0.2233 mat=0.0070
  batch 270/329 | loss=0.1342 light=0.1335 mat=0.0069
  batch 280/329 | loss=0.2323 light=0.2316 mat=0.0071
  batch 290/329 | loss=0.1795 light=0.1791 mat=0.0041
  batch 300/329 | loss=0.2287 light=0.2282 mat=0.0052
  batch 310/329 | loss=0.1301 light=0.1295 mat=0.0051
  batch 320/329 | loss=0.2030 light=0.2025 mat=0.0050
  train | loss=0.1583 light=0.1577 mat=0.0060
  val   | loss=0.2327 light=0.2319 mat=0.0081 mat_mae=0.0372

Epoch 32/50
  batch 10/329 | loss=0.1832 light=0.1827 mat=0.0046
  batch 20/329 | loss=0.1632 light=0.1624 mat=0.0080
  batch 30/329 | loss=0.1439 light=0.1437 mat=0.0028
  batch 40/329 | loss=0.1682 light=0.1677 mat=0.0049
  batch 50/329 | loss=0.1594 light=0.1589 mat=0.0049
  batch 60/329 | loss=0.1518 light=0.1512 mat=0.0052
  batch 70/329 | loss=0.1691 light=0.1680 mat=0.0114
  batch 80/329 | loss=0.1885 light=0.1877 mat=0.0082
  batch 90/329 | loss=0.2247 light=0.2241 mat=0.0057
  batch 100/329 | loss=0.2264 light=0.2261 mat=0.0025
  batch 110/329 | loss=0.1628 light=0.1623 mat=0.0051
  batch 120/329 | loss=0.2047 light=0.2041 mat=0.0061
  batch 130/329 | loss=0.1098 light=0.1091 mat=0.0074
  batch 140/329 | loss=0.1450 light=0.1445 mat=0.0042
  batch 150/329 | loss=0.1673 light=0.1666 mat=0.0062
  batch 160/329 | loss=0.1950 light=0.1947 mat=0.0033
  batch 170/329 | loss=0.1040 light=0.1031 mat=0.0082
  batch 180/329 | loss=0.1811 light=0.1803 mat=0.0080
  batch 190/329 | loss=0.1624 light=0.1619 mat=0.0052
  batch 200/329 | loss=0.1195 light=0.1187 mat=0.0078
  batch 210/329 | loss=0.1749 light=0.1743 mat=0.0063
  batch 220/329 | loss=0.2080 light=0.2072 mat=0.0083
  batch 230/329 | loss=0.1280 light=0.1276 mat=0.0039
  batch 240/329 | loss=0.1695 light=0.1686 mat=0.0092
  batch 250/329 | loss=0.2009 light=0.2003 mat=0.0065
  batch 260/329 | loss=0.1131 light=0.1125 mat=0.0057
  batch 270/329 | loss=0.1416 light=0.1410 mat=0.0055
  batch 280/329 | loss=0.1394 light=0.1388 mat=0.0065
  batch 290/329 | loss=0.2375 light=0.2368 mat=0.0066
  batch 300/329 | loss=0.1815 light=0.1809 mat=0.0056
  batch 310/329 | loss=0.1506 light=0.1498 mat=0.0081
  batch 320/329 | loss=0.1099 light=0.1095 mat=0.0041
  train | loss=0.1601 light=0.1595 mat=0.0061
  val   | loss=0.2265 light=0.2257 mat=0.0075 mat_mae=0.0359
  -> new best model (val_loss=0.2265)

Epoch 33/50
  batch 10/329 | loss=0.1294 light=0.1291 mat=0.0024
  batch 20/329 | loss=0.1266 light=0.1260 mat=0.0063
  batch 30/329 | loss=0.2233 light=0.2227 mat=0.0056
  batch 40/329 | loss=0.1545 light=0.1542 mat=0.0036
  batch 50/329 | loss=0.1366 light=0.1357 mat=0.0088
  batch 60/329 | loss=0.1673 light=0.1669 mat=0.0043
  batch 70/329 | loss=0.1559 light=0.1553 mat=0.0058
  batch 80/329 | loss=0.1949 light=0.1942 mat=0.0067
  batch 90/329 | loss=0.1164 light=0.1159 mat=0.0046
  batch 100/329 | loss=0.1415 light=0.1412 mat=0.0034
  batch 110/329 | loss=0.1520 light=0.1514 mat=0.0059
  batch 120/329 | loss=0.1525 light=0.1517 mat=0.0072
  batch 130/329 | loss=0.1549 light=0.1543 mat=0.0059
  batch 140/329 | loss=0.1363 light=0.1359 mat=0.0039
  batch 150/329 | loss=0.1613 light=0.1608 mat=0.0052
  batch 160/329 | loss=0.1111 light=0.1104 mat=0.0074
  batch 170/329 | loss=0.1079 light=0.1076 mat=0.0030
  batch 180/329 | loss=0.1464 light=0.1458 mat=0.0057
  batch 190/329 | loss=0.1107 light=0.1099 mat=0.0080
  batch 200/329 | loss=0.1649 light=0.1643 mat=0.0058
  batch 210/329 | loss=0.1421 light=0.1417 mat=0.0043
  batch 220/329 | loss=0.2667 light=0.2661 mat=0.0060
  batch 230/329 | loss=0.0976 light=0.0969 mat=0.0070
  batch 240/329 | loss=0.1249 light=0.1243 mat=0.0061
  batch 250/329 | loss=0.1347 light=0.1342 mat=0.0056
  batch 260/329 | loss=0.1249 light=0.1242 mat=0.0075
  batch 270/329 | loss=0.1900 light=0.1895 mat=0.0050
  batch 280/329 | loss=0.1731 light=0.1725 mat=0.0059
  batch 290/329 | loss=0.1955 light=0.1951 mat=0.0040
  batch 300/329 | loss=0.1590 light=0.1585 mat=0.0050
  batch 310/329 | loss=0.1415 light=0.1407 mat=0.0085
  batch 320/329 | loss=0.1999 light=0.1992 mat=0.0075
  train | loss=0.1557 light=0.1551 mat=0.0058
  val   | loss=0.2268 light=0.2260 mat=0.0078 mat_mae=0.0371

Epoch 34/50
  batch 10/329 | loss=0.1749 light=0.1743 mat=0.0059
  batch 20/329 | loss=0.2025 light=0.2020 mat=0.0056
  batch 30/329 | loss=0.1687 light=0.1680 mat=0.0067
  batch 40/329 | loss=0.1550 light=0.1547 mat=0.0028
  batch 50/329 | loss=0.1299 light=0.1291 mat=0.0076
  batch 60/329 | loss=0.1387 light=0.1378 mat=0.0092
  batch 70/329 | loss=0.1375 light=0.1371 mat=0.0033
  batch 80/329 | loss=0.1194 light=0.1176 mat=0.0180
  batch 90/329 | loss=0.1428 light=0.1424 mat=0.0038
  batch 100/329 | loss=0.1645 light=0.1638 mat=0.0062
  batch 110/329 | loss=0.1280 light=0.1277 mat=0.0029
  batch 120/329 | loss=0.1609 light=0.1604 mat=0.0050
  batch 130/329 | loss=0.0998 light=0.0990 mat=0.0080
  batch 140/329 | loss=0.1417 light=0.1409 mat=0.0085
  batch 150/329 | loss=0.1087 light=0.1083 mat=0.0037
  batch 160/329 | loss=0.1547 light=0.1541 mat=0.0066
  batch 170/329 | loss=0.1046 light=0.1041 mat=0.0045
  batch 180/329 | loss=0.1594 light=0.1591 mat=0.0025
  batch 190/329 | loss=0.1593 light=0.1587 mat=0.0057
  batch 200/329 | loss=0.1108 light=0.1105 mat=0.0038
  batch 210/329 | loss=0.1854 light=0.1851 mat=0.0032
  batch 220/329 | loss=0.1837 light=0.1828 mat=0.0084
  batch 230/329 | loss=0.0822 light=0.0819 mat=0.0028
  batch 240/329 | loss=0.1217 light=0.1214 mat=0.0037
  batch 250/329 | loss=0.1611 light=0.1603 mat=0.0077
  batch 260/329 | loss=0.1063 light=0.1056 mat=0.0063
  batch 270/329 | loss=0.1305 light=0.1301 mat=0.0044
  batch 280/329 | loss=0.1508 light=0.1504 mat=0.0045
  batch 290/329 | loss=0.1459 light=0.1454 mat=0.0042
  batch 300/329 | loss=0.1707 light=0.1703 mat=0.0045
  batch 310/329 | loss=0.1676 light=0.1669 mat=0.0070
  batch 320/329 | loss=0.1655 light=0.1647 mat=0.0071
  train | loss=0.1528 light=0.1522 mat=0.0058
  val   | loss=0.2244 light=0.2237 mat=0.0074 mat_mae=0.0359
  -> new best model (val_loss=0.2244)

Epoch 35/50
  batch 10/329 | loss=0.1384 light=0.1380 mat=0.0037
  batch 20/329 | loss=0.1494 light=0.1487 mat=0.0067
  batch 30/329 | loss=0.1071 light=0.1064 mat=0.0065
  batch 40/329 | loss=0.1266 light=0.1255 mat=0.0104
  batch 50/329 | loss=0.1307 light=0.1303 mat=0.0042
  batch 60/329 | loss=0.2152 light=0.2148 mat=0.0042
  batch 70/329 | loss=0.1229 light=0.1224 mat=0.0051
  batch 80/329 | loss=0.1456 light=0.1449 mat=0.0065
  batch 90/329 | loss=0.1847 light=0.1843 mat=0.0040
  batch 100/329 | loss=0.2058 light=0.2051 mat=0.0074
  batch 110/329 | loss=0.1364 light=0.1360 mat=0.0036
  batch 120/329 | loss=0.2191 light=0.2186 mat=0.0053
  batch 130/329 | loss=0.2424 light=0.2421 mat=0.0031
  batch 140/329 | loss=0.1612 light=0.1608 mat=0.0040
  batch 150/329 | loss=0.1251 light=0.1244 mat=0.0069
  batch 160/329 | loss=0.1411 light=0.1405 mat=0.0065
  batch 170/329 | loss=0.1354 light=0.1347 mat=0.0070
  batch 180/329 | loss=0.1466 light=0.1463 mat=0.0032
  batch 190/329 | loss=0.1515 light=0.1510 mat=0.0050
  batch 200/329 | loss=0.1749 light=0.1745 mat=0.0040
  batch 210/329 | loss=0.1196 light=0.1191 mat=0.0046
  batch 220/329 | loss=0.2058 light=0.2054 mat=0.0039
  batch 230/329 | loss=0.1429 light=0.1426 mat=0.0033
  batch 240/329 | loss=0.1485 light=0.1480 mat=0.0048
  batch 250/329 | loss=0.2715 light=0.2710 mat=0.0049
  batch 260/329 | loss=0.1386 light=0.1380 mat=0.0064
  batch 270/329 | loss=0.1243 light=0.1239 mat=0.0035
  batch 280/329 | loss=0.1393 light=0.1385 mat=0.0087
  batch 290/329 | loss=0.1456 light=0.1451 mat=0.0051
  batch 300/329 | loss=0.1904 light=0.1899 mat=0.0052
  batch 310/329 | loss=0.1215 light=0.1211 mat=0.0040
  batch 320/329 | loss=0.1043 light=0.1038 mat=0.0056
  train | loss=0.1509 light=0.1503 mat=0.0059
  val   | loss=0.2293 light=0.2285 mat=0.0078 mat_mae=0.0366

Epoch 36/50
  batch 10/329 | loss=0.1446 light=0.1438 mat=0.0078
  batch 20/329 | loss=0.1085 light=0.1079 mat=0.0053
  batch 30/329 | loss=0.1650 light=0.1638 mat=0.0113
  batch 40/329 | loss=0.1735 light=0.1730 mat=0.0054
  batch 50/329 | loss=0.1889 light=0.1885 mat=0.0043
  batch 60/329 | loss=0.1280 light=0.1276 mat=0.0040
  batch 70/329 | loss=0.1748 light=0.1738 mat=0.0100
  batch 80/329 | loss=0.1649 light=0.1645 mat=0.0038
  batch 90/329 | loss=0.1444 light=0.1438 mat=0.0061
  batch 100/329 | loss=0.1645 light=0.1636 mat=0.0091
  batch 110/329 | loss=0.1055 light=0.1050 mat=0.0052
  batch 120/329 | loss=0.1299 light=0.1293 mat=0.0059
  batch 130/329 | loss=0.1970 light=0.1966 mat=0.0040
  batch 140/329 | loss=0.1440 light=0.1433 mat=0.0065
  batch 150/329 | loss=0.1608 light=0.1602 mat=0.0058
  batch 160/329 | loss=0.1287 light=0.1282 mat=0.0051
  batch 170/329 | loss=0.2698 light=0.2694 mat=0.0039
  batch 180/329 | loss=0.1151 light=0.1146 mat=0.0048
  batch 190/329 | loss=0.1501 light=0.1495 mat=0.0053
  batch 200/329 | loss=0.1384 light=0.1377 mat=0.0075
  batch 210/329 | loss=0.1602 light=0.1596 mat=0.0063
  batch 220/329 | loss=0.1654 light=0.1646 mat=0.0083
  batch 230/329 | loss=0.1386 light=0.1382 mat=0.0045
  batch 240/329 | loss=0.1396 light=0.1393 mat=0.0031
  batch 250/329 | loss=0.1354 light=0.1349 mat=0.0052
  batch 260/329 | loss=0.1294 light=0.1285 mat=0.0093
  batch 270/329 | loss=0.0815 light=0.0813 mat=0.0024
  batch 280/329 | loss=0.1347 light=0.1344 mat=0.0034
  batch 290/329 | loss=0.1140 light=0.1134 mat=0.0057
  batch 300/329 | loss=0.1591 light=0.1586 mat=0.0052
  batch 310/329 | loss=0.1642 light=0.1636 mat=0.0054
  batch 320/329 | loss=0.1437 light=0.1433 mat=0.0045
  train | loss=0.1494 light=0.1488 mat=0.0058
  val   | loss=0.2262 light=0.2254 mat=0.0080 mat_mae=0.0364

Epoch 37/50
  batch 10/329 | loss=0.1240 light=0.1234 mat=0.0066
  batch 20/329 | loss=0.1576 light=0.1571 mat=0.0053
  batch 30/329 | loss=0.1867 light=0.1858 mat=0.0090
  batch 40/329 | loss=0.0972 light=0.0969 mat=0.0032
  batch 50/329 | loss=0.1294 light=0.1291 mat=0.0034
  batch 60/329 | loss=0.1114 light=0.1110 mat=0.0045
  batch 70/329 | loss=0.1665 light=0.1660 mat=0.0054
  batch 80/329 | loss=0.1337 light=0.1332 mat=0.0048
  batch 90/329 | loss=0.1102 light=0.1095 mat=0.0072
  batch 100/329 | loss=0.2107 light=0.2103 mat=0.0041
  batch 110/329 | loss=0.1580 light=0.1574 mat=0.0061
  batch 120/329 | loss=0.1285 light=0.1281 mat=0.0039
  batch 130/329 | loss=0.1075 light=0.1070 mat=0.0054
  batch 140/329 | loss=0.1574 light=0.1570 mat=0.0044
  batch 150/329 | loss=0.1855 light=0.1845 mat=0.0102
  batch 160/329 | loss=0.2062 light=0.2059 mat=0.0024
  batch 170/329 | loss=0.1376 light=0.1371 mat=0.0048
  batch 180/329 | loss=0.1582 light=0.1578 mat=0.0039
  batch 190/329 | loss=0.1519 light=0.1511 mat=0.0080
  batch 200/329 | loss=0.1236 light=0.1233 mat=0.0030
  batch 210/329 | loss=0.1359 light=0.1354 mat=0.0050
  batch 220/329 | loss=0.1600 light=0.1594 mat=0.0060
  batch 230/329 | loss=0.1274 light=0.1270 mat=0.0041
  batch 240/329 | loss=0.1596 light=0.1591 mat=0.0050
  batch 250/329 | loss=0.1566 light=0.1561 mat=0.0048
  batch 260/329 | loss=0.1196 light=0.1189 mat=0.0070
  batch 270/329 | loss=0.1909 light=0.1901 mat=0.0082
  batch 280/329 | loss=0.1678 light=0.1671 mat=0.0063
  batch 290/329 | loss=0.1030 light=0.1022 mat=0.0075
  batch 300/329 | loss=0.1548 light=0.1546 mat=0.0025
  batch 310/329 | loss=0.1928 light=0.1922 mat=0.0060
  batch 320/329 | loss=0.1602 light=0.1596 mat=0.0053
  train | loss=0.1481 light=0.1476 mat=0.0055
  val   | loss=0.2266 light=0.2258 mat=0.0078 mat_mae=0.0360

Epoch 38/50
  batch 10/329 | loss=0.1188 light=0.1185 mat=0.0030
  batch 20/329 | loss=0.1625 light=0.1622 mat=0.0025
  batch 30/329 | loss=0.1244 light=0.1234 mat=0.0104
  batch 40/329 | loss=0.1287 light=0.1283 mat=0.0043
  batch 50/329 | loss=0.1005 light=0.0998 mat=0.0072
  batch 60/329 | loss=0.1084 light=0.1080 mat=0.0041
  batch 70/329 | loss=0.1726 light=0.1723 mat=0.0035
  batch 80/329 | loss=0.1894 light=0.1890 mat=0.0040
  batch 90/329 | loss=0.1225 light=0.1220 mat=0.0049
  batch 100/329 | loss=0.1484 light=0.1480 mat=0.0041
  batch 110/329 | loss=0.1090 light=0.1086 mat=0.0044
  batch 120/329 | loss=0.1347 light=0.1343 mat=0.0039
  batch 130/329 | loss=0.1871 light=0.1866 mat=0.0054
  batch 140/329 | loss=0.1306 light=0.1300 mat=0.0059
  batch 150/329 | loss=0.1492 light=0.1485 mat=0.0073
  batch 160/329 | loss=0.1581 light=0.1577 mat=0.0032
  batch 170/329 | loss=0.1832 light=0.1820 mat=0.0115
  batch 180/329 | loss=0.1533 light=0.1529 mat=0.0036
  batch 190/329 | loss=0.1070 light=0.1066 mat=0.0036
  batch 200/329 | loss=0.1601 light=0.1596 mat=0.0050
  batch 210/329 | loss=0.1916 light=0.1906 mat=0.0102
  batch 220/329 | loss=0.0973 light=0.0970 mat=0.0027
  batch 230/329 | loss=0.1473 light=0.1468 mat=0.0048
  batch 240/329 | loss=0.1223 light=0.1220 mat=0.0033
  batch 250/329 | loss=0.1125 light=0.1118 mat=0.0073
  batch 260/329 | loss=0.1978 light=0.1974 mat=0.0047
  batch 270/329 | loss=0.1531 light=0.1521 mat=0.0100
  batch 280/329 | loss=0.1308 light=0.1303 mat=0.0050
  batch 290/329 | loss=0.1739 light=0.1731 mat=0.0078
  batch 300/329 | loss=0.1426 light=0.1422 mat=0.0048
  batch 310/329 | loss=0.1122 light=0.1117 mat=0.0044
  batch 320/329 | loss=0.2068 light=0.2062 mat=0.0057
  train | loss=0.1475 light=0.1469 mat=0.0055
  val   | loss=0.2272 light=0.2265 mat=0.0078 mat_mae=0.0355

Epoch 39/50
  batch 10/329 | loss=0.1088 light=0.1082 mat=0.0052
  batch 20/329 | loss=0.1996 light=0.1992 mat=0.0039
  batch 30/329 | loss=0.1758 light=0.1753 mat=0.0051
  batch 40/329 | loss=0.1700 light=0.1696 mat=0.0039
  batch 50/329 | loss=0.1911 light=0.1906 mat=0.0051
  batch 60/329 | loss=0.1660 light=0.1654 mat=0.0061
  batch 70/329 | loss=0.2143 light=0.2138 mat=0.0054
  batch 80/329 | loss=0.1794 light=0.1789 mat=0.0053
  batch 90/329 | loss=0.1692 light=0.1689 mat=0.0033
  batch 100/329 | loss=0.0940 light=0.0932 mat=0.0082
  batch 110/329 | loss=0.1493 light=0.1489 mat=0.0040
  batch 120/329 | loss=0.1327 light=0.1324 mat=0.0030
  batch 130/329 | loss=0.1053 light=0.1050 mat=0.0034
  batch 140/329 | loss=0.1760 light=0.1754 mat=0.0061
  batch 150/329 | loss=0.1486 light=0.1482 mat=0.0032
  batch 160/329 | loss=0.1483 light=0.1477 mat=0.0053
  batch 170/329 | loss=0.1026 light=0.1022 mat=0.0043
  batch 180/329 | loss=0.1320 light=0.1316 mat=0.0042
  batch 190/329 | loss=0.1388 light=0.1382 mat=0.0055
  batch 200/329 | loss=0.1562 light=0.1556 mat=0.0060
  batch 210/329 | loss=0.1884 light=0.1879 mat=0.0046
  batch 220/329 | loss=0.1664 light=0.1660 mat=0.0043
  batch 230/329 | loss=0.1791 light=0.1784 mat=0.0072
  batch 240/329 | loss=0.1810 light=0.1805 mat=0.0045
  batch 250/329 | loss=0.1399 light=0.1395 mat=0.0044
  batch 260/329 | loss=0.1051 light=0.1047 mat=0.0041
  batch 270/329 | loss=0.1217 light=0.1211 mat=0.0059
  batch 280/329 | loss=0.1587 light=0.1581 mat=0.0069
  batch 290/329 | loss=0.1116 light=0.1109 mat=0.0066
  batch 300/329 | loss=0.1309 light=0.1303 mat=0.0055
  batch 310/329 | loss=0.1875 light=0.1870 mat=0.0047
  batch 320/329 | loss=0.1888 light=0.1884 mat=0.0041
  train | loss=0.1462 light=0.1457 mat=0.0056
  val   | loss=0.2252 light=0.2244 mat=0.0073 mat_mae=0.0355

Epoch 40/50
  batch 10/329 | loss=0.2079 light=0.2069 mat=0.0094
  batch 20/329 | loss=0.0974 light=0.0967 mat=0.0065
  batch 30/329 | loss=0.1712 light=0.1705 mat=0.0065
  batch 40/329 | loss=0.1145 light=0.1138 mat=0.0070
  batch 50/329 | loss=0.1370 light=0.1364 mat=0.0053
  batch 60/329 | loss=0.1391 light=0.1388 mat=0.0035
  batch 70/329 | loss=0.1036 light=0.1032 mat=0.0041
  batch 80/329 | loss=0.1074 light=0.1066 mat=0.0079
  batch 90/329 | loss=0.1141 light=0.1135 mat=0.0051
  batch 100/329 | loss=0.1322 light=0.1315 mat=0.0076
  batch 110/329 | loss=0.1215 light=0.1210 mat=0.0050
  batch 120/329 | loss=0.1589 light=0.1581 mat=0.0078
  batch 130/329 | loss=0.1432 light=0.1423 mat=0.0086
  batch 140/329 | loss=0.1934 light=0.1926 mat=0.0079
  batch 150/329 | loss=0.1448 light=0.1446 mat=0.0028
  batch 160/329 | loss=0.1419 light=0.1407 mat=0.0121
  batch 170/329 | loss=0.1562 light=0.1557 mat=0.0044
  batch 180/329 | loss=0.1120 light=0.1112 mat=0.0081
  batch 190/329 | loss=0.1936 light=0.1932 mat=0.0039
  batch 200/329 | loss=0.1137 light=0.1129 mat=0.0078
  batch 210/329 | loss=0.1727 light=0.1721 mat=0.0058
  batch 220/329 | loss=0.1314 light=0.1310 mat=0.0031
  batch 230/329 | loss=0.1560 light=0.1554 mat=0.0052
  batch 240/329 | loss=0.1020 light=0.1017 mat=0.0034
  batch 250/329 | loss=0.1872 light=0.1865 mat=0.0069
  batch 260/329 | loss=0.1717 light=0.1710 mat=0.0069
  batch 270/329 | loss=0.1346 light=0.1342 mat=0.0035
  batch 280/329 | loss=0.1077 light=0.1075 mat=0.0021
  batch 290/329 | loss=0.1065 light=0.1051 mat=0.0138
  batch 300/329 | loss=0.1628 light=0.1623 mat=0.0051
  batch 310/329 | loss=0.1422 light=0.1419 mat=0.0034
  batch 320/329 | loss=0.1769 light=0.1764 mat=0.0052
  train | loss=0.1439 light=0.1433 mat=0.0056
  val   | loss=0.2257 light=0.2250 mat=0.0075 mat_mae=0.0353

Epoch 41/50
  batch 10/329 | loss=0.0762 light=0.0758 mat=0.0040
  batch 20/329 | loss=0.1756 light=0.1750 mat=0.0060
  batch 30/329 | loss=0.1203 light=0.1199 mat=0.0041
  batch 40/329 | loss=0.1413 light=0.1407 mat=0.0055
  batch 50/329 | loss=0.1066 light=0.1062 mat=0.0043
  batch 60/329 | loss=0.1601 light=0.1596 mat=0.0051
  batch 70/329 | loss=0.1909 light=0.1906 mat=0.0034
  batch 80/329 | loss=0.1316 light=0.1311 mat=0.0055
  batch 90/329 | loss=0.1808 light=0.1802 mat=0.0059
  batch 100/329 | loss=0.1020 light=0.1012 mat=0.0081
  batch 110/329 | loss=0.1410 light=0.1406 mat=0.0041
  batch 120/329 | loss=0.2021 light=0.2015 mat=0.0069
  batch 130/329 | loss=0.1344 light=0.1338 mat=0.0055
  batch 140/329 | loss=0.1060 light=0.1057 mat=0.0033
  batch 150/329 | loss=0.1339 light=0.1336 mat=0.0036
  batch 160/329 | loss=0.1865 light=0.1858 mat=0.0065
  batch 170/329 | loss=0.1094 light=0.1089 mat=0.0052
  batch 180/329 | loss=0.2357 light=0.2353 mat=0.0045
  batch 190/329 | loss=0.1210 light=0.1205 mat=0.0054
  batch 200/329 | loss=0.1232 light=0.1228 mat=0.0032
  batch 210/329 | loss=0.1435 light=0.1430 mat=0.0047
  batch 220/329 | loss=0.2020 light=0.2014 mat=0.0062
  batch 230/329 | loss=0.1404 light=0.1399 mat=0.0056
  batch 240/329 | loss=0.1251 light=0.1246 mat=0.0051
  batch 250/329 | loss=0.1448 light=0.1445 mat=0.0030
  batch 260/329 | loss=0.1181 light=0.1176 mat=0.0059
  batch 270/329 | loss=0.1418 light=0.1412 mat=0.0063
  batch 280/329 | loss=0.1189 light=0.1184 mat=0.0052
  batch 290/329 | loss=0.1409 light=0.1403 mat=0.0060
  batch 300/329 | loss=0.1016 light=0.1011 mat=0.0054
  batch 310/329 | loss=0.1146 light=0.1142 mat=0.0035
  batch 320/329 | loss=0.1322 light=0.1316 mat=0.0061
  train | loss=0.1429 light=0.1424 mat=0.0053
  val   | loss=0.2247 light=0.2239 mat=0.0075 mat_mae=0.0352

Epoch 42/50
  batch 10/329 | loss=0.1293 light=0.1287 mat=0.0062
  batch 20/329 | loss=0.1293 light=0.1285 mat=0.0088
  batch 30/329 | loss=0.1761 light=0.1756 mat=0.0050
  batch 40/329 | loss=0.1561 light=0.1557 mat=0.0043
  batch 50/329 | loss=0.1616 light=0.1612 mat=0.0037
  batch 60/329 | loss=0.1116 light=0.1110 mat=0.0064
  batch 70/329 | loss=0.1207 light=0.1201 mat=0.0058
  batch 80/329 | loss=0.1277 light=0.1268 mat=0.0089
  batch 90/329 | loss=0.1058 light=0.1050 mat=0.0079
  batch 100/329 | loss=0.0917 light=0.0912 mat=0.0056
  batch 110/329 | loss=0.1527 light=0.1523 mat=0.0042
  batch 120/329 | loss=0.1228 light=0.1222 mat=0.0055
  batch 130/329 | loss=0.2609 light=0.2605 mat=0.0035
  batch 140/329 | loss=0.1864 light=0.1860 mat=0.0037
  batch 150/329 | loss=0.1402 light=0.1396 mat=0.0058
  batch 160/329 | loss=0.1073 light=0.1069 mat=0.0038
  batch 170/329 | loss=0.1395 light=0.1388 mat=0.0070
  batch 180/329 | loss=0.1372 light=0.1363 mat=0.0092
  batch 190/329 | loss=0.1816 light=0.1811 mat=0.0050
  batch 200/329 | loss=0.1151 light=0.1146 mat=0.0053
  batch 210/329 | loss=0.1108 light=0.1104 mat=0.0040
  batch 220/329 | loss=0.1823 light=0.1814 mat=0.0082
  batch 230/329 | loss=0.1879 light=0.1877 mat=0.0020
  batch 240/329 | loss=0.1128 light=0.1122 mat=0.0065
  batch 250/329 | loss=0.1406 light=0.1403 mat=0.0032
  batch 260/329 | loss=0.1366 light=0.1361 mat=0.0051
  batch 270/329 | loss=0.1513 light=0.1507 mat=0.0059
  batch 280/329 | loss=0.1906 light=0.1901 mat=0.0050
  batch 290/329 | loss=0.0939 light=0.0936 mat=0.0037
  batch 300/329 | loss=0.2038 light=0.2032 mat=0.0052
  batch 310/329 | loss=0.1100 light=0.1096 mat=0.0045
  batch 320/329 | loss=0.1658 light=0.1654 mat=0.0036
  train | loss=0.1431 light=0.1426 mat=0.0053
  val   | loss=0.2264 light=0.2256 mat=0.0074 mat_mae=0.0354

Epoch 43/50
  batch 10/329 | loss=0.1328 light=0.1320 mat=0.0080
  batch 20/329 | loss=0.1139 light=0.1134 mat=0.0051
  batch 30/329 | loss=0.0973 light=0.0969 mat=0.0038
  batch 40/329 | loss=0.2217 light=0.2206 mat=0.0108
  batch 50/329 | loss=0.1074 light=0.1069 mat=0.0051
  batch 60/329 | loss=0.1417 light=0.1413 mat=0.0033
  batch 70/329 | loss=0.1505 light=0.1501 mat=0.0040
  batch 80/329 | loss=0.0929 light=0.0925 mat=0.0031
  batch 90/329 | loss=0.1074 light=0.1071 mat=0.0030
  batch 100/329 | loss=0.1295 light=0.1287 mat=0.0083
  batch 110/329 | loss=0.0765 light=0.0756 mat=0.0091
  batch 120/329 | loss=0.1073 light=0.1069 mat=0.0041
  batch 130/329 | loss=0.1618 light=0.1615 mat=0.0037
  batch 140/329 | loss=0.1284 light=0.1278 mat=0.0057
  batch 150/329 | loss=0.1415 light=0.1410 mat=0.0050
  batch 160/329 | loss=0.1103 light=0.1098 mat=0.0057
  batch 170/329 | loss=0.1629 light=0.1625 mat=0.0043
  batch 180/329 | loss=0.1215 light=0.1210 mat=0.0051
  batch 190/329 | loss=0.1143 light=0.1138 mat=0.0044
  batch 200/329 | loss=0.1010 light=0.1004 mat=0.0060
  batch 210/329 | loss=0.1125 light=0.1120 mat=0.0047
  batch 220/329 | loss=0.0952 light=0.0947 mat=0.0052
  batch 230/329 | loss=0.1412 light=0.1406 mat=0.0063
  batch 240/329 | loss=0.1423 light=0.1415 mat=0.0086
  batch 250/329 | loss=0.1364 light=0.1358 mat=0.0060
  batch 260/329 | loss=0.1477 light=0.1474 mat=0.0029
  batch 270/329 | loss=0.1371 light=0.1368 mat=0.0033
  batch 280/329 | loss=0.1057 light=0.1053 mat=0.0043
  batch 290/329 | loss=0.1190 light=0.1172 mat=0.0179
  batch 300/329 | loss=0.1694 light=0.1689 mat=0.0047
  batch 310/329 | loss=0.1905 light=0.1898 mat=0.0065
  batch 320/329 | loss=0.1145 light=0.1140 mat=0.0049
  train | loss=0.1416 light=0.1411 mat=0.0054
  val   | loss=0.2248 light=0.2241 mat=0.0073 mat_mae=0.0349

Epoch 44/50
  batch 10/329 | loss=0.1052 light=0.1045 mat=0.0070
  batch 20/329 | loss=0.0752 light=0.0748 mat=0.0036
  batch 30/329 | loss=0.1823 light=0.1815 mat=0.0083
  batch 40/329 | loss=0.1323 light=0.1319 mat=0.0040
  batch 50/329 | loss=0.1392 light=0.1385 mat=0.0072
  batch 60/329 | loss=0.2037 light=0.2034 mat=0.0027
  batch 70/329 | loss=0.1721 light=0.1711 mat=0.0097
  batch 80/329 | loss=0.1574 light=0.1569 mat=0.0052
  batch 90/329 | loss=0.1506 light=0.1502 mat=0.0036
  batch 100/329 | loss=0.1017 light=0.1012 mat=0.0042
  batch 110/329 | loss=0.1287 light=0.1283 mat=0.0035
  batch 120/329 | loss=0.1961 light=0.1956 mat=0.0049
  batch 130/329 | loss=0.1205 light=0.1199 mat=0.0057
  batch 140/329 | loss=0.3147 light=0.3139 mat=0.0077
  batch 150/329 | loss=0.1737 light=0.1735 mat=0.0022
  batch 160/329 | loss=0.2138 light=0.2133 mat=0.0052
  batch 170/329 | loss=0.1412 light=0.1408 mat=0.0036
  batch 180/329 | loss=0.1196 light=0.1190 mat=0.0058
  batch 190/329 | loss=0.1567 light=0.1562 mat=0.0044
  batch 200/329 | loss=0.1207 light=0.1202 mat=0.0055
  batch 210/329 | loss=0.1029 light=0.1024 mat=0.0053
  batch 220/329 | loss=0.1406 light=0.1403 mat=0.0024
  batch 230/329 | loss=0.1418 light=0.1413 mat=0.0042
  batch 240/329 | loss=0.1369 light=0.1366 mat=0.0026
  batch 250/329 | loss=0.1260 light=0.1257 mat=0.0033
  batch 260/329 | loss=0.2359 light=0.2355 mat=0.0044
  batch 270/329 | loss=0.1277 light=0.1273 mat=0.0046
  batch 280/329 | loss=0.1364 light=0.1361 mat=0.0029
  batch 290/329 | loss=0.1131 light=0.1127 mat=0.0042
  batch 300/329 | loss=0.1008 light=0.1004 mat=0.0042
  batch 310/329 | loss=0.1569 light=0.1561 mat=0.0074
  batch 320/329 | loss=0.1244 light=0.1238 mat=0.0060
  train | loss=0.1405 light=0.1400 mat=0.0053
  val   | loss=0.2242 light=0.2234 mat=0.0075 mat_mae=0.0353
  -> new best model (val_loss=0.2242)

Epoch 45/50
  batch 10/329 | loss=0.0997 light=0.0993 mat=0.0036
  batch 20/329 | loss=0.1129 light=0.1123 mat=0.0059
  batch 30/329 | loss=0.1585 light=0.1580 mat=0.0044
  batch 40/329 | loss=0.1578 light=0.1571 mat=0.0068
  batch 50/329 | loss=0.1727 light=0.1720 mat=0.0066
  batch 60/329 | loss=0.1120 light=0.1115 mat=0.0054
  batch 70/329 | loss=0.0866 light=0.0860 mat=0.0062
  batch 80/329 | loss=0.1648 light=0.1642 mat=0.0056
  batch 90/329 | loss=0.1122 light=0.1114 mat=0.0087
  batch 100/329 | loss=0.0989 light=0.0984 mat=0.0044
  batch 110/329 | loss=0.1232 light=0.1227 mat=0.0052
  batch 120/329 | loss=0.1620 light=0.1611 mat=0.0093
  batch 130/329 | loss=0.1613 light=0.1607 mat=0.0057
  batch 140/329 | loss=0.1190 light=0.1187 mat=0.0027
  batch 150/329 | loss=0.1427 light=0.1423 mat=0.0041
  batch 160/329 | loss=0.1498 light=0.1494 mat=0.0042
  batch 170/329 | loss=0.1150 light=0.1147 mat=0.0031
  batch 180/329 | loss=0.0967 light=0.0964 mat=0.0036
  batch 190/329 | loss=0.1286 light=0.1284 mat=0.0022
  batch 200/329 | loss=0.1873 light=0.1867 mat=0.0056
  batch 210/329 | loss=0.1182 light=0.1176 mat=0.0062
  batch 220/329 | loss=0.1095 light=0.1091 mat=0.0041
  batch 230/329 | loss=0.1046 light=0.1041 mat=0.0052
  batch 240/329 | loss=0.1361 light=0.1356 mat=0.0054
  batch 250/329 | loss=0.1436 light=0.1431 mat=0.0057
  batch 260/329 | loss=0.1899 light=0.1896 mat=0.0032
  batch 270/329 | loss=0.1160 light=0.1157 mat=0.0028
  batch 280/329 | loss=0.1238 light=0.1234 mat=0.0041
  batch 290/329 | loss=0.1503 light=0.1498 mat=0.0049
  batch 300/329 | loss=0.1518 light=0.1515 mat=0.0029
  batch 310/329 | loss=0.2100 light=0.2094 mat=0.0063
  batch 320/329 | loss=0.1190 light=0.1184 mat=0.0062
  train | loss=0.1404 light=0.1399 mat=0.0054
  val   | loss=0.2247 light=0.2240 mat=0.0073 mat_mae=0.0349

Epoch 46/50
  batch 10/329 | loss=0.0941 light=0.0933 mat=0.0074
  batch 20/329 | loss=0.1503 light=0.1497 mat=0.0055
  batch 30/329 | loss=0.1729 light=0.1723 mat=0.0064
  batch 40/329 | loss=0.1041 light=0.1034 mat=0.0064
  batch 50/329 | loss=0.1338 light=0.1334 mat=0.0037
  batch 60/329 | loss=0.1350 light=0.1343 mat=0.0062
  batch 70/329 | loss=0.1172 light=0.1170 mat=0.0022
  batch 80/329 | loss=0.1566 light=0.1560 mat=0.0060
  batch 90/329 | loss=0.1107 light=0.1100 mat=0.0066
  batch 100/329 | loss=0.1698 light=0.1694 mat=0.0046
  batch 110/329 | loss=0.1380 light=0.1374 mat=0.0060
  batch 120/329 | loss=0.1638 light=0.1633 mat=0.0048
  batch 130/329 | loss=0.1236 light=0.1233 mat=0.0032
  batch 140/329 | loss=0.1545 light=0.1537 mat=0.0079
  batch 150/329 | loss=0.0856 light=0.0849 mat=0.0072
  batch 160/329 | loss=0.1536 light=0.1530 mat=0.0059
  batch 170/329 | loss=0.1288 light=0.1283 mat=0.0057
  batch 180/329 | loss=0.1418 light=0.1413 mat=0.0058
  batch 190/329 | loss=0.1601 light=0.1599 mat=0.0021
  batch 200/329 | loss=0.0891 light=0.0880 mat=0.0116
  batch 210/329 | loss=0.1195 light=0.1189 mat=0.0053
  batch 220/329 | loss=0.1392 light=0.1389 mat=0.0030
  batch 230/329 | loss=0.1441 light=0.1437 mat=0.0039
  batch 240/329 | loss=0.1235 light=0.1230 mat=0.0053
  batch 250/329 | loss=0.1261 light=0.1255 mat=0.0060
  batch 260/329 | loss=0.1120 light=0.1111 mat=0.0092
  batch 270/329 | loss=0.1302 light=0.1296 mat=0.0063
  batch 280/329 | loss=0.1456 light=0.1452 mat=0.0037
  batch 290/329 | loss=0.1333 light=0.1328 mat=0.0049
  batch 300/329 | loss=0.0956 light=0.0951 mat=0.0048
  batch 310/329 | loss=0.1562 light=0.1558 mat=0.0040
  batch 320/329 | loss=0.1035 light=0.1030 mat=0.0056
  train | loss=0.1410 light=0.1404 mat=0.0056
  val   | loss=0.2248 light=0.2240 mat=0.0076 mat_mae=0.0361

Epoch 47/50
  batch 10/329 | loss=0.1086 light=0.1079 mat=0.0074
  batch 20/329 | loss=0.1530 light=0.1526 mat=0.0042
  batch 30/329 | loss=0.1406 light=0.1402 mat=0.0042
  batch 40/329 | loss=0.1649 light=0.1640 mat=0.0090
  batch 50/329 | loss=0.1562 light=0.1556 mat=0.0061
  batch 60/329 | loss=0.1166 light=0.1162 mat=0.0040
  batch 70/329 | loss=0.1335 light=0.1333 mat=0.0029
  batch 80/329 | loss=0.0890 light=0.0884 mat=0.0058
  batch 90/329 | loss=0.1022 light=0.1014 mat=0.0074
  batch 100/329 | loss=0.1686 light=0.1680 mat=0.0067
  batch 110/329 | loss=0.1274 light=0.1269 mat=0.0049
  batch 120/329 | loss=0.1373 light=0.1369 mat=0.0048
  batch 130/329 | loss=0.0936 light=0.0933 mat=0.0031
  batch 140/329 | loss=0.1099 light=0.1095 mat=0.0038
  batch 150/329 | loss=0.1283 light=0.1280 mat=0.0031
  batch 160/329 | loss=0.1391 light=0.1387 mat=0.0039
  batch 170/329 | loss=0.1546 light=0.1541 mat=0.0051
  batch 180/329 | loss=0.1133 light=0.1128 mat=0.0043
  batch 190/329 | loss=0.1302 light=0.1296 mat=0.0061
  batch 200/329 | loss=0.1826 light=0.1824 mat=0.0028
  batch 210/329 | loss=0.1992 light=0.1986 mat=0.0064
  batch 220/329 | loss=0.1110 light=0.1107 mat=0.0032
  batch 230/329 | loss=0.1657 light=0.1652 mat=0.0042
  batch 240/329 | loss=0.1527 light=0.1520 mat=0.0070
  batch 250/329 | loss=0.1722 light=0.1718 mat=0.0041
  batch 260/329 | loss=0.0875 light=0.0871 mat=0.0037
  batch 270/329 | loss=0.1864 light=0.1859 mat=0.0054
  batch 280/329 | loss=0.1532 light=0.1528 mat=0.0049
  batch 290/329 | loss=0.1407 light=0.1404 mat=0.0036
  batch 300/329 | loss=0.1290 light=0.1286 mat=0.0045
  batch 310/329 | loss=0.1228 light=0.1218 mat=0.0097
  batch 320/329 | loss=0.1589 light=0.1585 mat=0.0039
  train | loss=0.1396 light=0.1391 mat=0.0052
  val   | loss=0.2253 light=0.2246 mat=0.0074 mat_mae=0.0352

Epoch 48/50
  batch 10/329 | loss=0.1990 light=0.1987 mat=0.0032
  batch 20/329 | loss=0.1202 light=0.1197 mat=0.0045
  batch 30/329 | loss=0.1072 light=0.1064 mat=0.0078
  batch 40/329 | loss=0.1188 light=0.1181 mat=0.0068
  batch 50/329 | loss=0.2047 light=0.2042 mat=0.0054
  batch 60/329 | loss=0.1584 light=0.1580 mat=0.0034
  batch 70/329 | loss=0.1525 light=0.1522 mat=0.0030
  batch 80/329 | loss=0.1348 light=0.1341 mat=0.0064
  batch 90/329 | loss=0.1166 light=0.1159 mat=0.0069
  batch 100/329 | loss=0.1971 light=0.1968 mat=0.0029
  batch 110/329 | loss=0.1111 light=0.1106 mat=0.0047
  batch 120/329 | loss=0.1361 light=0.1353 mat=0.0075
  batch 130/329 | loss=0.0943 light=0.0940 mat=0.0035
  batch 140/329 | loss=0.1263 light=0.1257 mat=0.0062
  batch 150/329 | loss=0.1226 light=0.1221 mat=0.0049
  batch 160/329 | loss=0.1238 light=0.1229 mat=0.0095
  batch 170/329 | loss=0.1417 light=0.1412 mat=0.0052
  batch 180/329 | loss=0.0981 light=0.0976 mat=0.0054
  batch 190/329 | loss=0.1167 light=0.1160 mat=0.0062
  batch 200/329 | loss=0.1079 light=0.1072 mat=0.0069
  batch 210/329 | loss=0.1709 light=0.1705 mat=0.0033
  batch 220/329 | loss=0.1577 light=0.1574 mat=0.0031
  batch 230/329 | loss=0.2121 light=0.2113 mat=0.0078
  batch 240/329 | loss=0.1338 light=0.1336 mat=0.0029
  batch 250/329 | loss=0.1338 light=0.1331 mat=0.0066
  batch 260/329 | loss=0.1286 light=0.1282 mat=0.0040
  batch 270/329 | loss=0.1102 light=0.1098 mat=0.0035
  batch 280/329 | loss=0.1788 light=0.1783 mat=0.0052
  batch 290/329 | loss=0.1733 light=0.1730 mat=0.0032
  batch 300/329 | loss=0.1637 light=0.1631 mat=0.0059
  batch 310/329 | loss=0.1431 light=0.1424 mat=0.0065
  batch 320/329 | loss=0.1347 light=0.1341 mat=0.0060
  train | loss=0.1395 light=0.1390 mat=0.0052
  val   | loss=0.2253 light=0.2246 mat=0.0074 mat_mae=0.0350

Epoch 49/50
  batch 10/329 | loss=0.1784 light=0.1780 mat=0.0044
  batch 20/329 | loss=0.1580 light=0.1573 mat=0.0067
  batch 30/329 | loss=0.1999 light=0.1994 mat=0.0049
  batch 40/329 | loss=0.1664 light=0.1658 mat=0.0059
  batch 50/329 | loss=0.1687 light=0.1682 mat=0.0051
  batch 60/329 | loss=0.1537 light=0.1530 mat=0.0073
  batch 70/329 | loss=0.1343 light=0.1338 mat=0.0044
  batch 80/329 | loss=0.1265 light=0.1260 mat=0.0048
  batch 90/329 | loss=0.1821 light=0.1817 mat=0.0042
  batch 100/329 | loss=0.1342 light=0.1338 mat=0.0034
  batch 110/329 | loss=0.1393 light=0.1386 mat=0.0067
  batch 120/329 | loss=0.1584 light=0.1582 mat=0.0023
  batch 130/329 | loss=0.1185 light=0.1182 mat=0.0026
  batch 140/329 | loss=0.1620 light=0.1617 mat=0.0032
  batch 150/329 | loss=0.1197 light=0.1193 mat=0.0037
  batch 160/329 | loss=0.1900 light=0.1894 mat=0.0052
  batch 170/329 | loss=0.1429 light=0.1424 mat=0.0055
  batch 180/329 | loss=0.1615 light=0.1608 mat=0.0069
  batch 190/329 | loss=0.1211 light=0.1208 mat=0.0034
  batch 200/329 | loss=0.1679 light=0.1674 mat=0.0055
  batch 210/329 | loss=0.1205 light=0.1202 mat=0.0036
  batch 220/329 | loss=0.0914 light=0.0908 mat=0.0055
  batch 230/329 | loss=0.1474 light=0.1470 mat=0.0041
  batch 240/329 | loss=0.1536 light=0.1529 mat=0.0069
  batch 250/329 | loss=0.1068 light=0.1063 mat=0.0051
  batch 260/329 | loss=0.1774 light=0.1766 mat=0.0083
  batch 270/329 | loss=0.0858 light=0.0854 mat=0.0040
  batch 280/329 | loss=0.2146 light=0.2141 mat=0.0047
  batch 290/329 | loss=0.1786 light=0.1782 mat=0.0043
  batch 300/329 | loss=0.1201 light=0.1190 mat=0.0110
  batch 310/329 | loss=0.1514 light=0.1510 mat=0.0041
  batch 320/329 | loss=0.1465 light=0.1459 mat=0.0057
  train | loss=0.1394 light=0.1388 mat=0.0054
  val   | loss=0.2259 light=0.2252 mat=0.0074 mat_mae=0.0348

Epoch 50/50
  batch 10/329 | loss=0.0965 light=0.0961 mat=0.0045
  batch 20/329 | loss=0.1453 light=0.1450 mat=0.0034
  batch 30/329 | loss=0.1563 light=0.1559 mat=0.0045
  batch 40/329 | loss=0.1335 light=0.1329 mat=0.0059
  batch 50/329 | loss=0.1868 light=0.1865 mat=0.0032
  batch 60/329 | loss=0.1143 light=0.1138 mat=0.0048
  batch 70/329 | loss=0.1265 light=0.1259 mat=0.0061
  batch 80/329 | loss=0.1160 light=0.1156 mat=0.0036
  batch 90/329 | loss=0.0949 light=0.0944 mat=0.0052
  batch 100/329 | loss=0.1767 light=0.1764 mat=0.0032
  batch 110/329 | loss=0.1234 light=0.1229 mat=0.0048
  batch 120/329 | loss=0.1386 light=0.1381 mat=0.0049
  batch 130/329 | loss=0.1798 light=0.1792 mat=0.0060
  batch 140/329 | loss=0.1487 light=0.1484 mat=0.0027
  batch 150/329 | loss=0.1766 light=0.1762 mat=0.0040
  batch 160/329 | loss=0.1680 light=0.1678 mat=0.0020
  batch 170/329 | loss=0.1532 light=0.1527 mat=0.0057
  batch 180/329 | loss=0.1412 light=0.1410 mat=0.0026
  batch 190/329 | loss=0.1282 light=0.1276 mat=0.0064
  batch 200/329 | loss=0.2110 light=0.2106 mat=0.0033
  batch 210/329 | loss=0.1799 light=0.1794 mat=0.0049
  batch 220/329 | loss=0.1130 light=0.1125 mat=0.0053
  batch 230/329 | loss=0.1230 light=0.1223 mat=0.0073
  batch 240/329 | loss=0.1760 light=0.1752 mat=0.0084
  batch 250/329 | loss=0.1458 light=0.1453 mat=0.0044
  batch 260/329 | loss=0.1010 light=0.1002 mat=0.0082
  batch 270/329 | loss=0.1424 light=0.1419 mat=0.0054
  batch 280/329 | loss=0.1412 light=0.1407 mat=0.0051
  batch 290/329 | loss=0.1467 light=0.1462 mat=0.0051
  batch 300/329 | loss=0.1264 light=0.1258 mat=0.0060
  batch 310/329 | loss=0.0797 light=0.0794 mat=0.0034
  batch 320/329 | loss=0.1082 light=0.1075 mat=0.0070
  train | loss=0.1399 light=0.1394 mat=0.0053
  val   | loss=0.2260 light=0.2252 mat=0.0077 mat_mae=0.0356

  Training curves saved to ./models\seed_sweep_107_multitask_curves.png

============================================================
Evaluating on test set
============================================================

==============================================================================
Metric                                          Baseline            Multitask
------------------------------------------------------------------------------
  log_mse (mean ± 95% CI)                0.0967 ± 0.0054      0.1023 ± 0.0057
  LPIPS (mean ± 95% CI)                  0.4151 ± 0.0063      0.4070 ± 0.0060
  material_param_mae (mean)                          N/A               0.0347

Paired t-test (baseline - multitask) on per-sample log_mse:
  n              = 2250
  mean diff      = -0.0056 (95% CI ± 0.0012) — baseline better
  std of diffs   = 0.0285
  t-statistic    = -9.3204
  p-value (two-sided, normal approx) = 0

Paired t-test (baseline - multitask) on per-sample LPIPS:
  n              = 2250
  mean diff      = +0.0082 (95% CI ± 0.0017) — multitask better
  t-statistic    = +9.6285
  p-value (two-sided, normal approx) = 0

Per-material log_mse (mean ± 95% CI):
  Material                         Baseline            Multitask      Delta
  ---------------------------------------------------------------------------
  diffuse                   0.1326 ± 0.0172      0.1390 ± 0.0183    +0.0065
  glossy                    0.0782 ± 0.0091      0.0823 ± 0.0098    +0.0041
  metallic                  0.0825 ± 0.0088      0.0889 ± 0.0099    +0.0064
  rough_metallic            0.1006 ± 0.0128      0.1055 ± 0.0132    +0.0049
  dielectric                0.0897 ± 0.0095      0.0957 ± 0.0103    +0.0060

Per-parameter-bucket log_mse (mean ± 95% CI):
  Bucket                           Baseline            Multitask      Delta
  ---------------------------------------------------------------------------
  metallic_yes              0.0916 ± 0.0078      0.0973 ± 0.0083    +0.0057  (n=917)
  metallic_no               0.1002 ± 0.0073      0.1058 ± 0.0078    +0.0055  (n=1333)
  transmissive              0.0897 ± 0.0095      0.0957 ± 0.0103    +0.0060  (n=449)
  opaque                    0.0985 ± 0.0063      0.1040 ± 0.0067    +0.0055  (n=1801)
  rough_low                 0.0835 ± 0.0053      0.0890 ± 0.0058    +0.0055  (n=1343)
  rough_mid                 0.0955 ± 0.0140      0.1005 ± 0.0142    +0.0050  (n=282)
  rough_high                0.1256 ± 0.0142      0.1317 ± 0.0150    +0.0060  (n=625)

Multitask per-parameter MAE:
  metallic             0.0104
  roughness            0.0547
  specular             0.0247
  transmission         0.0246
  ior                  0.0590
======================================================================

============================================================
Shiny subset (roughness < 0.2 AND metallic > 0.8): n = 455 / 2250
============================================================

==============================================================================
Metric                                          Baseline            Multitask
------------------------------------------------------------------------------
  log_mse (mean ± 95% CI)                0.0825 ± 0.0088      0.0889 ± 0.0099
  LPIPS (mean ± 95% CI)                  0.3946 ± 0.0133      0.3870 ± 0.0129
  material_param_mae (mean)                          N/A               0.0150

Paired t-test (baseline - multitask) on per-sample log_mse:
  n              = 455
  mean diff      = -0.0064 (95% CI ± 0.0023) — baseline better
  std of diffs   = 0.0249
  t-statistic    = -5.5038
  p-value (two-sided, normal approx) = 3.717e-08

Paired t-test (baseline - multitask) on per-sample LPIPS:
  n              = 455
  mean diff      = +0.0077 (95% CI ± 0.0033) — multitask better
  t-statistic    = +4.6043
  p-value (two-sided, normal approx) = 4.138e-06

Per-material log_mse (mean ± 95% CI):
  Material                         Baseline            Multitask      Delta
  ---------------------------------------------------------------------------
  diffuse                               N/A                  N/A          —
  glossy                                N/A                  N/A          —
  metallic                  0.0825 ± 0.0088      0.0889 ± 0.0099    +0.0064
  rough_metallic                        N/A                  N/A          —
  dielectric                            N/A                  N/A          —

Per-parameter-bucket log_mse (mean ± 95% CI):
  Bucket                           Baseline            Multitask      Delta
  ---------------------------------------------------------------------------
  metallic_yes              0.0825 ± 0.0088      0.0889 ± 0.0099    +0.0064  (n=455)
  metallic_no                           N/A                  N/A          —  (n=0)
  transmissive                          N/A                  N/A          —  (n=0)
  opaque                    0.0825 ± 0.0088      0.0889 ± 0.0099    +0.0064  (n=455)
  rough_low                 0.0825 ± 0.0088      0.0889 ± 0.0099    +0.0064  (n=455)
  rough_mid                             N/A                  N/A          —  (n=0)
  rough_high                            N/A                  N/A          —  (n=0)

Multitask per-parameter MAE:
  metallic             0.0067
  roughness            0.0390
  specular             0.0054
  transmission         0.0048
  ior                  0.0190
======================================================================

============================================================
Rendered-teapot LPIPS on 120 shiny samples (transparent envmap bg)
============================================================

[teapot-lpips] Rendering 120 sample(s) at 256px × 16spp (transparent bg).
[teapot-lpips] rendered 10/120
[teapot-lpips] rendered 20/120
[teapot-lpips] rendered 30/120
[teapot-lpips] rendered 40/120
[teapot-lpips] rendered 50/120
[teapot-lpips] rendered 60/120
[teapot-lpips] rendered 70/120
[teapot-lpips] rendered 80/120
[teapot-lpips] rendered 90/120
[teapot-lpips] rendered 100/120
[teapot-lpips] rendered 110/120
[teapot-lpips] rendered 120/120
[teapot-lpips] Rendered 120 complete triplet(s).

  baseline render-LPIPS  mean = 0.1274
  multitask render-LPIPS mean = 0.1124
  paired t-test (baseline - multitask)
    n            = 120
    mean diff    = +0.0150 (95% CI ± 0.0087) — multitask better
    t-statistic  = +3.3704
    p-value      = 0.0007506
Per-material chart saved to result\seed_sweep_107\per_material_comparison.png
Per-attribute bucket chart saved to result\seed_sweep_107\per_param_bucket_comparison.png
Per-sample distribution saved to result\seed_sweep_107\log_mse_distribution.png
Per-parameter MAE chart saved to result\seed_sweep_107\material_param_mae.png

Results saved to ./models\seed_sweep_107_results.json

[teapot insertion comparison renders skipped via --skip-teapot-insertion]
Eval log saved to ./models\seed_sweep_107_eval_log.txt
