# cmd: C:\Program Files\Python314\python.exe code\main.py --seed 102 --data-split-seed 42 --experiment-name seed_sweep_102 --skip-teapot-insertion --shiny-lpips-max-n 120
# cwd: C:\Users\Shanying Liu\documents\dlcg
Device: cuda
Seed: 102  Experiment: seed_sweep_102
Dataset splits: train=10500, val=2250, test=2250

============================================================
Training baseline model (resnet50)
============================================================

Epoch 1/50
  batch 10/329 | loss=0.5200 light=0.5200 mat=0.0000
  batch 20/329 | loss=0.3166 light=0.3166 mat=0.0000
  batch 30/329 | loss=0.4157 light=0.4157 mat=0.0000
  batch 40/329 | loss=0.3083 light=0.3083 mat=0.0000
  batch 50/329 | loss=0.3302 light=0.3302 mat=0.0000
  batch 60/329 | loss=0.2951 light=0.2951 mat=0.0000
  batch 70/329 | loss=0.2805 light=0.2805 mat=0.0000
  batch 80/329 | loss=0.2213 light=0.2213 mat=0.0000
  batch 90/329 | loss=0.2435 light=0.2435 mat=0.0000
  batch 100/329 | loss=0.2631 light=0.2631 mat=0.0000
  batch 110/329 | loss=0.2395 light=0.2395 mat=0.0000
  batch 120/329 | loss=0.1922 light=0.1922 mat=0.0000
  batch 130/329 | loss=0.2598 light=0.2598 mat=0.0000
  batch 140/329 | loss=0.2742 light=0.2742 mat=0.0000
  batch 150/329 | loss=0.2189 light=0.2189 mat=0.0000
  batch 160/329 | loss=0.1916 light=0.1916 mat=0.0000
  batch 170/329 | loss=0.2360 light=0.2360 mat=0.0000
  batch 180/329 | loss=0.1756 light=0.1756 mat=0.0000
  batch 190/329 | loss=0.1789 light=0.1789 mat=0.0000
  batch 200/329 | loss=0.2253 light=0.2253 mat=0.0000
  batch 210/329 | loss=0.2036 light=0.2036 mat=0.0000
  batch 220/329 | loss=0.1876 light=0.1876 mat=0.0000
  batch 230/329 | loss=0.2161 light=0.2161 mat=0.0000
  batch 240/329 | loss=0.2008 light=0.2008 mat=0.0000
  batch 250/329 | loss=0.2233 light=0.2233 mat=0.0000
  batch 260/329 | loss=0.1465 light=0.1465 mat=0.0000
  batch 270/329 | loss=0.1725 light=0.1725 mat=0.0000
  batch 280/329 | loss=0.2538 light=0.2538 mat=0.0000
  batch 290/329 | loss=0.2038 light=0.2038 mat=0.0000
  batch 300/329 | loss=0.1773 light=0.1773 mat=0.0000
  batch 310/329 | loss=0.1723 light=0.1723 mat=0.0000
  batch 320/329 | loss=0.2599 light=0.2599 mat=0.0000
  train | loss=0.2520 light=0.2520 mat=0.0000
  val   | loss=0.2134 light=0.2134 mat=0.0000
  -> new best model (val_loss=0.2134)

Epoch 2/50
  batch 10/329 | loss=0.2100 light=0.2100 mat=0.0000
  batch 20/329 | loss=0.2221 light=0.2221 mat=0.0000
  batch 30/329 | loss=0.2216 light=0.2216 mat=0.0000
  batch 40/329 | loss=0.2073 light=0.2073 mat=0.0000
  batch 50/329 | loss=0.2288 light=0.2288 mat=0.0000
  batch 60/329 | loss=0.1393 light=0.1393 mat=0.0000
  batch 70/329 | loss=0.1989 light=0.1989 mat=0.0000
  batch 80/329 | loss=0.3190 light=0.3190 mat=0.0000
  batch 90/329 | loss=0.2003 light=0.2003 mat=0.0000
  batch 100/329 | loss=0.2131 light=0.2131 mat=0.0000
  batch 110/329 | loss=0.2127 light=0.2127 mat=0.0000
  batch 120/329 | loss=0.1696 light=0.1696 mat=0.0000
  batch 130/329 | loss=0.1919 light=0.1919 mat=0.0000
  batch 140/329 | loss=0.1600 light=0.1600 mat=0.0000
  batch 150/329 | loss=0.1335 light=0.1335 mat=0.0000
  batch 160/329 | loss=0.1843 light=0.1843 mat=0.0000
  batch 170/329 | loss=0.2859 light=0.2859 mat=0.0000
  batch 180/329 | loss=0.1928 light=0.1928 mat=0.0000
  batch 190/329 | loss=0.1948 light=0.1948 mat=0.0000
  batch 200/329 | loss=0.1645 light=0.1645 mat=0.0000
  batch 210/329 | loss=0.2295 light=0.2295 mat=0.0000
  batch 220/329 | loss=0.2152 light=0.2152 mat=0.0000
  batch 230/329 | loss=0.1583 light=0.1583 mat=0.0000
  batch 240/329 | loss=0.3439 light=0.3439 mat=0.0000
  batch 250/329 | loss=0.2555 light=0.2555 mat=0.0000
  batch 260/329 | loss=0.2034 light=0.2034 mat=0.0000
  batch 270/329 | loss=0.1553 light=0.1553 mat=0.0000
  batch 280/329 | loss=0.1612 light=0.1612 mat=0.0000
  batch 290/329 | loss=0.2650 light=0.2650 mat=0.0000
  batch 300/329 | loss=0.2455 light=0.2455 mat=0.0000
  batch 310/329 | loss=0.1969 light=0.1969 mat=0.0000
  batch 320/329 | loss=0.1851 light=0.1851 mat=0.0000
  train | loss=0.2046 light=0.2046 mat=0.0000
  val   | loss=0.1956 light=0.1956 mat=0.0000
  -> new best model (val_loss=0.1956)

Epoch 3/50
  batch 10/329 | loss=0.1883 light=0.1883 mat=0.0000
  batch 20/329 | loss=0.1777 light=0.1777 mat=0.0000
  batch 30/329 | loss=0.1936 light=0.1936 mat=0.0000
  batch 40/329 | loss=0.1694 light=0.1694 mat=0.0000
  batch 50/329 | loss=0.1451 light=0.1451 mat=0.0000
  batch 60/329 | loss=0.2116 light=0.2116 mat=0.0000
  batch 70/329 | loss=0.1447 light=0.1447 mat=0.0000
  batch 80/329 | loss=0.1743 light=0.1743 mat=0.0000
  batch 90/329 | loss=0.1280 light=0.1280 mat=0.0000
  batch 100/329 | loss=0.2399 light=0.2399 mat=0.0000
  batch 110/329 | loss=0.1969 light=0.1969 mat=0.0000
  batch 120/329 | loss=0.1920 light=0.1920 mat=0.0000
  batch 130/329 | loss=0.1938 light=0.1938 mat=0.0000
  batch 140/329 | loss=0.2636 light=0.2636 mat=0.0000
  batch 150/329 | loss=0.2136 light=0.2136 mat=0.0000
  batch 160/329 | loss=0.1745 light=0.1745 mat=0.0000
  batch 170/329 | loss=0.2177 light=0.2177 mat=0.0000
  batch 180/329 | loss=0.2061 light=0.2061 mat=0.0000
  batch 190/329 | loss=0.1625 light=0.1625 mat=0.0000
  batch 200/329 | loss=0.1653 light=0.1653 mat=0.0000
  batch 210/329 | loss=0.2053 light=0.2053 mat=0.0000
  batch 220/329 | loss=0.1830 light=0.1830 mat=0.0000
  batch 230/329 | loss=0.1801 light=0.1801 mat=0.0000
  batch 240/329 | loss=0.2927 light=0.2927 mat=0.0000
  batch 250/329 | loss=0.2356 light=0.2356 mat=0.0000
  batch 260/329 | loss=0.2472 light=0.2472 mat=0.0000
  batch 270/329 | loss=0.1979 light=0.1979 mat=0.0000
  batch 280/329 | loss=0.2443 light=0.2443 mat=0.0000
  batch 290/329 | loss=0.1240 light=0.1240 mat=0.0000
  batch 300/329 | loss=0.2157 light=0.2157 mat=0.0000
  batch 310/329 | loss=0.1478 light=0.1478 mat=0.0000
  batch 320/329 | loss=0.1620 light=0.1620 mat=0.0000
  train | loss=0.1846 light=0.1846 mat=0.0000
  val   | loss=0.1869 light=0.1869 mat=0.0000
  -> new best model (val_loss=0.1869)

Epoch 4/50
  batch 10/329 | loss=0.2020 light=0.2020 mat=0.0000
  batch 20/329 | loss=0.1584 light=0.1584 mat=0.0000
  batch 30/329 | loss=0.1680 light=0.1680 mat=0.0000
  batch 40/329 | loss=0.1817 light=0.1817 mat=0.0000
  batch 50/329 | loss=0.1917 light=0.1917 mat=0.0000
  batch 60/329 | loss=0.1702 light=0.1702 mat=0.0000
  batch 70/329 | loss=0.2105 light=0.2105 mat=0.0000
  batch 80/329 | loss=0.1378 light=0.1378 mat=0.0000
  batch 90/329 | loss=0.1390 light=0.1390 mat=0.0000
  batch 100/329 | loss=0.1554 light=0.1554 mat=0.0000
  batch 110/329 | loss=0.1537 light=0.1537 mat=0.0000
  batch 120/329 | loss=0.1522 light=0.1522 mat=0.0000
  batch 130/329 | loss=0.2069 light=0.2069 mat=0.0000
  batch 140/329 | loss=0.2012 light=0.2012 mat=0.0000
  batch 150/329 | loss=0.2001 light=0.2001 mat=0.0000
  batch 160/329 | loss=0.1831 light=0.1831 mat=0.0000
  batch 170/329 | loss=0.1771 light=0.1771 mat=0.0000
  batch 180/329 | loss=0.1725 light=0.1725 mat=0.0000
  batch 190/329 | loss=0.1302 light=0.1302 mat=0.0000
  batch 200/329 | loss=0.2057 light=0.2057 mat=0.0000
  batch 210/329 | loss=0.1558 light=0.1558 mat=0.0000
  batch 220/329 | loss=0.1563 light=0.1563 mat=0.0000
  batch 230/329 | loss=0.1516 light=0.1516 mat=0.0000
  batch 240/329 | loss=0.1662 light=0.1662 mat=0.0000
  batch 250/329 | loss=0.1847 light=0.1847 mat=0.0000
  batch 260/329 | loss=0.1334 light=0.1334 mat=0.0000
  batch 270/329 | loss=0.1458 light=0.1458 mat=0.0000
  batch 280/329 | loss=0.1669 light=0.1669 mat=0.0000
  batch 290/329 | loss=0.1771 light=0.1771 mat=0.0000
  batch 300/329 | loss=0.1917 light=0.1917 mat=0.0000
  batch 310/329 | loss=0.1827 light=0.1827 mat=0.0000
  batch 320/329 | loss=0.1820 light=0.1820 mat=0.0000
  train | loss=0.1734 light=0.1734 mat=0.0000
  val   | loss=0.1764 light=0.1764 mat=0.0000
  -> new best model (val_loss=0.1764)

Epoch 5/50
  batch 10/329 | loss=0.1436 light=0.1436 mat=0.0000
  batch 20/329 | loss=0.1971 light=0.1971 mat=0.0000
  batch 30/329 | loss=0.1480 light=0.1480 mat=0.0000
  batch 40/329 | loss=0.1567 light=0.1567 mat=0.0000
  batch 50/329 | loss=0.1610 light=0.1610 mat=0.0000
  batch 60/329 | loss=0.1181 light=0.1181 mat=0.0000
  batch 70/329 | loss=0.1429 light=0.1429 mat=0.0000
  batch 80/329 | loss=0.1530 light=0.1530 mat=0.0000
  batch 90/329 | loss=0.1226 light=0.1226 mat=0.0000
  batch 100/329 | loss=0.1634 light=0.1634 mat=0.0000
  batch 110/329 | loss=0.1484 light=0.1484 mat=0.0000
  batch 120/329 | loss=0.1589 light=0.1589 mat=0.0000
  batch 130/329 | loss=0.1606 light=0.1606 mat=0.0000
  batch 140/329 | loss=0.1839 light=0.1839 mat=0.0000
  batch 150/329 | loss=0.1860 light=0.1860 mat=0.0000
  batch 160/329 | loss=0.1817 light=0.1817 mat=0.0000
  batch 170/329 | loss=0.1827 light=0.1827 mat=0.0000
  batch 180/329 | loss=0.1624 light=0.1624 mat=0.0000
  batch 190/329 | loss=0.2004 light=0.2004 mat=0.0000
  batch 200/329 | loss=0.2043 light=0.2043 mat=0.0000
  batch 210/329 | loss=0.1774 light=0.1774 mat=0.0000
  batch 220/329 | loss=0.1312 light=0.1312 mat=0.0000
  batch 230/329 | loss=0.1578 light=0.1578 mat=0.0000
  batch 240/329 | loss=0.1921 light=0.1921 mat=0.0000
  batch 250/329 | loss=0.1696 light=0.1696 mat=0.0000
  batch 260/329 | loss=0.2049 light=0.2049 mat=0.0000
  batch 270/329 | loss=0.1291 light=0.1291 mat=0.0000
  batch 280/329 | loss=0.1742 light=0.1742 mat=0.0000
  batch 290/329 | loss=0.1472 light=0.1472 mat=0.0000
  batch 300/329 | loss=0.1717 light=0.1717 mat=0.0000
  batch 310/329 | loss=0.1532 light=0.1532 mat=0.0000
  batch 320/329 | loss=0.1613 light=0.1613 mat=0.0000
  train | loss=0.1647 light=0.1647 mat=0.0000
  val   | loss=0.1719 light=0.1719 mat=0.0000
  -> new best model (val_loss=0.1719)

Epoch 6/50
  batch 10/329 | loss=0.1316 light=0.1316 mat=0.0000
  batch 20/329 | loss=0.2525 light=0.2525 mat=0.0000
  batch 30/329 | loss=0.1843 light=0.1843 mat=0.0000
  batch 40/329 | loss=0.2174 light=0.2174 mat=0.0000
  batch 50/329 | loss=0.1160 light=0.1160 mat=0.0000
  batch 60/329 | loss=0.1679 light=0.1679 mat=0.0000
  batch 70/329 | loss=0.1779 light=0.1779 mat=0.0000
  batch 80/329 | loss=0.1427 light=0.1427 mat=0.0000
  batch 90/329 | loss=0.1265 light=0.1265 mat=0.0000
  batch 100/329 | loss=0.1373 light=0.1373 mat=0.0000
  batch 110/329 | loss=0.2048 light=0.2048 mat=0.0000
  batch 120/329 | loss=0.1307 light=0.1307 mat=0.0000
  batch 130/329 | loss=0.1578 light=0.1578 mat=0.0000
  batch 140/329 | loss=0.1677 light=0.1677 mat=0.0000
  batch 150/329 | loss=0.1422 light=0.1422 mat=0.0000
  batch 160/329 | loss=0.1510 light=0.1510 mat=0.0000
  batch 170/329 | loss=0.1549 light=0.1549 mat=0.0000
  batch 180/329 | loss=0.1417 light=0.1417 mat=0.0000
  batch 190/329 | loss=0.1626 light=0.1626 mat=0.0000
  batch 200/329 | loss=0.1251 light=0.1251 mat=0.0000
  batch 210/329 | loss=0.1820 light=0.1820 mat=0.0000
  batch 220/329 | loss=0.1528 light=0.1528 mat=0.0000
  batch 230/329 | loss=0.1238 light=0.1238 mat=0.0000
  batch 240/329 | loss=0.1456 light=0.1456 mat=0.0000
  batch 250/329 | loss=0.1529 light=0.1529 mat=0.0000
  batch 260/329 | loss=0.1428 light=0.1428 mat=0.0000
  batch 270/329 | loss=0.1744 light=0.1744 mat=0.0000
  batch 280/329 | loss=0.1969 light=0.1969 mat=0.0000
  batch 290/329 | loss=0.1203 light=0.1203 mat=0.0000
  batch 300/329 | loss=0.1375 light=0.1375 mat=0.0000
  batch 310/329 | loss=0.1329 light=0.1329 mat=0.0000
  batch 320/329 | loss=0.2009 light=0.2009 mat=0.0000
  train | loss=0.1569 light=0.1569 mat=0.0000
  val   | loss=0.1645 light=0.1645 mat=0.0000
  -> new best model (val_loss=0.1645)

Epoch 7/50
  batch 10/329 | loss=0.1305 light=0.1305 mat=0.0000
  batch 20/329 | loss=0.1125 light=0.1125 mat=0.0000
  batch 30/329 | loss=0.1622 light=0.1622 mat=0.0000
  batch 40/329 | loss=0.1423 light=0.1423 mat=0.0000
  batch 50/329 | loss=0.2151 light=0.2151 mat=0.0000
  batch 60/329 | loss=0.1285 light=0.1285 mat=0.0000
  batch 70/329 | loss=0.2032 light=0.2032 mat=0.0000
  batch 80/329 | loss=0.1263 light=0.1263 mat=0.0000
  batch 90/329 | loss=0.1790 light=0.1790 mat=0.0000
  batch 100/329 | loss=0.1326 light=0.1326 mat=0.0000
  batch 110/329 | loss=0.1347 light=0.1347 mat=0.0000
  batch 120/329 | loss=0.1341 light=0.1341 mat=0.0000
  batch 130/329 | loss=0.1465 light=0.1465 mat=0.0000
  batch 140/329 | loss=0.1396 light=0.1396 mat=0.0000
  batch 150/329 | loss=0.2054 light=0.2054 mat=0.0000
  batch 160/329 | loss=0.1295 light=0.1295 mat=0.0000
  batch 170/329 | loss=0.1613 light=0.1613 mat=0.0000
  batch 180/329 | loss=0.1402 light=0.1402 mat=0.0000
  batch 190/329 | loss=0.1232 light=0.1232 mat=0.0000
  batch 200/329 | loss=0.1309 light=0.1309 mat=0.0000
  batch 210/329 | loss=0.1793 light=0.1793 mat=0.0000
  batch 220/329 | loss=0.1583 light=0.1583 mat=0.0000
  batch 230/329 | loss=0.1383 light=0.1383 mat=0.0000
  batch 240/329 | loss=0.1145 light=0.1145 mat=0.0000
  batch 250/329 | loss=0.1095 light=0.1095 mat=0.0000
  batch 260/329 | loss=0.1555 light=0.1555 mat=0.0000
  batch 270/329 | loss=0.1264 light=0.1264 mat=0.0000
  batch 280/329 | loss=0.1045 light=0.1045 mat=0.0000
  batch 290/329 | loss=0.1656 light=0.1656 mat=0.0000
  batch 300/329 | loss=0.1416 light=0.1416 mat=0.0000
  batch 310/329 | loss=0.1598 light=0.1598 mat=0.0000
  batch 320/329 | loss=0.1098 light=0.1098 mat=0.0000
  train | loss=0.1520 light=0.1520 mat=0.0000
  val   | loss=0.1618 light=0.1618 mat=0.0000
  -> new best model (val_loss=0.1618)

Epoch 8/50
  batch 10/329 | loss=0.1516 light=0.1516 mat=0.0000
  batch 20/329 | loss=0.1445 light=0.1445 mat=0.0000
  batch 30/329 | loss=0.1844 light=0.1844 mat=0.0000
  batch 40/329 | loss=0.1302 light=0.1302 mat=0.0000
  batch 50/329 | loss=0.1527 light=0.1527 mat=0.0000
  batch 60/329 | loss=0.1503 light=0.1503 mat=0.0000
  batch 70/329 | loss=0.1106 light=0.1106 mat=0.0000
  batch 80/329 | loss=0.1372 light=0.1372 mat=0.0000
  batch 90/329 | loss=0.1326 light=0.1326 mat=0.0000
  batch 100/329 | loss=0.1374 light=0.1374 mat=0.0000
  batch 110/329 | loss=0.1419 light=0.1419 mat=0.0000
  batch 120/329 | loss=0.1448 light=0.1448 mat=0.0000
  batch 130/329 | loss=0.1528 light=0.1528 mat=0.0000
  batch 140/329 | loss=0.1634 light=0.1634 mat=0.0000
  batch 150/329 | loss=0.1468 light=0.1468 mat=0.0000
  batch 160/329 | loss=0.1683 light=0.1683 mat=0.0000
  batch 170/329 | loss=0.1148 light=0.1148 mat=0.0000
  batch 180/329 | loss=0.1391 light=0.1391 mat=0.0000
  batch 190/329 | loss=0.1123 light=0.1123 mat=0.0000
  batch 200/329 | loss=0.1098 light=0.1098 mat=0.0000
  batch 210/329 | loss=0.1767 light=0.1767 mat=0.0000
  batch 220/329 | loss=0.1548 light=0.1548 mat=0.0000
  batch 230/329 | loss=0.2002 light=0.2002 mat=0.0000
  batch 240/329 | loss=0.1411 light=0.1411 mat=0.0000
  batch 250/329 | loss=0.1332 light=0.1332 mat=0.0000
  batch 260/329 | loss=0.1655 light=0.1655 mat=0.0000
  batch 270/329 | loss=0.1542 light=0.1542 mat=0.0000
  batch 280/329 | loss=0.1938 light=0.1938 mat=0.0000
  batch 290/329 | loss=0.1855 light=0.1855 mat=0.0000
  batch 300/329 | loss=0.1382 light=0.1382 mat=0.0000
  batch 310/329 | loss=0.1377 light=0.1377 mat=0.0000
  batch 320/329 | loss=0.1286 light=0.1286 mat=0.0000
  train | loss=0.1453 light=0.1453 mat=0.0000
  val   | loss=0.1558 light=0.1558 mat=0.0000
  -> new best model (val_loss=0.1558)

Epoch 9/50
  batch 10/329 | loss=0.0977 light=0.0977 mat=0.0000
  batch 20/329 | loss=0.1860 light=0.1860 mat=0.0000
  batch 30/329 | loss=0.1315 light=0.1315 mat=0.0000
  batch 40/329 | loss=0.1458 light=0.1458 mat=0.0000
  batch 50/329 | loss=0.0894 light=0.0894 mat=0.0000
  batch 60/329 | loss=0.1500 light=0.1500 mat=0.0000
  batch 70/329 | loss=0.1345 light=0.1345 mat=0.0000
  batch 80/329 | loss=0.1374 light=0.1374 mat=0.0000
  batch 90/329 | loss=0.1221 light=0.1221 mat=0.0000
  batch 100/329 | loss=0.1109 light=0.1109 mat=0.0000
  batch 110/329 | loss=0.1667 light=0.1667 mat=0.0000
  batch 120/329 | loss=0.1051 light=0.1051 mat=0.0000
  batch 130/329 | loss=0.1305 light=0.1305 mat=0.0000
  batch 140/329 | loss=0.1190 light=0.1190 mat=0.0000
  batch 150/329 | loss=0.1189 light=0.1189 mat=0.0000
  batch 160/329 | loss=0.1155 light=0.1155 mat=0.0000
  batch 170/329 | loss=0.1192 light=0.1192 mat=0.0000
  batch 180/329 | loss=0.1628 light=0.1628 mat=0.0000
  batch 190/329 | loss=0.1346 light=0.1346 mat=0.0000
  batch 200/329 | loss=0.1378 light=0.1378 mat=0.0000
  batch 210/329 | loss=0.1731 light=0.1731 mat=0.0000
  batch 220/329 | loss=0.1271 light=0.1271 mat=0.0000
  batch 230/329 | loss=0.1693 light=0.1693 mat=0.0000
  batch 240/329 | loss=0.1317 light=0.1317 mat=0.0000
  batch 250/329 | loss=0.1322 light=0.1322 mat=0.0000
  batch 260/329 | loss=0.1560 light=0.1560 mat=0.0000
  batch 270/329 | loss=0.1496 light=0.1496 mat=0.0000
  batch 280/329 | loss=0.1311 light=0.1311 mat=0.0000
  batch 290/329 | loss=0.1913 light=0.1913 mat=0.0000
  batch 300/329 | loss=0.1341 light=0.1341 mat=0.0000
  batch 310/329 | loss=0.1309 light=0.1309 mat=0.0000
  batch 320/329 | loss=0.1434 light=0.1434 mat=0.0000
  train | loss=0.1409 light=0.1409 mat=0.0000
  val   | loss=0.1564 light=0.1564 mat=0.0000

Epoch 10/50
  batch 10/329 | loss=0.1307 light=0.1307 mat=0.0000
  batch 20/329 | loss=0.1087 light=0.1087 mat=0.0000
  batch 30/329 | loss=0.1260 light=0.1260 mat=0.0000
  batch 40/329 | loss=0.1181 light=0.1181 mat=0.0000
  batch 50/329 | loss=0.1203 light=0.1203 mat=0.0000
  batch 60/329 | loss=0.1541 light=0.1541 mat=0.0000
  batch 70/329 | loss=0.1715 light=0.1715 mat=0.0000
  batch 80/329 | loss=0.1223 light=0.1223 mat=0.0000
  batch 90/329 | loss=0.1279 light=0.1279 mat=0.0000
  batch 100/329 | loss=0.1120 light=0.1120 mat=0.0000
  batch 110/329 | loss=0.1068 light=0.1068 mat=0.0000
  batch 120/329 | loss=0.1531 light=0.1531 mat=0.0000
  batch 130/329 | loss=0.1263 light=0.1263 mat=0.0000
  batch 140/329 | loss=0.1692 light=0.1692 mat=0.0000
  batch 150/329 | loss=0.1356 light=0.1356 mat=0.0000
  batch 160/329 | loss=0.1561 light=0.1561 mat=0.0000
  batch 170/329 | loss=0.1137 light=0.1137 mat=0.0000
  batch 180/329 | loss=0.1410 light=0.1410 mat=0.0000
  batch 190/329 | loss=0.1629 light=0.1629 mat=0.0000
  batch 200/329 | loss=0.1123 light=0.1123 mat=0.0000
  batch 210/329 | loss=0.1602 light=0.1602 mat=0.0000
  batch 220/329 | loss=0.0990 light=0.0990 mat=0.0000
  batch 230/329 | loss=0.0886 light=0.0886 mat=0.0000
  batch 240/329 | loss=0.1374 light=0.1374 mat=0.0000
  batch 250/329 | loss=0.1500 light=0.1500 mat=0.0000
  batch 260/329 | loss=0.1791 light=0.1791 mat=0.0000
  batch 270/329 | loss=0.1180 light=0.1180 mat=0.0000
  batch 280/329 | loss=0.1348 light=0.1348 mat=0.0000
  batch 290/329 | loss=0.1521 light=0.1521 mat=0.0000
  batch 300/329 | loss=0.1220 light=0.1220 mat=0.0000
  batch 310/329 | loss=0.1273 light=0.1273 mat=0.0000
  batch 320/329 | loss=0.1047 light=0.1047 mat=0.0000
  train | loss=0.1366 light=0.1366 mat=0.0000
  val   | loss=0.1523 light=0.1523 mat=0.0000
  -> new best model (val_loss=0.1523)

Epoch 11/50
  batch 10/329 | loss=0.1167 light=0.1167 mat=0.0000
  batch 20/329 | loss=0.1501 light=0.1501 mat=0.0000
  batch 30/329 | loss=0.1190 light=0.1190 mat=0.0000
  batch 40/329 | loss=0.1395 light=0.1395 mat=0.0000
  batch 50/329 | loss=0.1196 light=0.1196 mat=0.0000
  batch 60/329 | loss=0.1262 light=0.1262 mat=0.0000
  batch 70/329 | loss=0.0829 light=0.0829 mat=0.0000
  batch 80/329 | loss=0.1118 light=0.1118 mat=0.0000
  batch 90/329 | loss=0.1006 light=0.1006 mat=0.0000
  batch 100/329 | loss=0.1107 light=0.1107 mat=0.0000
  batch 110/329 | loss=0.1230 light=0.1230 mat=0.0000
  batch 120/329 | loss=0.1127 light=0.1127 mat=0.0000
  batch 130/329 | loss=0.1758 light=0.1758 mat=0.0000
  batch 140/329 | loss=0.1671 light=0.1671 mat=0.0000
  batch 150/329 | loss=0.1370 light=0.1370 mat=0.0000
  batch 160/329 | loss=0.1273 light=0.1273 mat=0.0000
  batch 170/329 | loss=0.1546 light=0.1546 mat=0.0000
  batch 180/329 | loss=0.1351 light=0.1351 mat=0.0000
  batch 190/329 | loss=0.1412 light=0.1412 mat=0.0000
  batch 200/329 | loss=0.1419 light=0.1419 mat=0.0000
  batch 210/329 | loss=0.1256 light=0.1256 mat=0.0000
  batch 220/329 | loss=0.1512 light=0.1512 mat=0.0000
  batch 230/329 | loss=0.1192 light=0.1192 mat=0.0000
  batch 240/329 | loss=0.1385 light=0.1385 mat=0.0000
  batch 250/329 | loss=0.0866 light=0.0866 mat=0.0000
  batch 260/329 | loss=0.1675 light=0.1675 mat=0.0000
  batch 270/329 | loss=0.1490 light=0.1490 mat=0.0000
  batch 280/329 | loss=0.1312 light=0.1312 mat=0.0000
  batch 290/329 | loss=0.1497 light=0.1497 mat=0.0000
  batch 300/329 | loss=0.1312 light=0.1312 mat=0.0000
  batch 310/329 | loss=0.0935 light=0.0935 mat=0.0000
  batch 320/329 | loss=0.1143 light=0.1143 mat=0.0000
  train | loss=0.1326 light=0.1326 mat=0.0000
  val   | loss=0.1508 light=0.1508 mat=0.0000
  -> new best model (val_loss=0.1508)

Epoch 12/50
  batch 10/329 | loss=0.1259 light=0.1259 mat=0.0000
  batch 20/329 | loss=0.1254 light=0.1254 mat=0.0000
  batch 30/329 | loss=0.1179 light=0.1179 mat=0.0000
  batch 40/329 | loss=0.1091 light=0.1091 mat=0.0000
  batch 50/329 | loss=0.1432 light=0.1432 mat=0.0000
  batch 60/329 | loss=0.1328 light=0.1328 mat=0.0000
  batch 70/329 | loss=0.1122 light=0.1122 mat=0.0000
  batch 80/329 | loss=0.1370 light=0.1370 mat=0.0000
  batch 90/329 | loss=0.1170 light=0.1170 mat=0.0000
  batch 100/329 | loss=0.1202 light=0.1202 mat=0.0000
  batch 110/329 | loss=0.1340 light=0.1340 mat=0.0000
  batch 120/329 | loss=0.1145 light=0.1145 mat=0.0000
  batch 130/329 | loss=0.1500 light=0.1500 mat=0.0000
  batch 140/329 | loss=0.1889 light=0.1889 mat=0.0000
  batch 150/329 | loss=0.1596 light=0.1596 mat=0.0000
  batch 160/329 | loss=0.0974 light=0.0974 mat=0.0000
  batch 170/329 | loss=0.1233 light=0.1233 mat=0.0000
  batch 180/329 | loss=0.1474 light=0.1474 mat=0.0000
  batch 190/329 | loss=0.1506 light=0.1506 mat=0.0000
  batch 200/329 | loss=0.1155 light=0.1155 mat=0.0000
  batch 210/329 | loss=0.1682 light=0.1682 mat=0.0000
  batch 220/329 | loss=0.1231 light=0.1231 mat=0.0000
  batch 230/329 | loss=0.1318 light=0.1318 mat=0.0000
  batch 240/329 | loss=0.1281 light=0.1281 mat=0.0000
  batch 250/329 | loss=0.1534 light=0.1534 mat=0.0000
  batch 260/329 | loss=0.1484 light=0.1484 mat=0.0000
  batch 270/329 | loss=0.1231 light=0.1231 mat=0.0000
  batch 280/329 | loss=0.1331 light=0.1331 mat=0.0000
  batch 290/329 | loss=0.1459 light=0.1459 mat=0.0000
  batch 300/329 | loss=0.1061 light=0.1061 mat=0.0000
  batch 310/329 | loss=0.1227 light=0.1227 mat=0.0000
  batch 320/329 | loss=0.1106 light=0.1106 mat=0.0000
  train | loss=0.1302 light=0.1302 mat=0.0000
  val   | loss=0.1482 light=0.1482 mat=0.0000
  -> new best model (val_loss=0.1482)

Epoch 13/50
  batch 10/329 | loss=0.1271 light=0.1271 mat=0.0000
  batch 20/329 | loss=0.1308 light=0.1308 mat=0.0000
  batch 30/329 | loss=0.1360 light=0.1360 mat=0.0000
  batch 40/329 | loss=0.0959 light=0.0959 mat=0.0000
  batch 50/329 | loss=0.1389 light=0.1389 mat=0.0000
  batch 60/329 | loss=0.1089 light=0.1089 mat=0.0000
  batch 70/329 | loss=0.1386 light=0.1386 mat=0.0000
  batch 80/329 | loss=0.1113 light=0.1113 mat=0.0000
  batch 90/329 | loss=0.1099 light=0.1099 mat=0.0000
  batch 100/329 | loss=0.1316 light=0.1316 mat=0.0000
  batch 110/329 | loss=0.2010 light=0.2010 mat=0.0000
  batch 120/329 | loss=0.1228 light=0.1228 mat=0.0000
  batch 130/329 | loss=0.1617 light=0.1617 mat=0.0000
  batch 140/329 | loss=0.1273 light=0.1273 mat=0.0000
  batch 150/329 | loss=0.1521 light=0.1521 mat=0.0000
  batch 160/329 | loss=0.1468 light=0.1468 mat=0.0000
  batch 170/329 | loss=0.1338 light=0.1338 mat=0.0000
  batch 180/329 | loss=0.1292 light=0.1292 mat=0.0000
  batch 190/329 | loss=0.1135 light=0.1135 mat=0.0000
  batch 200/329 | loss=0.0939 light=0.0939 mat=0.0000
  batch 210/329 | loss=0.1333 light=0.1333 mat=0.0000
  batch 220/329 | loss=0.1253 light=0.1253 mat=0.0000
  batch 230/329 | loss=0.1357 light=0.1357 mat=0.0000
  batch 240/329 | loss=0.1278 light=0.1278 mat=0.0000
  batch 250/329 | loss=0.1032 light=0.1032 mat=0.0000
  batch 260/329 | loss=0.1202 light=0.1202 mat=0.0000
  batch 270/329 | loss=0.1268 light=0.1268 mat=0.0000
  batch 280/329 | loss=0.1153 light=0.1153 mat=0.0000
  batch 290/329 | loss=0.1665 light=0.1665 mat=0.0000
  batch 300/329 | loss=0.1033 light=0.1033 mat=0.0000
  batch 310/329 | loss=0.1221 light=0.1221 mat=0.0000
  batch 320/329 | loss=0.1178 light=0.1178 mat=0.0000
  train | loss=0.1264 light=0.1264 mat=0.0000
  val   | loss=0.1481 light=0.1481 mat=0.0000
  -> new best model (val_loss=0.1481)

Epoch 14/50
  batch 10/329 | loss=0.1093 light=0.1093 mat=0.0000
  batch 20/329 | loss=0.1331 light=0.1331 mat=0.0000
  batch 30/329 | loss=0.0955 light=0.0955 mat=0.0000
  batch 40/329 | loss=0.0870 light=0.0870 mat=0.0000
  batch 50/329 | loss=0.1524 light=0.1524 mat=0.0000
  batch 60/329 | loss=0.1020 light=0.1020 mat=0.0000
  batch 70/329 | loss=0.1285 light=0.1285 mat=0.0000
  batch 80/329 | loss=0.1178 light=0.1178 mat=0.0000
  batch 90/329 | loss=0.0889 light=0.0889 mat=0.0000
  batch 100/329 | loss=0.1692 light=0.1692 mat=0.0000
  batch 110/329 | loss=0.0872 light=0.0872 mat=0.0000
  batch 120/329 | loss=0.0917 light=0.0917 mat=0.0000
  batch 130/329 | loss=0.1278 light=0.1278 mat=0.0000
  batch 140/329 | loss=0.1054 light=0.1054 mat=0.0000
  batch 150/329 | loss=0.0827 light=0.0827 mat=0.0000
  batch 160/329 | loss=0.1104 light=0.1104 mat=0.0000
  batch 170/329 | loss=0.1885 light=0.1885 mat=0.0000
  batch 180/329 | loss=0.1035 light=0.1035 mat=0.0000
  batch 190/329 | loss=0.1075 light=0.1075 mat=0.0000
  batch 200/329 | loss=0.1068 light=0.1068 mat=0.0000
  batch 210/329 | loss=0.1089 light=0.1089 mat=0.0000
  batch 220/329 | loss=0.1135 light=0.1135 mat=0.0000
  batch 230/329 | loss=0.1434 light=0.1434 mat=0.0000
  batch 240/329 | loss=0.0939 light=0.0939 mat=0.0000
  batch 250/329 | loss=0.1542 light=0.1542 mat=0.0000
  batch 260/329 | loss=0.1351 light=0.1351 mat=0.0000
  batch 270/329 | loss=0.1076 light=0.1076 mat=0.0000
  batch 280/329 | loss=0.1178 light=0.1178 mat=0.0000
  batch 290/329 | loss=0.1149 light=0.1149 mat=0.0000
  batch 300/329 | loss=0.1202 light=0.1202 mat=0.0000
  batch 310/329 | loss=0.1230 light=0.1230 mat=0.0000
  batch 320/329 | loss=0.0860 light=0.0860 mat=0.0000
  train | loss=0.1235 light=0.1235 mat=0.0000
  val   | loss=0.1469 light=0.1469 mat=0.0000
  -> new best model (val_loss=0.1469)

Epoch 15/50
  batch 10/329 | loss=0.1540 light=0.1540 mat=0.0000
  batch 20/329 | loss=0.1335 light=0.1335 mat=0.0000
  batch 30/329 | loss=0.1198 light=0.1198 mat=0.0000
  batch 40/329 | loss=0.1565 light=0.1565 mat=0.0000
  batch 50/329 | loss=0.1216 light=0.1216 mat=0.0000
  batch 60/329 | loss=0.1025 light=0.1025 mat=0.0000
  batch 70/329 | loss=0.1218 light=0.1218 mat=0.0000
  batch 80/329 | loss=0.0868 light=0.0868 mat=0.0000
  batch 90/329 | loss=0.1426 light=0.1426 mat=0.0000
  batch 100/329 | loss=0.1345 light=0.1345 mat=0.0000
  batch 110/329 | loss=0.1287 light=0.1287 mat=0.0000
  batch 120/329 | loss=0.1049 light=0.1049 mat=0.0000
  batch 130/329 | loss=0.1321 light=0.1321 mat=0.0000
  batch 140/329 | loss=0.1267 light=0.1267 mat=0.0000
  batch 150/329 | loss=0.1159 light=0.1159 mat=0.0000
  batch 160/329 | loss=0.1385 light=0.1385 mat=0.0000
  batch 170/329 | loss=0.1014 light=0.1014 mat=0.0000
  batch 180/329 | loss=0.1364 light=0.1364 mat=0.0000
  batch 190/329 | loss=0.1605 light=0.1605 mat=0.0000
  batch 200/329 | loss=0.1252 light=0.1252 mat=0.0000
  batch 210/329 | loss=0.1062 light=0.1062 mat=0.0000
  batch 220/329 | loss=0.1378 light=0.1378 mat=0.0000
  batch 230/329 | loss=0.1521 light=0.1521 mat=0.0000
  batch 240/329 | loss=0.1399 light=0.1399 mat=0.0000
  batch 250/329 | loss=0.1097 light=0.1097 mat=0.0000
  batch 260/329 | loss=0.1207 light=0.1207 mat=0.0000
  batch 270/329 | loss=0.0970 light=0.0970 mat=0.0000
  batch 280/329 | loss=0.1088 light=0.1088 mat=0.0000
  batch 290/329 | loss=0.1178 light=0.1178 mat=0.0000
  batch 300/329 | loss=0.0971 light=0.0971 mat=0.0000
  batch 310/329 | loss=0.0933 light=0.0933 mat=0.0000
  batch 320/329 | loss=0.1219 light=0.1219 mat=0.0000
  train | loss=0.1195 light=0.1195 mat=0.0000
  val   | loss=0.1441 light=0.1441 mat=0.0000
  -> new best model (val_loss=0.1441)

Epoch 16/50
  batch 10/329 | loss=0.1207 light=0.1207 mat=0.0000
  batch 20/329 | loss=0.1462 light=0.1462 mat=0.0000
  batch 30/329 | loss=0.1289 light=0.1289 mat=0.0000
  batch 40/329 | loss=0.1119 light=0.1119 mat=0.0000
  batch 50/329 | loss=0.1044 light=0.1044 mat=0.0000
  batch 60/329 | loss=0.1058 light=0.1058 mat=0.0000
  batch 70/329 | loss=0.1066 light=0.1066 mat=0.0000
  batch 80/329 | loss=0.1145 light=0.1145 mat=0.0000
  batch 90/329 | loss=0.1572 light=0.1572 mat=0.0000
  batch 100/329 | loss=0.1109 light=0.1109 mat=0.0000
  batch 110/329 | loss=0.1191 light=0.1191 mat=0.0000
  batch 120/329 | loss=0.1170 light=0.1170 mat=0.0000
  batch 130/329 | loss=0.1382 light=0.1382 mat=0.0000
  batch 140/329 | loss=0.0775 light=0.0775 mat=0.0000
  batch 150/329 | loss=0.0970 light=0.0970 mat=0.0000
  batch 160/329 | loss=0.1410 light=0.1410 mat=0.0000
  batch 170/329 | loss=0.0947 light=0.0947 mat=0.0000
  batch 180/329 | loss=0.1151 light=0.1151 mat=0.0000
  batch 190/329 | loss=0.1043 light=0.1043 mat=0.0000
  batch 200/329 | loss=0.1216 light=0.1216 mat=0.0000
  batch 210/329 | loss=0.1027 light=0.1027 mat=0.0000
  batch 220/329 | loss=0.1273 light=0.1273 mat=0.0000
  batch 230/329 | loss=0.1330 light=0.1330 mat=0.0000
  batch 240/329 | loss=0.1075 light=0.1075 mat=0.0000
  batch 250/329 | loss=0.0968 light=0.0968 mat=0.0000
  batch 260/329 | loss=0.1255 light=0.1255 mat=0.0000
  batch 270/329 | loss=0.0974 light=0.0974 mat=0.0000
  batch 280/329 | loss=0.0988 light=0.0988 mat=0.0000
  batch 290/329 | loss=0.1069 light=0.1069 mat=0.0000
  batch 300/329 | loss=0.1076 light=0.1076 mat=0.0000
  batch 310/329 | loss=0.1125 light=0.1125 mat=0.0000
  batch 320/329 | loss=0.1099 light=0.1099 mat=0.0000
  train | loss=0.1172 light=0.1172 mat=0.0000
  val   | loss=0.1438 light=0.1438 mat=0.0000
  -> new best model (val_loss=0.1438)

Epoch 17/50
  batch 10/329 | loss=0.0840 light=0.0840 mat=0.0000
  batch 20/329 | loss=0.1179 light=0.1179 mat=0.0000
  batch 30/329 | loss=0.1029 light=0.1029 mat=0.0000
  batch 40/329 | loss=0.1058 light=0.1058 mat=0.0000
  batch 50/329 | loss=0.1243 light=0.1243 mat=0.0000
  batch 60/329 | loss=0.1248 light=0.1248 mat=0.0000
  batch 70/329 | loss=0.0851 light=0.0851 mat=0.0000
  batch 80/329 | loss=0.0905 light=0.0905 mat=0.0000
  batch 90/329 | loss=0.0937 light=0.0937 mat=0.0000
  batch 100/329 | loss=0.1318 light=0.1318 mat=0.0000
  batch 110/329 | loss=0.0965 light=0.0965 mat=0.0000
  batch 120/329 | loss=0.0990 light=0.0990 mat=0.0000
  batch 130/329 | loss=0.1178 light=0.1178 mat=0.0000
  batch 140/329 | loss=0.1424 light=0.1424 mat=0.0000
  batch 150/329 | loss=0.1038 light=0.1038 mat=0.0000
  batch 160/329 | loss=0.1043 light=0.1043 mat=0.0000
  batch 170/329 | loss=0.1003 light=0.1003 mat=0.0000
  batch 180/329 | loss=0.1934 light=0.1934 mat=0.0000
  batch 190/329 | loss=0.1133 light=0.1133 mat=0.0000
  batch 200/329 | loss=0.1115 light=0.1115 mat=0.0000
  batch 210/329 | loss=0.0799 light=0.0799 mat=0.0000
  batch 220/329 | loss=0.1052 light=0.1052 mat=0.0000
  batch 230/329 | loss=0.1289 light=0.1289 mat=0.0000
  batch 240/329 | loss=0.1117 light=0.1117 mat=0.0000
  batch 250/329 | loss=0.1291 light=0.1291 mat=0.0000
  batch 260/329 | loss=0.1255 light=0.1255 mat=0.0000
  batch 270/329 | loss=0.1128 light=0.1128 mat=0.0000
  batch 280/329 | loss=0.0934 light=0.0934 mat=0.0000
  batch 290/329 | loss=0.1443 light=0.1443 mat=0.0000
  batch 300/329 | loss=0.1272 light=0.1272 mat=0.0000
  batch 310/329 | loss=0.1291 light=0.1291 mat=0.0000
  batch 320/329 | loss=0.1312 light=0.1312 mat=0.0000
  train | loss=0.1147 light=0.1147 mat=0.0000
  val   | loss=0.1423 light=0.1423 mat=0.0000
  -> new best model (val_loss=0.1423)

Epoch 18/50
  batch 10/329 | loss=0.1131 light=0.1131 mat=0.0000
  batch 20/329 | loss=0.1351 light=0.1351 mat=0.0000
  batch 30/329 | loss=0.1220 light=0.1220 mat=0.0000
  batch 40/329 | loss=0.1304 light=0.1304 mat=0.0000
  batch 50/329 | loss=0.1755 light=0.1755 mat=0.0000
  batch 60/329 | loss=0.1226 light=0.1226 mat=0.0000
  batch 70/329 | loss=0.1284 light=0.1284 mat=0.0000
  batch 80/329 | loss=0.1182 light=0.1182 mat=0.0000
  batch 90/329 | loss=0.1235 light=0.1235 mat=0.0000
  batch 100/329 | loss=0.1424 light=0.1424 mat=0.0000
  batch 110/329 | loss=0.1175 light=0.1175 mat=0.0000
  batch 120/329 | loss=0.1129 light=0.1129 mat=0.0000
  batch 130/329 | loss=0.1577 light=0.1577 mat=0.0000
  batch 140/329 | loss=0.1212 light=0.1212 mat=0.0000
  batch 150/329 | loss=0.1144 light=0.1144 mat=0.0000
  batch 160/329 | loss=0.1208 light=0.1208 mat=0.0000
  batch 170/329 | loss=0.1423 light=0.1423 mat=0.0000
  batch 180/329 | loss=0.1104 light=0.1104 mat=0.0000
  batch 190/329 | loss=0.1034 light=0.1034 mat=0.0000
  batch 200/329 | loss=0.1225 light=0.1225 mat=0.0000
  batch 210/329 | loss=0.0801 light=0.0801 mat=0.0000
  batch 220/329 | loss=0.0897 light=0.0897 mat=0.0000
  batch 230/329 | loss=0.1326 light=0.1326 mat=0.0000
  batch 240/329 | loss=0.0969 light=0.0969 mat=0.0000
  batch 250/329 | loss=0.1180 light=0.1180 mat=0.0000
  batch 260/329 | loss=0.0824 light=0.0824 mat=0.0000
  batch 270/329 | loss=0.1166 light=0.1166 mat=0.0000
  batch 280/329 | loss=0.0977 light=0.0977 mat=0.0000
  batch 290/329 | loss=0.0989 light=0.0989 mat=0.0000
  batch 300/329 | loss=0.1486 light=0.1486 mat=0.0000
  batch 310/329 | loss=0.1188 light=0.1188 mat=0.0000
  batch 320/329 | loss=0.1187 light=0.1187 mat=0.0000
  train | loss=0.1132 light=0.1132 mat=0.0000
  val   | loss=0.1399 light=0.1399 mat=0.0000
  -> new best model (val_loss=0.1399)

Epoch 19/50
  batch 10/329 | loss=0.1068 light=0.1068 mat=0.0000
  batch 20/329 | loss=0.1086 light=0.1086 mat=0.0000
  batch 30/329 | loss=0.1106 light=0.1106 mat=0.0000
  batch 40/329 | loss=0.0713 light=0.0713 mat=0.0000
  batch 50/329 | loss=0.0914 light=0.0914 mat=0.0000
  batch 60/329 | loss=0.0990 light=0.0990 mat=0.0000
  batch 70/329 | loss=0.1513 light=0.1513 mat=0.0000
  batch 80/329 | loss=0.1195 light=0.1195 mat=0.0000
  batch 90/329 | loss=0.0959 light=0.0959 mat=0.0000
  batch 100/329 | loss=0.1377 light=0.1377 mat=0.0000
  batch 110/329 | loss=0.0896 light=0.0896 mat=0.0000
  batch 120/329 | loss=0.0989 light=0.0989 mat=0.0000
  batch 130/329 | loss=0.1583 light=0.1583 mat=0.0000
  batch 140/329 | loss=0.0778 light=0.0778 mat=0.0000
  batch 150/329 | loss=0.0951 light=0.0951 mat=0.0000
  batch 160/329 | loss=0.1447 light=0.1447 mat=0.0000
  batch 170/329 | loss=0.0975 light=0.0975 mat=0.0000
  batch 180/329 | loss=0.1259 light=0.1259 mat=0.0000
  batch 190/329 | loss=0.0747 light=0.0747 mat=0.0000
  batch 200/329 | loss=0.1230 light=0.1230 mat=0.0000
  batch 210/329 | loss=0.1188 light=0.1188 mat=0.0000
  batch 220/329 | loss=0.0820 light=0.0820 mat=0.0000
  batch 230/329 | loss=0.1123 light=0.1123 mat=0.0000
  batch 240/329 | loss=0.0973 light=0.0973 mat=0.0000
  batch 250/329 | loss=0.1263 light=0.1263 mat=0.0000
  batch 260/329 | loss=0.0982 light=0.0982 mat=0.0000
  batch 270/329 | loss=0.0912 light=0.0912 mat=0.0000
  batch 280/329 | loss=0.1107 light=0.1107 mat=0.0000
  batch 290/329 | loss=0.1178 light=0.1178 mat=0.0000
  batch 300/329 | loss=0.1158 light=0.1158 mat=0.0000
  batch 310/329 | loss=0.0876 light=0.0876 mat=0.0000
  batch 320/329 | loss=0.1064 light=0.1064 mat=0.0000
  train | loss=0.1097 light=0.1097 mat=0.0000
  val   | loss=0.1409 light=0.1409 mat=0.0000

Epoch 20/50
  batch 10/329 | loss=0.1095 light=0.1095 mat=0.0000
  batch 20/329 | loss=0.1113 light=0.1113 mat=0.0000
  batch 30/329 | loss=0.0980 light=0.0980 mat=0.0000
  batch 40/329 | loss=0.0874 light=0.0874 mat=0.0000
  batch 50/329 | loss=0.0758 light=0.0758 mat=0.0000
  batch 60/329 | loss=0.0650 light=0.0650 mat=0.0000
  batch 70/329 | loss=0.0824 light=0.0824 mat=0.0000
  batch 80/329 | loss=0.1069 light=0.1069 mat=0.0000
  batch 90/329 | loss=0.1091 light=0.1091 mat=0.0000
  batch 100/329 | loss=0.0988 light=0.0988 mat=0.0000
  batch 110/329 | loss=0.0750 light=0.0750 mat=0.0000
  batch 120/329 | loss=0.1429 light=0.1429 mat=0.0000
  batch 130/329 | loss=0.1451 light=0.1451 mat=0.0000
  batch 140/329 | loss=0.0776 light=0.0776 mat=0.0000
  batch 150/329 | loss=0.1406 light=0.1406 mat=0.0000
  batch 160/329 | loss=0.1193 light=0.1193 mat=0.0000
  batch 170/329 | loss=0.1075 light=0.1075 mat=0.0000
  batch 180/329 | loss=0.1028 light=0.1028 mat=0.0000
  batch 190/329 | loss=0.1005 light=0.1005 mat=0.0000
  batch 200/329 | loss=0.1083 light=0.1083 mat=0.0000
  batch 210/329 | loss=0.1092 light=0.1092 mat=0.0000
  batch 220/329 | loss=0.0946 light=0.0946 mat=0.0000
  batch 230/329 | loss=0.1058 light=0.1058 mat=0.0000
  batch 240/329 | loss=0.1100 light=0.1100 mat=0.0000
  batch 250/329 | loss=0.1277 light=0.1277 mat=0.0000
  batch 260/329 | loss=0.1013 light=0.1013 mat=0.0000
  batch 270/329 | loss=0.1090 light=0.1090 mat=0.0000
  batch 280/329 | loss=0.1414 light=0.1414 mat=0.0000
  batch 290/329 | loss=0.0998 light=0.0998 mat=0.0000
  batch 300/329 | loss=0.1262 light=0.1262 mat=0.0000
  batch 310/329 | loss=0.1125 light=0.1125 mat=0.0000
  batch 320/329 | loss=0.1125 light=0.1125 mat=0.0000
  train | loss=0.1089 light=0.1089 mat=0.0000
  val   | loss=0.1388 light=0.1388 mat=0.0000
  -> new best model (val_loss=0.1388)

Epoch 21/50
  batch 10/329 | loss=0.0828 light=0.0828 mat=0.0000
  batch 20/329 | loss=0.0926 light=0.0926 mat=0.0000
  batch 30/329 | loss=0.1014 light=0.1014 mat=0.0000
  batch 40/329 | loss=0.1315 light=0.1315 mat=0.0000
  batch 50/329 | loss=0.1175 light=0.1175 mat=0.0000
  batch 60/329 | loss=0.1013 light=0.1013 mat=0.0000
  batch 70/329 | loss=0.0934 light=0.0934 mat=0.0000
  batch 80/329 | loss=0.1340 light=0.1340 mat=0.0000
  batch 90/329 | loss=0.0919 light=0.0919 mat=0.0000
  batch 100/329 | loss=0.1109 light=0.1109 mat=0.0000
  batch 110/329 | loss=0.1101 light=0.1101 mat=0.0000
  batch 120/329 | loss=0.0906 light=0.0906 mat=0.0000
  batch 130/329 | loss=0.1471 light=0.1471 mat=0.0000
  batch 140/329 | loss=0.1098 light=0.1098 mat=0.0000
  batch 150/329 | loss=0.1023 light=0.1023 mat=0.0000
  batch 160/329 | loss=0.1069 light=0.1069 mat=0.0000
  batch 170/329 | loss=0.0916 light=0.0916 mat=0.0000
  batch 180/329 | loss=0.1401 light=0.1401 mat=0.0000
  batch 190/329 | loss=0.1075 light=0.1075 mat=0.0000
  batch 200/329 | loss=0.1053 light=0.1053 mat=0.0000
  batch 210/329 | loss=0.1091 light=0.1091 mat=0.0000
  batch 220/329 | loss=0.1004 light=0.1004 mat=0.0000
  batch 230/329 | loss=0.0858 light=0.0858 mat=0.0000
  batch 240/329 | loss=0.1190 light=0.1190 mat=0.0000
  batch 250/329 | loss=0.1041 light=0.1041 mat=0.0000
  batch 260/329 | loss=0.0934 light=0.0934 mat=0.0000
  batch 270/329 | loss=0.0947 light=0.0947 mat=0.0000
  batch 280/329 | loss=0.0712 light=0.0712 mat=0.0000
  batch 290/329 | loss=0.0997 light=0.0997 mat=0.0000
  batch 300/329 | loss=0.0988 light=0.0988 mat=0.0000
  batch 310/329 | loss=0.1038 light=0.1038 mat=0.0000
  batch 320/329 | loss=0.0963 light=0.0963 mat=0.0000
  train | loss=0.1066 light=0.1066 mat=0.0000
  val   | loss=0.1366 light=0.1366 mat=0.0000
  -> new best model (val_loss=0.1366)

Epoch 22/50
  batch 10/329 | loss=0.1098 light=0.1098 mat=0.0000
  batch 20/329 | loss=0.1265 light=0.1265 mat=0.0000
  batch 30/329 | loss=0.1006 light=0.1006 mat=0.0000
  batch 40/329 | loss=0.1027 light=0.1027 mat=0.0000
  batch 50/329 | loss=0.1128 light=0.1128 mat=0.0000
  batch 60/329 | loss=0.0978 light=0.0978 mat=0.0000
  batch 70/329 | loss=0.1271 light=0.1271 mat=0.0000
  batch 80/329 | loss=0.0994 light=0.0994 mat=0.0000
  batch 90/329 | loss=0.0865 light=0.0865 mat=0.0000
  batch 100/329 | loss=0.0936 light=0.0936 mat=0.0000
  batch 110/329 | loss=0.0803 light=0.0803 mat=0.0000
  batch 120/329 | loss=0.1546 light=0.1546 mat=0.0000
  batch 130/329 | loss=0.0859 light=0.0859 mat=0.0000
  batch 140/329 | loss=0.0978 light=0.0978 mat=0.0000
  batch 150/329 | loss=0.0793 light=0.0793 mat=0.0000
  batch 160/329 | loss=0.1211 light=0.1211 mat=0.0000
  batch 170/329 | loss=0.0854 light=0.0854 mat=0.0000
  batch 180/329 | loss=0.1151 light=0.1151 mat=0.0000
  batch 190/329 | loss=0.1320 light=0.1320 mat=0.0000
  batch 200/329 | loss=0.1855 light=0.1855 mat=0.0000
  batch 210/329 | loss=0.1379 light=0.1379 mat=0.0000
  batch 220/329 | loss=0.1048 light=0.1048 mat=0.0000
  batch 230/329 | loss=0.1046 light=0.1046 mat=0.0000
  batch 240/329 | loss=0.1046 light=0.1046 mat=0.0000
  batch 250/329 | loss=0.0850 light=0.0850 mat=0.0000
  batch 260/329 | loss=0.1190 light=0.1190 mat=0.0000
  batch 270/329 | loss=0.0882 light=0.0882 mat=0.0000
  batch 280/329 | loss=0.1085 light=0.1085 mat=0.0000
  batch 290/329 | loss=0.1117 light=0.1117 mat=0.0000
  batch 300/329 | loss=0.1083 light=0.1083 mat=0.0000
  batch 310/329 | loss=0.1169 light=0.1169 mat=0.0000
  batch 320/329 | loss=0.1117 light=0.1117 mat=0.0000
  train | loss=0.1044 light=0.1044 mat=0.0000
  val   | loss=0.1386 light=0.1386 mat=0.0000

Epoch 23/50
  batch 10/329 | loss=0.0749 light=0.0749 mat=0.0000
  batch 20/329 | loss=0.1072 light=0.1072 mat=0.0000
  batch 30/329 | loss=0.1077 light=0.1077 mat=0.0000
  batch 40/329 | loss=0.1033 light=0.1033 mat=0.0000
  batch 50/329 | loss=0.1276 light=0.1276 mat=0.0000
  batch 60/329 | loss=0.0770 light=0.0770 mat=0.0000
  batch 70/329 | loss=0.1060 light=0.1060 mat=0.0000
  batch 80/329 | loss=0.1235 light=0.1235 mat=0.0000
  batch 90/329 | loss=0.1231 light=0.1231 mat=0.0000
  batch 100/329 | loss=0.0949 light=0.0949 mat=0.0000
  batch 110/329 | loss=0.0838 light=0.0838 mat=0.0000
  batch 120/329 | loss=0.0847 light=0.0847 mat=0.0000
  batch 130/329 | loss=0.0964 light=0.0964 mat=0.0000
  batch 140/329 | loss=0.0973 light=0.0973 mat=0.0000
  batch 150/329 | loss=0.1522 light=0.1522 mat=0.0000
  batch 160/329 | loss=0.1023 light=0.1023 mat=0.0000
  batch 170/329 | loss=0.0920 light=0.0920 mat=0.0000
  batch 180/329 | loss=0.1000 light=0.1000 mat=0.0000
  batch 190/329 | loss=0.1037 light=0.1037 mat=0.0000
  batch 200/329 | loss=0.0845 light=0.0845 mat=0.0000
  batch 210/329 | loss=0.0908 light=0.0908 mat=0.0000
  batch 220/329 | loss=0.1101 light=0.1101 mat=0.0000
  batch 230/329 | loss=0.0974 light=0.0974 mat=0.0000
  batch 240/329 | loss=0.0995 light=0.0995 mat=0.0000
  batch 250/329 | loss=0.1103 light=0.1103 mat=0.0000
  batch 260/329 | loss=0.1171 light=0.1171 mat=0.0000
  batch 270/329 | loss=0.1060 light=0.1060 mat=0.0000
  batch 280/329 | loss=0.1135 light=0.1135 mat=0.0000
  batch 290/329 | loss=0.0996 light=0.0996 mat=0.0000
  batch 300/329 | loss=0.0877 light=0.0877 mat=0.0000
  batch 310/329 | loss=0.0791 light=0.0791 mat=0.0000
  batch 320/329 | loss=0.0874 light=0.0874 mat=0.0000
  train | loss=0.1022 light=0.1022 mat=0.0000
  val   | loss=0.1348 light=0.1348 mat=0.0000
  -> new best model (val_loss=0.1348)

Epoch 24/50
  batch 10/329 | loss=0.0948 light=0.0948 mat=0.0000
  batch 20/329 | loss=0.0743 light=0.0743 mat=0.0000
  batch 30/329 | loss=0.1166 light=0.1166 mat=0.0000
  batch 40/329 | loss=0.0789 light=0.0789 mat=0.0000
  batch 50/329 | loss=0.0843 light=0.0843 mat=0.0000
  batch 60/329 | loss=0.1421 light=0.1421 mat=0.0000
  batch 70/329 | loss=0.1136 light=0.1136 mat=0.0000
  batch 80/329 | loss=0.1029 light=0.1029 mat=0.0000
  batch 90/329 | loss=0.0862 light=0.0862 mat=0.0000
  batch 100/329 | loss=0.1156 light=0.1156 mat=0.0000
  batch 110/329 | loss=0.1302 light=0.1302 mat=0.0000
  batch 120/329 | loss=0.1111 light=0.1111 mat=0.0000
  batch 130/329 | loss=0.1057 light=0.1057 mat=0.0000
  batch 140/329 | loss=0.0957 light=0.0957 mat=0.0000
  batch 150/329 | loss=0.1039 light=0.1039 mat=0.0000
  batch 160/329 | loss=0.0682 light=0.0682 mat=0.0000
  batch 170/329 | loss=0.1010 light=0.1010 mat=0.0000
  batch 180/329 | loss=0.0901 light=0.0901 mat=0.0000
  batch 190/329 | loss=0.0780 light=0.0780 mat=0.0000
  batch 200/329 | loss=0.0946 light=0.0946 mat=0.0000
  batch 210/329 | loss=0.0763 light=0.0763 mat=0.0000
  batch 220/329 | loss=0.0890 light=0.0890 mat=0.0000
  batch 230/329 | loss=0.0838 light=0.0838 mat=0.0000
  batch 240/329 | loss=0.1195 light=0.1195 mat=0.0000
  batch 250/329 | loss=0.1132 light=0.1132 mat=0.0000
  batch 260/329 | loss=0.0892 light=0.0892 mat=0.0000
  batch 270/329 | loss=0.0928 light=0.0928 mat=0.0000
  batch 280/329 | loss=0.1226 light=0.1226 mat=0.0000
  batch 290/329 | loss=0.1061 light=0.1061 mat=0.0000
  batch 300/329 | loss=0.0998 light=0.0998 mat=0.0000
  batch 310/329 | loss=0.0979 light=0.0979 mat=0.0000
  batch 320/329 | loss=0.0781 light=0.0781 mat=0.0000
  train | loss=0.1006 light=0.1006 mat=0.0000
  val   | loss=0.1348 light=0.1348 mat=0.0000

Epoch 25/50
  batch 10/329 | loss=0.1093 light=0.1093 mat=0.0000
  batch 20/329 | loss=0.1059 light=0.1059 mat=0.0000
  batch 30/329 | loss=0.1014 light=0.1014 mat=0.0000
  batch 40/329 | loss=0.0967 light=0.0967 mat=0.0000
  batch 50/329 | loss=0.1358 light=0.1358 mat=0.0000
  batch 60/329 | loss=0.1177 light=0.1177 mat=0.0000
  batch 70/329 | loss=0.1030 light=0.1030 mat=0.0000
  batch 80/329 | loss=0.1222 light=0.1222 mat=0.0000
  batch 90/329 | loss=0.1073 light=0.1073 mat=0.0000
  batch 100/329 | loss=0.0844 light=0.0844 mat=0.0000
  batch 110/329 | loss=0.1369 light=0.1369 mat=0.0000
  batch 120/329 | loss=0.1070 light=0.1070 mat=0.0000
  batch 130/329 | loss=0.1135 light=0.1135 mat=0.0000
  batch 140/329 | loss=0.1354 light=0.1354 mat=0.0000
  batch 150/329 | loss=0.1330 light=0.1330 mat=0.0000
  batch 160/329 | loss=0.1033 light=0.1033 mat=0.0000
  batch 170/329 | loss=0.1094 light=0.1094 mat=0.0000
  batch 180/329 | loss=0.0953 light=0.0953 mat=0.0000
  batch 190/329 | loss=0.0932 light=0.0932 mat=0.0000
  batch 200/329 | loss=0.0892 light=0.0892 mat=0.0000
  batch 210/329 | loss=0.1019 light=0.1019 mat=0.0000
  batch 220/329 | loss=0.0969 light=0.0969 mat=0.0000
  batch 230/329 | loss=0.1422 light=0.1422 mat=0.0000
  batch 240/329 | loss=0.1084 light=0.1084 mat=0.0000
  batch 250/329 | loss=0.0925 light=0.0925 mat=0.0000
  batch 260/329 | loss=0.1314 light=0.1314 mat=0.0000
  batch 270/329 | loss=0.0959 light=0.0959 mat=0.0000
  batch 280/329 | loss=0.1164 light=0.1164 mat=0.0000
  batch 290/329 | loss=0.0875 light=0.0875 mat=0.0000
  batch 300/329 | loss=0.0695 light=0.0695 mat=0.0000
  batch 310/329 | loss=0.0624 light=0.0624 mat=0.0000
  batch 320/329 | loss=0.0820 light=0.0820 mat=0.0000
  train | loss=0.1001 light=0.1001 mat=0.0000
  val   | loss=0.1332 light=0.1332 mat=0.0000
  -> new best model (val_loss=0.1332)

Epoch 26/50
  batch 10/329 | loss=0.0831 light=0.0831 mat=0.0000
  batch 20/329 | loss=0.0933 light=0.0933 mat=0.0000
  batch 30/329 | loss=0.0792 light=0.0792 mat=0.0000
  batch 40/329 | loss=0.0796 light=0.0796 mat=0.0000
  batch 50/329 | loss=0.1009 light=0.1009 mat=0.0000
  batch 60/329 | loss=0.1055 light=0.1055 mat=0.0000
  batch 70/329 | loss=0.0853 light=0.0853 mat=0.0000
  batch 80/329 | loss=0.1332 light=0.1332 mat=0.0000
  batch 90/329 | loss=0.1036 light=0.1036 mat=0.0000
  batch 100/329 | loss=0.0903 light=0.0903 mat=0.0000
  batch 110/329 | loss=0.0968 light=0.0968 mat=0.0000
  batch 120/329 | loss=0.0943 light=0.0943 mat=0.0000
  batch 130/329 | loss=0.0891 light=0.0891 mat=0.0000
  batch 140/329 | loss=0.0939 light=0.0939 mat=0.0000
  batch 150/329 | loss=0.0790 light=0.0790 mat=0.0000
  batch 160/329 | loss=0.0729 light=0.0729 mat=0.0000
  batch 170/329 | loss=0.1199 light=0.1199 mat=0.0000
  batch 180/329 | loss=0.0804 light=0.0804 mat=0.0000
  batch 190/329 | loss=0.1384 light=0.1384 mat=0.0000
  batch 200/329 | loss=0.0876 light=0.0876 mat=0.0000
  batch 210/329 | loss=0.0841 light=0.0841 mat=0.0000
  batch 220/329 | loss=0.0945 light=0.0945 mat=0.0000
  batch 230/329 | loss=0.1099 light=0.1099 mat=0.0000
  batch 240/329 | loss=0.0964 light=0.0964 mat=0.0000
  batch 250/329 | loss=0.0745 light=0.0745 mat=0.0000
  batch 260/329 | loss=0.1581 light=0.1581 mat=0.0000
  batch 270/329 | loss=0.0760 light=0.0760 mat=0.0000
  batch 280/329 | loss=0.0951 light=0.0951 mat=0.0000
  batch 290/329 | loss=0.0864 light=0.0864 mat=0.0000
  batch 300/329 | loss=0.0839 light=0.0839 mat=0.0000
  batch 310/329 | loss=0.0960 light=0.0960 mat=0.0000
  batch 320/329 | loss=0.1004 light=0.1004 mat=0.0000
  train | loss=0.0972 light=0.0972 mat=0.0000
  val   | loss=0.1314 light=0.1314 mat=0.0000
  -> new best model (val_loss=0.1314)

Epoch 27/50
  batch 10/329 | loss=0.0840 light=0.0840 mat=0.0000
  batch 20/329 | loss=0.0761 light=0.0761 mat=0.0000
  batch 30/329 | loss=0.1083 light=0.1083 mat=0.0000
  batch 40/329 | loss=0.0809 light=0.0809 mat=0.0000
  batch 50/329 | loss=0.0990 light=0.0990 mat=0.0000
  batch 60/329 | loss=0.1000 light=0.1000 mat=0.0000
  batch 70/329 | loss=0.0826 light=0.0826 mat=0.0000
  batch 80/329 | loss=0.0975 light=0.0975 mat=0.0000
  batch 90/329 | loss=0.1057 light=0.1057 mat=0.0000
  batch 100/329 | loss=0.0903 light=0.0903 mat=0.0000
  batch 110/329 | loss=0.0842 light=0.0842 mat=0.0000
  batch 120/329 | loss=0.0955 light=0.0955 mat=0.0000
  batch 130/329 | loss=0.0967 light=0.0967 mat=0.0000
  batch 140/329 | loss=0.1141 light=0.1141 mat=0.0000
  batch 150/329 | loss=0.0653 light=0.0653 mat=0.0000
  batch 160/329 | loss=0.0960 light=0.0960 mat=0.0000
  batch 170/329 | loss=0.0757 light=0.0757 mat=0.0000
  batch 180/329 | loss=0.0894 light=0.0894 mat=0.0000
  batch 190/329 | loss=0.1107 light=0.1107 mat=0.0000
  batch 200/329 | loss=0.1215 light=0.1215 mat=0.0000
  batch 210/329 | loss=0.1172 light=0.1172 mat=0.0000
  batch 220/329 | loss=0.0980 light=0.0980 mat=0.0000
  batch 230/329 | loss=0.1071 light=0.1071 mat=0.0000
  batch 240/329 | loss=0.1099 light=0.1099 mat=0.0000
  batch 250/329 | loss=0.1264 light=0.1264 mat=0.0000
  batch 260/329 | loss=0.1054 light=0.1054 mat=0.0000
  batch 270/329 | loss=0.1224 light=0.1224 mat=0.0000
  batch 280/329 | loss=0.1083 light=0.1083 mat=0.0000
  batch 290/329 | loss=0.0936 light=0.0936 mat=0.0000
  batch 300/329 | loss=0.1204 light=0.1204 mat=0.0000
  batch 310/329 | loss=0.0833 light=0.0833 mat=0.0000
  batch 320/329 | loss=0.0945 light=0.0945 mat=0.0000
  train | loss=0.0953 light=0.0953 mat=0.0000
  val   | loss=0.1310 light=0.1310 mat=0.0000
  -> new best model (val_loss=0.1310)

Epoch 28/50
  batch 10/329 | loss=0.0747 light=0.0747 mat=0.0000
  batch 20/329 | loss=0.1133 light=0.1133 mat=0.0000
  batch 30/329 | loss=0.0638 light=0.0638 mat=0.0000
  batch 40/329 | loss=0.0751 light=0.0751 mat=0.0000
  batch 50/329 | loss=0.0813 light=0.0813 mat=0.0000
  batch 60/329 | loss=0.1117 light=0.1117 mat=0.0000
  batch 70/329 | loss=0.1058 light=0.1058 mat=0.0000
  batch 80/329 | loss=0.0913 light=0.0913 mat=0.0000
  batch 90/329 | loss=0.0943 light=0.0943 mat=0.0000
  batch 100/329 | loss=0.0847 light=0.0847 mat=0.0000
  batch 110/329 | loss=0.0884 light=0.0884 mat=0.0000
  batch 120/329 | loss=0.0992 light=0.0992 mat=0.0000
  batch 130/329 | loss=0.1245 light=0.1245 mat=0.0000
  batch 140/329 | loss=0.0990 light=0.0990 mat=0.0000
  batch 150/329 | loss=0.0894 light=0.0894 mat=0.0000
  batch 160/329 | loss=0.1118 light=0.1118 mat=0.0000
  batch 170/329 | loss=0.0957 light=0.0957 mat=0.0000
  batch 180/329 | loss=0.0991 light=0.0991 mat=0.0000
  batch 190/329 | loss=0.0715 light=0.0715 mat=0.0000
  batch 200/329 | loss=0.1032 light=0.1032 mat=0.0000
  batch 210/329 | loss=0.0904 light=0.0904 mat=0.0000
  batch 220/329 | loss=0.1064 light=0.1064 mat=0.0000
  batch 230/329 | loss=0.0750 light=0.0750 mat=0.0000
  batch 240/329 | loss=0.0762 light=0.0762 mat=0.0000
  batch 250/329 | loss=0.0873 light=0.0873 mat=0.0000
  batch 260/329 | loss=0.1145 light=0.1145 mat=0.0000
  batch 270/329 | loss=0.1023 light=0.1023 mat=0.0000
  batch 280/329 | loss=0.1145 light=0.1145 mat=0.0000
  batch 290/329 | loss=0.0921 light=0.0921 mat=0.0000
  batch 300/329 | loss=0.1634 light=0.1634 mat=0.0000
  batch 310/329 | loss=0.1110 light=0.1110 mat=0.0000
  batch 320/329 | loss=0.0760 light=0.0760 mat=0.0000
  train | loss=0.0948 light=0.0948 mat=0.0000
  val   | loss=0.1322 light=0.1322 mat=0.0000

Epoch 29/50
  batch 10/329 | loss=0.1135 light=0.1135 mat=0.0000
  batch 20/329 | loss=0.1068 light=0.1068 mat=0.0000
  batch 30/329 | loss=0.1368 light=0.1368 mat=0.0000
  batch 40/329 | loss=0.1174 light=0.1174 mat=0.0000
  batch 50/329 | loss=0.0816 light=0.0816 mat=0.0000
  batch 60/329 | loss=0.1316 light=0.1316 mat=0.0000
  batch 70/329 | loss=0.0738 light=0.0738 mat=0.0000
  batch 80/329 | loss=0.0765 light=0.0765 mat=0.0000
  batch 90/329 | loss=0.1182 light=0.1182 mat=0.0000
  batch 100/329 | loss=0.1033 light=0.1033 mat=0.0000
  batch 110/329 | loss=0.0739 light=0.0739 mat=0.0000
  batch 120/329 | loss=0.0819 light=0.0819 mat=0.0000
  batch 130/329 | loss=0.0960 light=0.0960 mat=0.0000
  batch 140/329 | loss=0.0907 light=0.0907 mat=0.0000
  batch 150/329 | loss=0.0904 light=0.0904 mat=0.0000
  batch 160/329 | loss=0.0880 light=0.0880 mat=0.0000
  batch 170/329 | loss=0.0808 light=0.0808 mat=0.0000
  batch 180/329 | loss=0.0819 light=0.0819 mat=0.0000
  batch 190/329 | loss=0.1015 light=0.1015 mat=0.0000
  batch 200/329 | loss=0.0756 light=0.0756 mat=0.0000
  batch 210/329 | loss=0.1167 light=0.1167 mat=0.0000
  batch 220/329 | loss=0.0744 light=0.0744 mat=0.0000
  batch 230/329 | loss=0.0973 light=0.0973 mat=0.0000
  batch 240/329 | loss=0.0827 light=0.0827 mat=0.0000
  batch 250/329 | loss=0.0860 light=0.0860 mat=0.0000
  batch 260/329 | loss=0.0870 light=0.0870 mat=0.0000
  batch 270/329 | loss=0.0832 light=0.0832 mat=0.0000
  batch 280/329 | loss=0.1441 light=0.1441 mat=0.0000
  batch 290/329 | loss=0.1057 light=0.1057 mat=0.0000
  batch 300/329 | loss=0.0817 light=0.0817 mat=0.0000
  batch 310/329 | loss=0.0839 light=0.0839 mat=0.0000
  batch 320/329 | loss=0.0840 light=0.0840 mat=0.0000
  train | loss=0.0947 light=0.0947 mat=0.0000
  val   | loss=0.1310 light=0.1310 mat=0.0000
  -> new best model (val_loss=0.1310)

Epoch 30/50
  batch 10/329 | loss=0.0877 light=0.0877 mat=0.0000
  batch 20/329 | loss=0.1039 light=0.1039 mat=0.0000
  batch 30/329 | loss=0.0892 light=0.0892 mat=0.0000
  batch 40/329 | loss=0.0905 light=0.0905 mat=0.0000
  batch 50/329 | loss=0.1127 light=0.1127 mat=0.0000
  batch 60/329 | loss=0.1103 light=0.1103 mat=0.0000
  batch 70/329 | loss=0.1025 light=0.1025 mat=0.0000
  batch 80/329 | loss=0.0788 light=0.0788 mat=0.0000
  batch 90/329 | loss=0.0566 light=0.0566 mat=0.0000
  batch 100/329 | loss=0.0794 light=0.0794 mat=0.0000
  batch 110/329 | loss=0.0806 light=0.0806 mat=0.0000
  batch 120/329 | loss=0.0841 light=0.0841 mat=0.0000
  batch 130/329 | loss=0.1309 light=0.1309 mat=0.0000
  batch 140/329 | loss=0.1071 light=0.1071 mat=0.0000
  batch 150/329 | loss=0.1111 light=0.1111 mat=0.0000
  batch 160/329 | loss=0.0720 light=0.0720 mat=0.0000
  batch 170/329 | loss=0.1747 light=0.1747 mat=0.0000
  batch 180/329 | loss=0.1059 light=0.1059 mat=0.0000
  batch 190/329 | loss=0.1010 light=0.1010 mat=0.0000
  batch 200/329 | loss=0.0794 light=0.0794 mat=0.0000
  batch 210/329 | loss=0.0696 light=0.0696 mat=0.0000
  batch 220/329 | loss=0.0680 light=0.0680 mat=0.0000
  batch 230/329 | loss=0.0805 light=0.0805 mat=0.0000
  batch 240/329 | loss=0.0879 light=0.0879 mat=0.0000
  batch 250/329 | loss=0.0827 light=0.0827 mat=0.0000
  batch 260/329 | loss=0.0721 light=0.0721 mat=0.0000
  batch 270/329 | loss=0.1095 light=0.1095 mat=0.0000
  batch 280/329 | loss=0.0845 light=0.0845 mat=0.0000
  batch 290/329 | loss=0.0945 light=0.0945 mat=0.0000
  batch 300/329 | loss=0.1044 light=0.1044 mat=0.0000
  batch 310/329 | loss=0.0827 light=0.0827 mat=0.0000
  batch 320/329 | loss=0.0974 light=0.0974 mat=0.0000
  train | loss=0.0915 light=0.0915 mat=0.0000
  val   | loss=0.1302 light=0.1302 mat=0.0000
  -> new best model (val_loss=0.1302)

Epoch 31/50
  batch 10/329 | loss=0.0682 light=0.0682 mat=0.0000
  batch 20/329 | loss=0.0910 light=0.0910 mat=0.0000
  batch 30/329 | loss=0.0683 light=0.0683 mat=0.0000
  batch 40/329 | loss=0.0849 light=0.0849 mat=0.0000
  batch 50/329 | loss=0.0867 light=0.0867 mat=0.0000
  batch 60/329 | loss=0.0800 light=0.0800 mat=0.0000
  batch 70/329 | loss=0.0786 light=0.0786 mat=0.0000
  batch 80/329 | loss=0.0996 light=0.0996 mat=0.0000
  batch 90/329 | loss=0.0750 light=0.0750 mat=0.0000
  batch 100/329 | loss=0.0738 light=0.0738 mat=0.0000
  batch 110/329 | loss=0.1070 light=0.1070 mat=0.0000
  batch 120/329 | loss=0.1166 light=0.1166 mat=0.0000
  batch 130/329 | loss=0.0817 light=0.0817 mat=0.0000
  batch 140/329 | loss=0.0922 light=0.0922 mat=0.0000
  batch 150/329 | loss=0.0770 light=0.0770 mat=0.0000
  batch 160/329 | loss=0.0951 light=0.0951 mat=0.0000
  batch 170/329 | loss=0.0949 light=0.0949 mat=0.0000
  batch 180/329 | loss=0.1029 light=0.1029 mat=0.0000
  batch 190/329 | loss=0.0846 light=0.0846 mat=0.0000
  batch 200/329 | loss=0.0714 light=0.0714 mat=0.0000
  batch 210/329 | loss=0.0681 light=0.0681 mat=0.0000
  batch 220/329 | loss=0.1092 light=0.1092 mat=0.0000
  batch 230/329 | loss=0.0866 light=0.0866 mat=0.0000
  batch 240/329 | loss=0.0868 light=0.0868 mat=0.0000
  batch 250/329 | loss=0.0857 light=0.0857 mat=0.0000
  batch 260/329 | loss=0.0642 light=0.0642 mat=0.0000
  batch 270/329 | loss=0.0750 light=0.0750 mat=0.0000
  batch 280/329 | loss=0.1078 light=0.1078 mat=0.0000
  batch 290/329 | loss=0.0953 light=0.0953 mat=0.0000
  batch 300/329 | loss=0.0908 light=0.0908 mat=0.0000
  batch 310/329 | loss=0.0941 light=0.0941 mat=0.0000
  batch 320/329 | loss=0.0781 light=0.0781 mat=0.0000
  train | loss=0.0913 light=0.0913 mat=0.0000
  val   | loss=0.1323 light=0.1323 mat=0.0000

Epoch 32/50
  batch 10/329 | loss=0.0848 light=0.0848 mat=0.0000
  batch 20/329 | loss=0.1139 light=0.1139 mat=0.0000
  batch 30/329 | loss=0.0968 light=0.0968 mat=0.0000
  batch 40/329 | loss=0.0971 light=0.0971 mat=0.0000
  batch 50/329 | loss=0.1060 light=0.1060 mat=0.0000
  batch 60/329 | loss=0.1094 light=0.1094 mat=0.0000
  batch 70/329 | loss=0.0844 light=0.0844 mat=0.0000
  batch 80/329 | loss=0.1295 light=0.1295 mat=0.0000
  batch 90/329 | loss=0.0674 light=0.0674 mat=0.0000
  batch 100/329 | loss=0.0661 light=0.0661 mat=0.0000
  batch 110/329 | loss=0.0845 light=0.0845 mat=0.0000
  batch 120/329 | loss=0.0896 light=0.0896 mat=0.0000
  batch 130/329 | loss=0.0638 light=0.0638 mat=0.0000
  batch 140/329 | loss=0.0894 light=0.0894 mat=0.0000
  batch 150/329 | loss=0.0688 light=0.0688 mat=0.0000
  batch 160/329 | loss=0.0732 light=0.0732 mat=0.0000
  batch 170/329 | loss=0.1086 light=0.1086 mat=0.0000
  batch 180/329 | loss=0.0961 light=0.0961 mat=0.0000
  batch 190/329 | loss=0.0726 light=0.0726 mat=0.0000
  batch 200/329 | loss=0.1432 light=0.1432 mat=0.0000
  batch 210/329 | loss=0.1045 light=0.1045 mat=0.0000
  batch 220/329 | loss=0.1003 light=0.1003 mat=0.0000
  batch 230/329 | loss=0.0897 light=0.0897 mat=0.0000
  batch 240/329 | loss=0.1177 light=0.1177 mat=0.0000
  batch 250/329 | loss=0.0846 light=0.0846 mat=0.0000
  batch 260/329 | loss=0.0913 light=0.0913 mat=0.0000
  batch 270/329 | loss=0.0606 light=0.0606 mat=0.0000
  batch 280/329 | loss=0.1051 light=0.1051 mat=0.0000
  batch 290/329 | loss=0.0815 light=0.0815 mat=0.0000
  batch 300/329 | loss=0.0972 light=0.0972 mat=0.0000
  batch 310/329 | loss=0.0805 light=0.0805 mat=0.0000
  batch 320/329 | loss=0.0777 light=0.0777 mat=0.0000
  train | loss=0.0896 light=0.0896 mat=0.0000
  val   | loss=0.1293 light=0.1293 mat=0.0000
  -> new best model (val_loss=0.1293)

Epoch 33/50
  batch 10/329 | loss=0.1091 light=0.1091 mat=0.0000
  batch 20/329 | loss=0.0864 light=0.0864 mat=0.0000
  batch 30/329 | loss=0.0783 light=0.0783 mat=0.0000
  batch 40/329 | loss=0.1023 light=0.1023 mat=0.0000
  batch 50/329 | loss=0.0766 light=0.0766 mat=0.0000
  batch 60/329 | loss=0.0828 light=0.0828 mat=0.0000
  batch 70/329 | loss=0.0882 light=0.0882 mat=0.0000
  batch 80/329 | loss=0.0752 light=0.0752 mat=0.0000
  batch 90/329 | loss=0.0832 light=0.0832 mat=0.0000
  batch 100/329 | loss=0.0767 light=0.0767 mat=0.0000
  batch 110/329 | loss=0.0915 light=0.0915 mat=0.0000
  batch 120/329 | loss=0.0827 light=0.0827 mat=0.0000
  batch 130/329 | loss=0.1005 light=0.1005 mat=0.0000
  batch 140/329 | loss=0.0882 light=0.0882 mat=0.0000
  batch 150/329 | loss=0.0832 light=0.0832 mat=0.0000
  batch 160/329 | loss=0.0715 light=0.0715 mat=0.0000
  batch 170/329 | loss=0.0653 light=0.0653 mat=0.0000
  batch 180/329 | loss=0.0900 light=0.0900 mat=0.0000
  batch 190/329 | loss=0.0676 light=0.0676 mat=0.0000
  batch 200/329 | loss=0.1023 light=0.1023 mat=0.0000
  batch 210/329 | loss=0.0950 light=0.0950 mat=0.0000
  batch 220/329 | loss=0.1315 light=0.1315 mat=0.0000
  batch 230/329 | loss=0.0706 light=0.0706 mat=0.0000
  batch 240/329 | loss=0.0940 light=0.0940 mat=0.0000
  batch 250/329 | loss=0.0791 light=0.0791 mat=0.0000
  batch 260/329 | loss=0.1114 light=0.1114 mat=0.0000
  batch 270/329 | loss=0.1340 light=0.1340 mat=0.0000
  batch 280/329 | loss=0.0698 light=0.0698 mat=0.0000
  batch 290/329 | loss=0.1016 light=0.1016 mat=0.0000
  batch 300/329 | loss=0.0875 light=0.0875 mat=0.0000
  batch 310/329 | loss=0.0812 light=0.0812 mat=0.0000
  batch 320/329 | loss=0.0619 light=0.0619 mat=0.0000
  train | loss=0.0881 light=0.0881 mat=0.0000
  val   | loss=0.1295 light=0.1295 mat=0.0000

Epoch 34/50
  batch 10/329 | loss=0.0658 light=0.0658 mat=0.0000
  batch 20/329 | loss=0.1017 light=0.1017 mat=0.0000
  batch 30/329 | loss=0.0677 light=0.0677 mat=0.0000
  batch 40/329 | loss=0.0753 light=0.0753 mat=0.0000
  batch 50/329 | loss=0.0816 light=0.0816 mat=0.0000
  batch 60/329 | loss=0.0898 light=0.0898 mat=0.0000
  batch 70/329 | loss=0.0795 light=0.0795 mat=0.0000
  batch 80/329 | loss=0.0798 light=0.0798 mat=0.0000
  batch 90/329 | loss=0.0902 light=0.0902 mat=0.0000
  batch 100/329 | loss=0.0901 light=0.0901 mat=0.0000
  batch 110/329 | loss=0.0824 light=0.0824 mat=0.0000
  batch 120/329 | loss=0.0777 light=0.0777 mat=0.0000
  batch 130/329 | loss=0.0842 light=0.0842 mat=0.0000
  batch 140/329 | loss=0.0678 light=0.0678 mat=0.0000
  batch 150/329 | loss=0.0841 light=0.0841 mat=0.0000
  batch 160/329 | loss=0.0690 light=0.0690 mat=0.0000
  batch 170/329 | loss=0.0999 light=0.0999 mat=0.0000
  batch 180/329 | loss=0.0836 light=0.0836 mat=0.0000
  batch 190/329 | loss=0.0692 light=0.0692 mat=0.0000
  batch 200/329 | loss=0.0609 light=0.0609 mat=0.0000
  batch 210/329 | loss=0.0842 light=0.0842 mat=0.0000
  batch 220/329 | loss=0.0967 light=0.0967 mat=0.0000
  batch 230/329 | loss=0.0757 light=0.0757 mat=0.0000
  batch 240/329 | loss=0.0988 light=0.0988 mat=0.0000
  batch 250/329 | loss=0.1046 light=0.1046 mat=0.0000
  batch 260/329 | loss=0.0871 light=0.0871 mat=0.0000
  batch 270/329 | loss=0.1049 light=0.1049 mat=0.0000
  batch 280/329 | loss=0.0845 light=0.0845 mat=0.0000
  batch 290/329 | loss=0.0754 light=0.0754 mat=0.0000
  batch 300/329 | loss=0.0895 light=0.0895 mat=0.0000
  batch 310/329 | loss=0.0812 light=0.0812 mat=0.0000
  batch 320/329 | loss=0.0746 light=0.0746 mat=0.0000
  train | loss=0.0869 light=0.0869 mat=0.0000
  val   | loss=0.1283 light=0.1283 mat=0.0000
  -> new best model (val_loss=0.1283)

Epoch 35/50
  batch 10/329 | loss=0.1164 light=0.1164 mat=0.0000
  batch 20/329 | loss=0.1119 light=0.1119 mat=0.0000
  batch 30/329 | loss=0.1067 light=0.1067 mat=0.0000
  batch 40/329 | loss=0.1056 light=0.1056 mat=0.0000
  batch 50/329 | loss=0.0835 light=0.0835 mat=0.0000
  batch 60/329 | loss=0.0673 light=0.0673 mat=0.0000
  batch 70/329 | loss=0.0984 light=0.0984 mat=0.0000
  batch 80/329 | loss=0.0678 light=0.0678 mat=0.0000
  batch 90/329 | loss=0.0607 light=0.0607 mat=0.0000
  batch 100/329 | loss=0.1033 light=0.1033 mat=0.0000
  batch 110/329 | loss=0.0837 light=0.0837 mat=0.0000
  batch 120/329 | loss=0.0632 light=0.0632 mat=0.0000
  batch 130/329 | loss=0.0941 light=0.0941 mat=0.0000
  batch 140/329 | loss=0.0809 light=0.0809 mat=0.0000
  batch 150/329 | loss=0.1080 light=0.1080 mat=0.0000
  batch 160/329 | loss=0.0971 light=0.0971 mat=0.0000
  batch 170/329 | loss=0.1124 light=0.1124 mat=0.0000
  batch 180/329 | loss=0.0780 light=0.0780 mat=0.0000
  batch 190/329 | loss=0.0873 light=0.0873 mat=0.0000
  batch 200/329 | loss=0.0775 light=0.0775 mat=0.0000
  batch 210/329 | loss=0.0709 light=0.0709 mat=0.0000
  batch 220/329 | loss=0.0749 light=0.0749 mat=0.0000
  batch 230/329 | loss=0.0906 light=0.0906 mat=0.0000
  batch 240/329 | loss=0.0679 light=0.0679 mat=0.0000
  batch 250/329 | loss=0.0913 light=0.0913 mat=0.0000
  batch 260/329 | loss=0.0683 light=0.0683 mat=0.0000
  batch 270/329 | loss=0.1065 light=0.1065 mat=0.0000
  batch 280/329 | loss=0.0627 light=0.0627 mat=0.0000
  batch 290/329 | loss=0.0725 light=0.0725 mat=0.0000
  batch 300/329 | loss=0.0614 light=0.0614 mat=0.0000
  batch 310/329 | loss=0.0973 light=0.0973 mat=0.0000
  batch 320/329 | loss=0.1205 light=0.1205 mat=0.0000
  train | loss=0.0863 light=0.0863 mat=0.0000
  val   | loss=0.1280 light=0.1280 mat=0.0000
  -> new best model (val_loss=0.1280)

Epoch 36/50
  batch 10/329 | loss=0.0916 light=0.0916 mat=0.0000
  batch 20/329 | loss=0.1020 light=0.1020 mat=0.0000
  batch 30/329 | loss=0.0923 light=0.0923 mat=0.0000
  batch 40/329 | loss=0.0972 light=0.0972 mat=0.0000
  batch 50/329 | loss=0.0731 light=0.0731 mat=0.0000
  batch 60/329 | loss=0.0696 light=0.0696 mat=0.0000
  batch 70/329 | loss=0.0783 light=0.0783 mat=0.0000
  batch 80/329 | loss=0.0820 light=0.0820 mat=0.0000
  batch 90/329 | loss=0.0742 light=0.0742 mat=0.0000
  batch 100/329 | loss=0.0635 light=0.0635 mat=0.0000
  batch 110/329 | loss=0.0804 light=0.0804 mat=0.0000
  batch 120/329 | loss=0.0737 light=0.0737 mat=0.0000
  batch 130/329 | loss=0.0932 light=0.0932 mat=0.0000
  batch 140/329 | loss=0.1105 light=0.1105 mat=0.0000
  batch 150/329 | loss=0.0857 light=0.0857 mat=0.0000
  batch 160/329 | loss=0.0541 light=0.0541 mat=0.0000
  batch 170/329 | loss=0.0747 light=0.0747 mat=0.0000
  batch 180/329 | loss=0.0647 light=0.0647 mat=0.0000
  batch 190/329 | loss=0.0746 light=0.0746 mat=0.0000
  batch 200/329 | loss=0.1644 light=0.1644 mat=0.0000
  batch 210/329 | loss=0.0967 light=0.0967 mat=0.0000
  batch 220/329 | loss=0.0820 light=0.0820 mat=0.0000
  batch 230/329 | loss=0.0951 light=0.0951 mat=0.0000
  batch 240/329 | loss=0.0604 light=0.0604 mat=0.0000
  batch 250/329 | loss=0.0764 light=0.0764 mat=0.0000
  batch 260/329 | loss=0.0805 light=0.0805 mat=0.0000
  batch 270/329 | loss=0.0514 light=0.0514 mat=0.0000
  batch 280/329 | loss=0.0724 light=0.0724 mat=0.0000
  batch 290/329 | loss=0.0651 light=0.0651 mat=0.0000
  batch 300/329 | loss=0.0857 light=0.0857 mat=0.0000
  batch 310/329 | loss=0.0834 light=0.0834 mat=0.0000
  batch 320/329 | loss=0.0698 light=0.0698 mat=0.0000
  train | loss=0.0853 light=0.0853 mat=0.0000
  val   | loss=0.1279 light=0.1279 mat=0.0000
  -> new best model (val_loss=0.1279)

Epoch 37/50
  batch 10/329 | loss=0.1056 light=0.1056 mat=0.0000
  batch 20/329 | loss=0.0866 light=0.0866 mat=0.0000
  batch 30/329 | loss=0.1025 light=0.1025 mat=0.0000
  batch 40/329 | loss=0.0927 light=0.0927 mat=0.0000
  batch 50/329 | loss=0.0828 light=0.0828 mat=0.0000
  batch 60/329 | loss=0.0648 light=0.0648 mat=0.0000
  batch 70/329 | loss=0.0666 light=0.0666 mat=0.0000
  batch 80/329 | loss=0.0825 light=0.0825 mat=0.0000
  batch 90/329 | loss=0.1315 light=0.1315 mat=0.0000
  batch 100/329 | loss=0.1027 light=0.1027 mat=0.0000
  batch 110/329 | loss=0.0914 light=0.0914 mat=0.0000
  batch 120/329 | loss=0.1008 light=0.1008 mat=0.0000
  batch 130/329 | loss=0.0798 light=0.0798 mat=0.0000
  batch 140/329 | loss=0.0994 light=0.0994 mat=0.0000
  batch 150/329 | loss=0.0712 light=0.0712 mat=0.0000
  batch 160/329 | loss=0.0785 light=0.0785 mat=0.0000
  batch 170/329 | loss=0.1351 light=0.1351 mat=0.0000
  batch 180/329 | loss=0.0744 light=0.0744 mat=0.0000
  batch 190/329 | loss=0.0566 light=0.0566 mat=0.0000
  batch 200/329 | loss=0.0815 light=0.0815 mat=0.0000
  batch 210/329 | loss=0.0907 light=0.0907 mat=0.0000
  batch 220/329 | loss=0.0875 light=0.0875 mat=0.0000
  batch 230/329 | loss=0.0759 light=0.0759 mat=0.0000
  batch 240/329 | loss=0.0845 light=0.0845 mat=0.0000
  batch 250/329 | loss=0.0809 light=0.0809 mat=0.0000
  batch 260/329 | loss=0.0947 light=0.0947 mat=0.0000
  batch 270/329 | loss=0.0755 light=0.0755 mat=0.0000
  batch 280/329 | loss=0.0723 light=0.0723 mat=0.0000
  batch 290/329 | loss=0.1313 light=0.1313 mat=0.0000
  batch 300/329 | loss=0.0837 light=0.0837 mat=0.0000
  batch 310/329 | loss=0.0947 light=0.0947 mat=0.0000
  batch 320/329 | loss=0.0880 light=0.0880 mat=0.0000
  train | loss=0.0844 light=0.0844 mat=0.0000
  val   | loss=0.1280 light=0.1280 mat=0.0000

Epoch 38/50
  batch 10/329 | loss=0.0755 light=0.0755 mat=0.0000
  batch 20/329 | loss=0.0773 light=0.0773 mat=0.0000
  batch 30/329 | loss=0.0531 light=0.0531 mat=0.0000
  batch 40/329 | loss=0.0959 light=0.0959 mat=0.0000
  batch 50/329 | loss=0.1174 light=0.1174 mat=0.0000
  batch 60/329 | loss=0.1106 light=0.1106 mat=0.0000
  batch 70/329 | loss=0.0625 light=0.0625 mat=0.0000
  batch 80/329 | loss=0.0753 light=0.0753 mat=0.0000
  batch 90/329 | loss=0.0741 light=0.0741 mat=0.0000
  batch 100/329 | loss=0.0592 light=0.0592 mat=0.0000
  batch 110/329 | loss=0.0874 light=0.0874 mat=0.0000
  batch 120/329 | loss=0.1016 light=0.1016 mat=0.0000
  batch 130/329 | loss=0.0961 light=0.0961 mat=0.0000
  batch 140/329 | loss=0.0837 light=0.0837 mat=0.0000
  batch 150/329 | loss=0.1196 light=0.1196 mat=0.0000
  batch 160/329 | loss=0.1248 light=0.1248 mat=0.0000
  batch 170/329 | loss=0.0819 light=0.0819 mat=0.0000
  batch 180/329 | loss=0.0747 light=0.0747 mat=0.0000
  batch 190/329 | loss=0.0592 light=0.0592 mat=0.0000
  batch 200/329 | loss=0.1021 light=0.1021 mat=0.0000
  batch 210/329 | loss=0.0587 light=0.0587 mat=0.0000
  batch 220/329 | loss=0.1052 light=0.1052 mat=0.0000
  batch 230/329 | loss=0.0808 light=0.0808 mat=0.0000
  batch 240/329 | loss=0.0651 light=0.0651 mat=0.0000
  batch 250/329 | loss=0.0724 light=0.0724 mat=0.0000
  batch 260/329 | loss=0.0743 light=0.0743 mat=0.0000
  batch 270/329 | loss=0.0583 light=0.0583 mat=0.0000
  batch 280/329 | loss=0.0809 light=0.0809 mat=0.0000
  batch 290/329 | loss=0.0824 light=0.0824 mat=0.0000
  batch 300/329 | loss=0.0799 light=0.0799 mat=0.0000
  batch 310/329 | loss=0.1165 light=0.1165 mat=0.0000
  batch 320/329 | loss=0.1140 light=0.1140 mat=0.0000
  train | loss=0.0840 light=0.0840 mat=0.0000
  val   | loss=0.1279 light=0.1279 mat=0.0000
  -> new best model (val_loss=0.1279)

Epoch 39/50
  batch 10/329 | loss=0.0738 light=0.0738 mat=0.0000
  batch 20/329 | loss=0.1007 light=0.1007 mat=0.0000
  batch 30/329 | loss=0.0725 light=0.0725 mat=0.0000
  batch 40/329 | loss=0.0855 light=0.0855 mat=0.0000
  batch 50/329 | loss=0.0892 light=0.0892 mat=0.0000
  batch 60/329 | loss=0.0791 light=0.0791 mat=0.0000
  batch 70/329 | loss=0.0614 light=0.0614 mat=0.0000
  batch 80/329 | loss=0.0887 light=0.0887 mat=0.0000
  batch 90/329 | loss=0.0826 light=0.0826 mat=0.0000
  batch 100/329 | loss=0.0889 light=0.0889 mat=0.0000
  batch 110/329 | loss=0.0702 light=0.0702 mat=0.0000
  batch 120/329 | loss=0.0831 light=0.0831 mat=0.0000
  batch 130/329 | loss=0.0683 light=0.0683 mat=0.0000
  batch 140/329 | loss=0.0666 light=0.0666 mat=0.0000
  batch 150/329 | loss=0.0640 light=0.0640 mat=0.0000
  batch 160/329 | loss=0.0714 light=0.0714 mat=0.0000
  batch 170/329 | loss=0.0791 light=0.0791 mat=0.0000
  batch 180/329 | loss=0.0894 light=0.0894 mat=0.0000
  batch 190/329 | loss=0.0653 light=0.0653 mat=0.0000
  batch 200/329 | loss=0.0990 light=0.0990 mat=0.0000
  batch 210/329 | loss=0.0849 light=0.0849 mat=0.0000
  batch 220/329 | loss=0.0585 light=0.0585 mat=0.0000
  batch 230/329 | loss=0.0742 light=0.0742 mat=0.0000
  batch 240/329 | loss=0.0707 light=0.0707 mat=0.0000
  batch 250/329 | loss=0.0692 light=0.0692 mat=0.0000
  batch 260/329 | loss=0.0761 light=0.0761 mat=0.0000
  batch 270/329 | loss=0.0736 light=0.0736 mat=0.0000
  batch 280/329 | loss=0.0829 light=0.0829 mat=0.0000
  batch 290/329 | loss=0.0872 light=0.0872 mat=0.0000
  batch 300/329 | loss=0.0746 light=0.0746 mat=0.0000
  batch 310/329 | loss=0.0732 light=0.0732 mat=0.0000
  batch 320/329 | loss=0.0991 light=0.0991 mat=0.0000
  train | loss=0.0832 light=0.0832 mat=0.0000
  val   | loss=0.1278 light=0.1278 mat=0.0000
  -> new best model (val_loss=0.1278)

Epoch 40/50
  batch 10/329 | loss=0.1087 light=0.1087 mat=0.0000
  batch 20/329 | loss=0.0646 light=0.0646 mat=0.0000
  batch 30/329 | loss=0.1007 light=0.1007 mat=0.0000
  batch 40/329 | loss=0.0593 light=0.0593 mat=0.0000
  batch 50/329 | loss=0.0808 light=0.0808 mat=0.0000
  batch 60/329 | loss=0.0956 light=0.0956 mat=0.0000
  batch 70/329 | loss=0.1226 light=0.1226 mat=0.0000
  batch 80/329 | loss=0.0779 light=0.0779 mat=0.0000
  batch 90/329 | loss=0.0893 light=0.0893 mat=0.0000
  batch 100/329 | loss=0.0781 light=0.0781 mat=0.0000
  batch 110/329 | loss=0.1006 light=0.1006 mat=0.0000
  batch 120/329 | loss=0.0941 light=0.0941 mat=0.0000
  batch 130/329 | loss=0.0638 light=0.0638 mat=0.0000
  batch 140/329 | loss=0.0611 light=0.0611 mat=0.0000
  batch 150/329 | loss=0.0633 light=0.0633 mat=0.0000
  batch 160/329 | loss=0.0975 light=0.0975 mat=0.0000
  batch 170/329 | loss=0.0918 light=0.0918 mat=0.0000
  batch 180/329 | loss=0.0846 light=0.0846 mat=0.0000
  batch 190/329 | loss=0.0867 light=0.0867 mat=0.0000
  batch 200/329 | loss=0.0560 light=0.0560 mat=0.0000
  batch 210/329 | loss=0.0711 light=0.0711 mat=0.0000
  batch 220/329 | loss=0.0712 light=0.0712 mat=0.0000
  batch 230/329 | loss=0.1227 light=0.1227 mat=0.0000
  batch 240/329 | loss=0.0940 light=0.0940 mat=0.0000
  batch 250/329 | loss=0.0903 light=0.0903 mat=0.0000
  batch 260/329 | loss=0.0900 light=0.0900 mat=0.0000
  batch 270/329 | loss=0.0793 light=0.0793 mat=0.0000
  batch 280/329 | loss=0.1141 light=0.1141 mat=0.0000
  batch 290/329 | loss=0.0682 light=0.0682 mat=0.0000
  batch 300/329 | loss=0.0914 light=0.0914 mat=0.0000
  batch 310/329 | loss=0.0876 light=0.0876 mat=0.0000
  batch 320/329 | loss=0.0815 light=0.0815 mat=0.0000
  train | loss=0.0828 light=0.0828 mat=0.0000
  val   | loss=0.1279 light=0.1279 mat=0.0000

Epoch 41/50
  batch 10/329 | loss=0.0940 light=0.0940 mat=0.0000
  batch 20/329 | loss=0.0922 light=0.0922 mat=0.0000
  batch 30/329 | loss=0.0773 light=0.0773 mat=0.0000
  batch 40/329 | loss=0.0805 light=0.0805 mat=0.0000
  batch 50/329 | loss=0.1060 light=0.1060 mat=0.0000
  batch 60/329 | loss=0.1130 light=0.1130 mat=0.0000
  batch 70/329 | loss=0.0721 light=0.0721 mat=0.0000
  batch 80/329 | loss=0.0953 light=0.0953 mat=0.0000
  batch 90/329 | loss=0.0814 light=0.0814 mat=0.0000
  batch 100/329 | loss=0.0892 light=0.0892 mat=0.0000
  batch 110/329 | loss=0.0634 light=0.0634 mat=0.0000
  batch 120/329 | loss=0.0608 light=0.0608 mat=0.0000
  batch 130/329 | loss=0.1054 light=0.1054 mat=0.0000
  batch 140/329 | loss=0.0856 light=0.0856 mat=0.0000
  batch 150/329 | loss=0.0909 light=0.0909 mat=0.0000
  batch 160/329 | loss=0.0956 light=0.0956 mat=0.0000
  batch 170/329 | loss=0.0626 light=0.0626 mat=0.0000
  batch 180/329 | loss=0.0776 light=0.0776 mat=0.0000
  batch 190/329 | loss=0.0566 light=0.0566 mat=0.0000
  batch 200/329 | loss=0.0723 light=0.0723 mat=0.0000
  batch 210/329 | loss=0.1021 light=0.1021 mat=0.0000
  batch 220/329 | loss=0.1002 light=0.1002 mat=0.0000
  batch 230/329 | loss=0.0632 light=0.0632 mat=0.0000
  batch 240/329 | loss=0.0772 light=0.0772 mat=0.0000
  batch 250/329 | loss=0.0795 light=0.0795 mat=0.0000
  batch 260/329 | loss=0.0758 light=0.0758 mat=0.0000
  batch 270/329 | loss=0.0723 light=0.0723 mat=0.0000
  batch 280/329 | loss=0.0723 light=0.0723 mat=0.0000
  batch 290/329 | loss=0.0913 light=0.0913 mat=0.0000
  batch 300/329 | loss=0.0687 light=0.0687 mat=0.0000
  batch 310/329 | loss=0.0885 light=0.0885 mat=0.0000
  batch 320/329 | loss=0.0960 light=0.0960 mat=0.0000
  train | loss=0.0821 light=0.0821 mat=0.0000
  val   | loss=0.1276 light=0.1276 mat=0.0000
  -> new best model (val_loss=0.1276)

Epoch 42/50
  batch 10/329 | loss=0.0782 light=0.0782 mat=0.0000
  batch 20/329 | loss=0.0923 light=0.0923 mat=0.0000
  batch 30/329 | loss=0.0787 light=0.0787 mat=0.0000
  batch 40/329 | loss=0.0800 light=0.0800 mat=0.0000
  batch 50/329 | loss=0.0739 light=0.0739 mat=0.0000
  batch 60/329 | loss=0.0883 light=0.0883 mat=0.0000
  batch 70/329 | loss=0.0877 light=0.0877 mat=0.0000
  batch 80/329 | loss=0.0901 light=0.0901 mat=0.0000
  batch 90/329 | loss=0.0785 light=0.0785 mat=0.0000
  batch 100/329 | loss=0.0768 light=0.0768 mat=0.0000
  batch 110/329 | loss=0.0628 light=0.0628 mat=0.0000
  batch 120/329 | loss=0.0989 light=0.0989 mat=0.0000
  batch 130/329 | loss=0.0637 light=0.0637 mat=0.0000
  batch 140/329 | loss=0.0972 light=0.0972 mat=0.0000
  batch 150/329 | loss=0.1161 light=0.1161 mat=0.0000
  batch 160/329 | loss=0.0531 light=0.0531 mat=0.0000
  batch 170/329 | loss=0.1052 light=0.1052 mat=0.0000
  batch 180/329 | loss=0.0918 light=0.0918 mat=0.0000
  batch 190/329 | loss=0.0804 light=0.0804 mat=0.0000
  batch 200/329 | loss=0.0905 light=0.0905 mat=0.0000
  batch 210/329 | loss=0.0798 light=0.0798 mat=0.0000
  batch 220/329 | loss=0.0806 light=0.0806 mat=0.0000
  batch 230/329 | loss=0.0938 light=0.0938 mat=0.0000
  batch 240/329 | loss=0.0854 light=0.0854 mat=0.0000
  batch 250/329 | loss=0.0636 light=0.0636 mat=0.0000
  batch 260/329 | loss=0.0542 light=0.0542 mat=0.0000
  batch 270/329 | loss=0.0762 light=0.0762 mat=0.0000
  batch 280/329 | loss=0.1210 light=0.1210 mat=0.0000
  batch 290/329 | loss=0.0714 light=0.0714 mat=0.0000
  batch 300/329 | loss=0.0787 light=0.0787 mat=0.0000
  batch 310/329 | loss=0.0611 light=0.0611 mat=0.0000
  batch 320/329 | loss=0.0829 light=0.0829 mat=0.0000
  train | loss=0.0816 light=0.0816 mat=0.0000
  val   | loss=0.1274 light=0.1274 mat=0.0000
  -> new best model (val_loss=0.1274)

Epoch 43/50
  batch 10/329 | loss=0.1009 light=0.1009 mat=0.0000
  batch 20/329 | loss=0.0713 light=0.0713 mat=0.0000
  batch 30/329 | loss=0.0814 light=0.0814 mat=0.0000
  batch 40/329 | loss=0.0832 light=0.0832 mat=0.0000
  batch 50/329 | loss=0.0983 light=0.0983 mat=0.0000
  batch 60/329 | loss=0.0764 light=0.0764 mat=0.0000
  batch 70/329 | loss=0.1048 light=0.1048 mat=0.0000
  batch 80/329 | loss=0.0834 light=0.0834 mat=0.0000
  batch 90/329 | loss=0.0655 light=0.0655 mat=0.0000
  batch 100/329 | loss=0.0583 light=0.0583 mat=0.0000
  batch 110/329 | loss=0.0726 light=0.0726 mat=0.0000
  batch 120/329 | loss=0.0738 light=0.0738 mat=0.0000
  batch 130/329 | loss=0.0787 light=0.0787 mat=0.0000
  batch 140/329 | loss=0.1004 light=0.1004 mat=0.0000
  batch 150/329 | loss=0.0891 light=0.0891 mat=0.0000
  batch 160/329 | loss=0.0843 light=0.0843 mat=0.0000
  batch 170/329 | loss=0.0828 light=0.0828 mat=0.0000
  batch 180/329 | loss=0.0681 light=0.0681 mat=0.0000
  batch 190/329 | loss=0.0761 light=0.0761 mat=0.0000
  batch 200/329 | loss=0.0669 light=0.0669 mat=0.0000
  batch 210/329 | loss=0.0709 light=0.0709 mat=0.0000
  batch 220/329 | loss=0.0888 light=0.0888 mat=0.0000
  batch 230/329 | loss=0.1078 light=0.1078 mat=0.0000
  batch 240/329 | loss=0.1059 light=0.1059 mat=0.0000
  batch 250/329 | loss=0.1010 light=0.1010 mat=0.0000
  batch 260/329 | loss=0.0732 light=0.0732 mat=0.0000
  batch 270/329 | loss=0.0715 light=0.0715 mat=0.0000
  batch 280/329 | loss=0.1082 light=0.1082 mat=0.0000
  batch 290/329 | loss=0.0658 light=0.0658 mat=0.0000
  batch 300/329 | loss=0.1149 light=0.1149 mat=0.0000
  batch 310/329 | loss=0.0776 light=0.0776 mat=0.0000
  batch 320/329 | loss=0.0588 light=0.0588 mat=0.0000
  train | loss=0.0818 light=0.0818 mat=0.0000
  val   | loss=0.1276 light=0.1276 mat=0.0000

Epoch 44/50
  batch 10/329 | loss=0.0719 light=0.0719 mat=0.0000
  batch 20/329 | loss=0.0522 light=0.0522 mat=0.0000
  batch 30/329 | loss=0.0708 light=0.0708 mat=0.0000
  batch 40/329 | loss=0.0642 light=0.0642 mat=0.0000
  batch 50/329 | loss=0.0733 light=0.0733 mat=0.0000
  batch 60/329 | loss=0.0715 light=0.0715 mat=0.0000
  batch 70/329 | loss=0.0595 light=0.0595 mat=0.0000
  batch 80/329 | loss=0.0778 light=0.0778 mat=0.0000
  batch 90/329 | loss=0.0752 light=0.0752 mat=0.0000
  batch 100/329 | loss=0.0910 light=0.0910 mat=0.0000
  batch 110/329 | loss=0.0916 light=0.0916 mat=0.0000
  batch 120/329 | loss=0.0659 light=0.0659 mat=0.0000
  batch 130/329 | loss=0.0650 light=0.0650 mat=0.0000
  batch 140/329 | loss=0.0734 light=0.0734 mat=0.0000
  batch 150/329 | loss=0.0673 light=0.0673 mat=0.0000
  batch 160/329 | loss=0.0844 light=0.0844 mat=0.0000
  batch 170/329 | loss=0.1215 light=0.1215 mat=0.0000
  batch 180/329 | loss=0.0862 light=0.0862 mat=0.0000
  batch 190/329 | loss=0.0571 light=0.0571 mat=0.0000
  batch 200/329 | loss=0.0945 light=0.0945 mat=0.0000
  batch 210/329 | loss=0.0742 light=0.0742 mat=0.0000
  batch 220/329 | loss=0.0611 light=0.0611 mat=0.0000
  batch 230/329 | loss=0.0856 light=0.0856 mat=0.0000
  batch 240/329 | loss=0.0887 light=0.0887 mat=0.0000
  batch 250/329 | loss=0.0646 light=0.0646 mat=0.0000
  batch 260/329 | loss=0.0894 light=0.0894 mat=0.0000
  batch 270/329 | loss=0.0739 light=0.0739 mat=0.0000
  batch 280/329 | loss=0.1036 light=0.1036 mat=0.0000
  batch 290/329 | loss=0.0825 light=0.0825 mat=0.0000
  batch 300/329 | loss=0.0986 light=0.0986 mat=0.0000
  batch 310/329 | loss=0.0687 light=0.0687 mat=0.0000
  batch 320/329 | loss=0.0945 light=0.0945 mat=0.0000
  train | loss=0.0812 light=0.0812 mat=0.0000
  val   | loss=0.1275 light=0.1275 mat=0.0000

Epoch 45/50
  batch 10/329 | loss=0.0735 light=0.0735 mat=0.0000
  batch 20/329 | loss=0.0740 light=0.0740 mat=0.0000
  batch 30/329 | loss=0.0833 light=0.0833 mat=0.0000
  batch 40/329 | loss=0.0658 light=0.0658 mat=0.0000
  batch 50/329 | loss=0.1014 light=0.1014 mat=0.0000
  batch 60/329 | loss=0.0867 light=0.0867 mat=0.0000
  batch 70/329 | loss=0.0666 light=0.0666 mat=0.0000
  batch 80/329 | loss=0.0919 light=0.0919 mat=0.0000
  batch 90/329 | loss=0.0593 light=0.0593 mat=0.0000
  batch 100/329 | loss=0.0816 light=0.0816 mat=0.0000
  batch 110/329 | loss=0.0865 light=0.0865 mat=0.0000
  batch 120/329 | loss=0.0804 light=0.0804 mat=0.0000
  batch 130/329 | loss=0.0565 light=0.0565 mat=0.0000
  batch 140/329 | loss=0.0647 light=0.0647 mat=0.0000
  batch 150/329 | loss=0.0885 light=0.0885 mat=0.0000
  batch 160/329 | loss=0.0677 light=0.0677 mat=0.0000
  batch 170/329 | loss=0.0753 light=0.0753 mat=0.0000
  batch 180/329 | loss=0.0637 light=0.0637 mat=0.0000
  batch 190/329 | loss=0.0559 light=0.0559 mat=0.0000
  batch 200/329 | loss=0.0801 light=0.0801 mat=0.0000
  batch 210/329 | loss=0.0840 light=0.0840 mat=0.0000
  batch 220/329 | loss=0.0971 light=0.0971 mat=0.0000
  batch 230/329 | loss=0.0841 light=0.0841 mat=0.0000
  batch 240/329 | loss=0.0478 light=0.0478 mat=0.0000
  batch 250/329 | loss=0.0830 light=0.0830 mat=0.0000
  batch 260/329 | loss=0.0611 light=0.0611 mat=0.0000
  batch 270/329 | loss=0.0765 light=0.0765 mat=0.0000
  batch 280/329 | loss=0.1375 light=0.1375 mat=0.0000
  batch 290/329 | loss=0.0750 light=0.0750 mat=0.0000
  batch 300/329 | loss=0.0781 light=0.0781 mat=0.0000
  batch 310/329 | loss=0.0761 light=0.0761 mat=0.0000
  batch 320/329 | loss=0.0763 light=0.0763 mat=0.0000
  train | loss=0.0809 light=0.0809 mat=0.0000
  val   | loss=0.1270 light=0.1270 mat=0.0000
  -> new best model (val_loss=0.1270)

Epoch 46/50
  batch 10/329 | loss=0.0646 light=0.0646 mat=0.0000
  batch 20/329 | loss=0.0521 light=0.0521 mat=0.0000
  batch 30/329 | loss=0.0884 light=0.0884 mat=0.0000
  batch 40/329 | loss=0.0941 light=0.0941 mat=0.0000
  batch 50/329 | loss=0.0750 light=0.0750 mat=0.0000
  batch 60/329 | loss=0.0824 light=0.0824 mat=0.0000
  batch 70/329 | loss=0.0945 light=0.0945 mat=0.0000
  batch 80/329 | loss=0.1110 light=0.1110 mat=0.0000
  batch 90/329 | loss=0.0758 light=0.0758 mat=0.0000
  batch 100/329 | loss=0.0692 light=0.0692 mat=0.0000
  batch 110/329 | loss=0.1049 light=0.1049 mat=0.0000
  batch 120/329 | loss=0.0889 light=0.0889 mat=0.0000
  batch 130/329 | loss=0.0947 light=0.0947 mat=0.0000
  batch 140/329 | loss=0.0500 light=0.0500 mat=0.0000
  batch 150/329 | loss=0.1072 light=0.1072 mat=0.0000
  batch 160/329 | loss=0.0990 light=0.0990 mat=0.0000
  batch 170/329 | loss=0.0674 light=0.0674 mat=0.0000
  batch 180/329 | loss=0.0933 light=0.0933 mat=0.0000
  batch 190/329 | loss=0.0757 light=0.0757 mat=0.0000
  batch 200/329 | loss=0.1037 light=0.1037 mat=0.0000
  batch 210/329 | loss=0.0923 light=0.0923 mat=0.0000
  batch 220/329 | loss=0.0826 light=0.0826 mat=0.0000
  batch 230/329 | loss=0.0581 light=0.0581 mat=0.0000
  batch 240/329 | loss=0.0826 light=0.0826 mat=0.0000
  batch 250/329 | loss=0.0808 light=0.0808 mat=0.0000
  batch 260/329 | loss=0.0682 light=0.0682 mat=0.0000
  batch 270/329 | loss=0.0707 light=0.0707 mat=0.0000
  batch 280/329 | loss=0.0920 light=0.0920 mat=0.0000
  batch 290/329 | loss=0.0929 light=0.0929 mat=0.0000
  batch 300/329 | loss=0.0887 light=0.0887 mat=0.0000
  batch 310/329 | loss=0.0742 light=0.0742 mat=0.0000
  batch 320/329 | loss=0.0614 light=0.0614 mat=0.0000
  train | loss=0.0805 light=0.0805 mat=0.0000
  val   | loss=0.1278 light=0.1278 mat=0.0000

Epoch 47/50
  batch 10/329 | loss=0.0578 light=0.0578 mat=0.0000
  batch 20/329 | loss=0.0863 light=0.0863 mat=0.0000
  batch 30/329 | loss=0.1180 light=0.1180 mat=0.0000
  batch 40/329 | loss=0.0739 light=0.0739 mat=0.0000
  batch 50/329 | loss=0.0674 light=0.0674 mat=0.0000
  batch 60/329 | loss=0.0760 light=0.0760 mat=0.0000
  batch 70/329 | loss=0.0771 light=0.0771 mat=0.0000
  batch 80/329 | loss=0.0483 light=0.0483 mat=0.0000
  batch 90/329 | loss=0.0868 light=0.0868 mat=0.0000
  batch 100/329 | loss=0.0674 light=0.0674 mat=0.0000
  batch 110/329 | loss=0.0674 light=0.0674 mat=0.0000
  batch 120/329 | loss=0.0996 light=0.0996 mat=0.0000
  batch 130/329 | loss=0.0938 light=0.0938 mat=0.0000
  batch 140/329 | loss=0.0770 light=0.0770 mat=0.0000
  batch 150/329 | loss=0.1042 light=0.1042 mat=0.0000
  batch 160/329 | loss=0.0610 light=0.0610 mat=0.0000
  batch 170/329 | loss=0.0759 light=0.0759 mat=0.0000
  batch 180/329 | loss=0.0628 light=0.0628 mat=0.0000
  batch 190/329 | loss=0.0872 light=0.0872 mat=0.0000
  batch 200/329 | loss=0.0856 light=0.0856 mat=0.0000
  batch 210/329 | loss=0.0896 light=0.0896 mat=0.0000
  batch 220/329 | loss=0.0498 light=0.0498 mat=0.0000
  batch 230/329 | loss=0.1049 light=0.1049 mat=0.0000
  batch 240/329 | loss=0.0712 light=0.0712 mat=0.0000
  batch 250/329 | loss=0.0704 light=0.0704 mat=0.0000
  batch 260/329 | loss=0.0826 light=0.0826 mat=0.0000
  batch 270/329 | loss=0.0848 light=0.0848 mat=0.0000
  batch 280/329 | loss=0.0662 light=0.0662 mat=0.0000
  batch 290/329 | loss=0.0599 light=0.0599 mat=0.0000
  batch 300/329 | loss=0.0768 light=0.0768 mat=0.0000
  batch 310/329 | loss=0.0838 light=0.0838 mat=0.0000
  batch 320/329 | loss=0.0831 light=0.0831 mat=0.0000
  train | loss=0.0807 light=0.0807 mat=0.0000
  val   | loss=0.1272 light=0.1272 mat=0.0000

Epoch 48/50
  batch 10/329 | loss=0.0721 light=0.0721 mat=0.0000
  batch 20/329 | loss=0.0868 light=0.0868 mat=0.0000
  batch 30/329 | loss=0.0755 light=0.0755 mat=0.0000
  batch 40/329 | loss=0.0756 light=0.0756 mat=0.0000
  batch 50/329 | loss=0.0619 light=0.0619 mat=0.0000
  batch 60/329 | loss=0.0687 light=0.0687 mat=0.0000
  batch 70/329 | loss=0.0975 light=0.0975 mat=0.0000
  batch 80/329 | loss=0.0796 light=0.0796 mat=0.0000
  batch 90/329 | loss=0.0989 light=0.0989 mat=0.0000
  batch 100/329 | loss=0.0887 light=0.0887 mat=0.0000
  batch 110/329 | loss=0.0914 light=0.0914 mat=0.0000
  batch 120/329 | loss=0.0904 light=0.0904 mat=0.0000
  batch 130/329 | loss=0.0722 light=0.0722 mat=0.0000
  batch 140/329 | loss=0.0633 light=0.0633 mat=0.0000
  batch 150/329 | loss=0.0453 light=0.0453 mat=0.0000
  batch 160/329 | loss=0.0774 light=0.0774 mat=0.0000
  batch 170/329 | loss=0.0835 light=0.0835 mat=0.0000
  batch 180/329 | loss=0.0849 light=0.0849 mat=0.0000
  batch 190/329 | loss=0.0612 light=0.0612 mat=0.0000
  batch 200/329 | loss=0.0526 light=0.0526 mat=0.0000
  batch 210/329 | loss=0.0702 light=0.0702 mat=0.0000
  batch 220/329 | loss=0.0763 light=0.0763 mat=0.0000
  batch 230/329 | loss=0.0570 light=0.0570 mat=0.0000
  batch 240/329 | loss=0.0716 light=0.0716 mat=0.0000
  batch 250/329 | loss=0.0751 light=0.0751 mat=0.0000
  batch 260/329 | loss=0.1123 light=0.1123 mat=0.0000
  batch 270/329 | loss=0.0943 light=0.0943 mat=0.0000
  batch 280/329 | loss=0.1167 light=0.1167 mat=0.0000
  batch 290/329 | loss=0.0815 light=0.0815 mat=0.0000
  batch 300/329 | loss=0.1189 light=0.1189 mat=0.0000
  batch 310/329 | loss=0.0840 light=0.0840 mat=0.0000
  batch 320/329 | loss=0.0985 light=0.0985 mat=0.0000
  train | loss=0.0806 light=0.0806 mat=0.0000
  val   | loss=0.1271 light=0.1271 mat=0.0000

Epoch 49/50
  batch 10/329 | loss=0.0821 light=0.0821 mat=0.0000
  batch 20/329 | loss=0.0974 light=0.0974 mat=0.0000
  batch 30/329 | loss=0.0891 light=0.0891 mat=0.0000
  batch 40/329 | loss=0.0921 light=0.0921 mat=0.0000
  batch 50/329 | loss=0.0724 light=0.0724 mat=0.0000
  batch 60/329 | loss=0.0604 light=0.0604 mat=0.0000
  batch 70/329 | loss=0.0626 light=0.0626 mat=0.0000
  batch 80/329 | loss=0.0740 light=0.0740 mat=0.0000
  batch 90/329 | loss=0.0784 light=0.0784 mat=0.0000
  batch 100/329 | loss=0.0564 light=0.0564 mat=0.0000
  batch 110/329 | loss=0.0824 light=0.0824 mat=0.0000
  batch 120/329 | loss=0.0786 light=0.0786 mat=0.0000
  batch 130/329 | loss=0.0551 light=0.0551 mat=0.0000
  batch 140/329 | loss=0.0648 light=0.0648 mat=0.0000
  batch 150/329 | loss=0.0633 light=0.0633 mat=0.0000
  batch 160/329 | loss=0.0900 light=0.0900 mat=0.0000
  batch 170/329 | loss=0.0611 light=0.0611 mat=0.0000
  batch 180/329 | loss=0.0858 light=0.0858 mat=0.0000
  batch 190/329 | loss=0.0775 light=0.0775 mat=0.0000
  batch 200/329 | loss=0.0532 light=0.0532 mat=0.0000
  batch 210/329 | loss=0.0760 light=0.0760 mat=0.0000
  batch 220/329 | loss=0.0778 light=0.0778 mat=0.0000
  batch 230/329 | loss=0.0644 light=0.0644 mat=0.0000
  batch 240/329 | loss=0.0868 light=0.0868 mat=0.0000
  batch 250/329 | loss=0.0881 light=0.0881 mat=0.0000
  batch 260/329 | loss=0.0759 light=0.0759 mat=0.0000
  batch 270/329 | loss=0.0825 light=0.0825 mat=0.0000
  batch 280/329 | loss=0.0637 light=0.0637 mat=0.0000
  batch 290/329 | loss=0.0764 light=0.0764 mat=0.0000
  batch 300/329 | loss=0.0798 light=0.0798 mat=0.0000
  batch 310/329 | loss=0.0538 light=0.0538 mat=0.0000
  batch 320/329 | loss=0.0909 light=0.0909 mat=0.0000
  train | loss=0.0803 light=0.0803 mat=0.0000
  val   | loss=0.1282 light=0.1282 mat=0.0000

Epoch 50/50
  batch 10/329 | loss=0.1119 light=0.1119 mat=0.0000
  batch 20/329 | loss=0.0873 light=0.0873 mat=0.0000
  batch 30/329 | loss=0.0660 light=0.0660 mat=0.0000
  batch 40/329 | loss=0.0890 light=0.0890 mat=0.0000
  batch 50/329 | loss=0.0743 light=0.0743 mat=0.0000
  batch 60/329 | loss=0.0749 light=0.0749 mat=0.0000
  batch 70/329 | loss=0.0700 light=0.0700 mat=0.0000
  batch 80/329 | loss=0.0888 light=0.0888 mat=0.0000
  batch 90/329 | loss=0.0804 light=0.0804 mat=0.0000
  batch 100/329 | loss=0.0706 light=0.0706 mat=0.0000
  batch 110/329 | loss=0.0853 light=0.0853 mat=0.0000
  batch 120/329 | loss=0.0733 light=0.0733 mat=0.0000
  batch 130/329 | loss=0.0739 light=0.0739 mat=0.0000
  batch 140/329 | loss=0.0835 light=0.0835 mat=0.0000
  batch 150/329 | loss=0.0702 light=0.0702 mat=0.0000
  batch 160/329 | loss=0.0653 light=0.0653 mat=0.0000
  batch 170/329 | loss=0.0782 light=0.0782 mat=0.0000
  batch 180/329 | loss=0.0675 light=0.0675 mat=0.0000
  batch 190/329 | loss=0.0624 light=0.0624 mat=0.0000
  batch 200/329 | loss=0.1135 light=0.1135 mat=0.0000
  batch 210/329 | loss=0.0729 light=0.0729 mat=0.0000
  batch 220/329 | loss=0.0700 light=0.0700 mat=0.0000
  batch 230/329 | loss=0.0631 light=0.0631 mat=0.0000
  batch 240/329 | loss=0.0830 light=0.0830 mat=0.0000
  batch 250/329 | loss=0.0683 light=0.0683 mat=0.0000
  batch 260/329 | loss=0.0540 light=0.0540 mat=0.0000
  batch 270/329 | loss=0.0734 light=0.0734 mat=0.0000
  batch 280/329 | loss=0.0954 light=0.0954 mat=0.0000
  batch 290/329 | loss=0.0870 light=0.0870 mat=0.0000
  batch 300/329 | loss=0.0869 light=0.0869 mat=0.0000
  batch 310/329 | loss=0.0874 light=0.0874 mat=0.0000
  batch 320/329 | loss=0.0929 light=0.0929 mat=0.0000
  train | loss=0.0802 light=0.0802 mat=0.0000
  val   | loss=0.1271 light=0.1271 mat=0.0000

  Training curves saved to ./models\seed_sweep_102_baseline_curves.png

============================================================
Training multitask model (resnet50)
============================================================

Epoch 1/50
  batch 10/329 | loss=0.7232 light=0.7159 mat=0.0725
  batch 20/329 | loss=0.7265 light=0.7220 mat=0.0446
  batch 30/329 | loss=0.4745 light=0.4702 mat=0.0430
  batch 40/329 | loss=0.4695 light=0.4652 mat=0.0429
  batch 50/329 | loss=0.5623 light=0.5569 mat=0.0536
  batch 60/329 | loss=0.5559 light=0.5503 mat=0.0556
  batch 70/329 | loss=0.4375 light=0.4302 mat=0.0730
  batch 80/329 | loss=0.4890 light=0.4836 mat=0.0535
  batch 90/329 | loss=0.3556 light=0.3505 mat=0.0513
  batch 100/329 | loss=0.3880 light=0.3841 mat=0.0386
  batch 110/329 | loss=0.4690 light=0.4656 mat=0.0340
  batch 120/329 | loss=0.4270 light=0.4223 mat=0.0472
  batch 130/329 | loss=0.3200 light=0.3162 mat=0.0380
  batch 140/329 | loss=0.5135 light=0.5089 mat=0.0455
  batch 150/329 | loss=0.3454 light=0.3416 mat=0.0380
  batch 160/329 | loss=0.3912 light=0.3888 mat=0.0241
  batch 170/329 | loss=0.3812 light=0.3765 mat=0.0463
  batch 180/329 | loss=0.3480 light=0.3439 mat=0.0407
  batch 190/329 | loss=0.4763 light=0.4742 mat=0.0210
  batch 200/329 | loss=0.3924 light=0.3898 mat=0.0269
  batch 210/329 | loss=0.4816 light=0.4782 mat=0.0342
  batch 220/329 | loss=0.4043 light=0.4002 mat=0.0403
  batch 230/329 | loss=0.4156 light=0.4119 mat=0.0370
  batch 240/329 | loss=0.3826 light=0.3789 mat=0.0374
  batch 250/329 | loss=0.3767 light=0.3739 mat=0.0280
  batch 260/329 | loss=0.3962 light=0.3932 mat=0.0302
  batch 270/329 | loss=0.3038 light=0.3007 mat=0.0306
  batch 280/329 | loss=0.3349 light=0.3302 mat=0.0461
  batch 290/329 | loss=0.3476 light=0.3440 mat=0.0352
  batch 300/329 | loss=0.3902 light=0.3869 mat=0.0326
  batch 310/329 | loss=0.3471 light=0.3440 mat=0.0310
  batch 320/329 | loss=0.3337 light=0.3307 mat=0.0292
  train | loss=0.4415 light=0.4375 mat=0.0403
  val   | loss=0.3739 light=0.3713 mat=0.0256 mat_mae=0.0891
  -> new best model (val_loss=0.3739)

Epoch 2/50
  batch 10/329 | loss=0.4907 light=0.4874 mat=0.0329
  batch 20/329 | loss=0.3202 light=0.3162 mat=0.0398
  batch 30/329 | loss=0.6165 light=0.6142 mat=0.0226
  batch 40/329 | loss=0.3538 light=0.3513 mat=0.0257
  batch 50/329 | loss=0.3490 light=0.3459 mat=0.0313
  batch 60/329 | loss=0.3384 light=0.3352 mat=0.0315
  batch 70/329 | loss=0.3904 light=0.3888 mat=0.0165
  batch 80/329 | loss=0.3824 light=0.3800 mat=0.0239
  batch 90/329 | loss=0.3805 light=0.3780 mat=0.0258
  batch 100/329 | loss=0.3395 light=0.3377 mat=0.0186
  batch 110/329 | loss=0.2595 light=0.2570 mat=0.0250
  batch 120/329 | loss=0.3710 light=0.3688 mat=0.0211
  batch 130/329 | loss=0.3389 light=0.3369 mat=0.0195
  batch 140/329 | loss=0.2467 light=0.2448 mat=0.0192
  batch 150/329 | loss=0.3126 light=0.3107 mat=0.0196
  batch 160/329 | loss=0.4104 light=0.4086 mat=0.0182
  batch 170/329 | loss=0.3894 light=0.3870 mat=0.0244
  batch 180/329 | loss=0.2632 light=0.2601 mat=0.0312
  batch 190/329 | loss=0.3283 light=0.3263 mat=0.0200
  batch 200/329 | loss=0.3714 light=0.3684 mat=0.0296
  batch 210/329 | loss=0.3197 light=0.3180 mat=0.0164
  batch 220/329 | loss=0.5170 light=0.5147 mat=0.0228
  batch 230/329 | loss=0.2991 light=0.2965 mat=0.0266
  batch 240/329 | loss=0.2958 light=0.2921 mat=0.0369
  batch 250/329 | loss=0.3417 light=0.3401 mat=0.0163
  batch 260/329 | loss=0.2970 light=0.2952 mat=0.0179
  batch 270/329 | loss=0.3360 light=0.3337 mat=0.0233
  batch 280/329 | loss=0.4372 light=0.4348 mat=0.0244
  batch 290/329 | loss=0.4567 light=0.4549 mat=0.0184
  batch 300/329 | loss=0.3494 light=0.3474 mat=0.0197
  batch 310/329 | loss=0.5632 light=0.5599 mat=0.0330
  batch 320/329 | loss=0.4576 light=0.4559 mat=0.0168
  train | loss=0.3654 light=0.3629 mat=0.0244
  val   | loss=0.3494 light=0.3473 mat=0.0214 mat_mae=0.0747
  -> new best model (val_loss=0.3494)

Epoch 3/50
  batch 10/329 | loss=0.4225 light=0.4186 mat=0.0389
  batch 20/329 | loss=0.4555 light=0.4491 mat=0.0636
  batch 30/329 | loss=0.3924 light=0.3898 mat=0.0268
  batch 40/329 | loss=0.3383 light=0.3368 mat=0.0152
  batch 50/329 | loss=0.3187 light=0.3138 mat=0.0483
  batch 60/329 | loss=0.3280 light=0.3262 mat=0.0177
  batch 70/329 | loss=0.4449 light=0.4419 mat=0.0306
  batch 80/329 | loss=0.3093 light=0.3067 mat=0.0252
  batch 90/329 | loss=0.3628 light=0.3604 mat=0.0232
  batch 100/329 | loss=0.2919 light=0.2906 mat=0.0130
  batch 110/329 | loss=0.4373 light=0.4360 mat=0.0129
  batch 120/329 | loss=0.3541 light=0.3515 mat=0.0259
  batch 130/329 | loss=0.2842 light=0.2810 mat=0.0315
  batch 140/329 | loss=0.2724 light=0.2702 mat=0.0219
  batch 150/329 | loss=0.2936 light=0.2924 mat=0.0112
  batch 160/329 | loss=0.3672 light=0.3650 mat=0.0224
  batch 170/329 | loss=0.3024 light=0.2998 mat=0.0265
  batch 180/329 | loss=0.3103 light=0.3083 mat=0.0192
  batch 190/329 | loss=0.2750 light=0.2727 mat=0.0239
  batch 200/329 | loss=0.2729 light=0.2706 mat=0.0225
  batch 210/329 | loss=0.2807 light=0.2787 mat=0.0197
  batch 220/329 | loss=0.2551 light=0.2530 mat=0.0214
  batch 230/329 | loss=0.2686 light=0.2668 mat=0.0183
  batch 240/329 | loss=0.3344 light=0.3321 mat=0.0228
  batch 250/329 | loss=0.3447 light=0.3422 mat=0.0251
  batch 260/329 | loss=0.2978 light=0.2959 mat=0.0197
  batch 270/329 | loss=0.3375 light=0.3355 mat=0.0196
  batch 280/329 | loss=0.3503 light=0.3484 mat=0.0196
  batch 290/329 | loss=0.3397 light=0.3365 mat=0.0321
  batch 300/329 | loss=0.4120 light=0.4104 mat=0.0162
  batch 310/329 | loss=0.3113 light=0.3099 mat=0.0138
  batch 320/329 | loss=0.3520 light=0.3508 mat=0.0118
  train | loss=0.3351 light=0.3331 mat=0.0203
  val   | loss=0.3397 light=0.3378 mat=0.0197 mat_mae=0.0717
  -> new best model (val_loss=0.3397)

Epoch 4/50
  batch 10/329 | loss=0.2933 light=0.2906 mat=0.0278
  batch 20/329 | loss=0.3126 light=0.3109 mat=0.0169
  batch 30/329 | loss=0.3045 light=0.3030 mat=0.0144
  batch 40/329 | loss=0.2735 light=0.2721 mat=0.0140
  batch 50/329 | loss=0.4366 light=0.4353 mat=0.0136
  batch 60/329 | loss=0.2696 light=0.2677 mat=0.0190
  batch 70/329 | loss=0.4562 light=0.4548 mat=0.0134
  batch 80/329 | loss=0.2560 light=0.2549 mat=0.0110
  batch 90/329 | loss=0.3843 light=0.3826 mat=0.0172
  batch 100/329 | loss=0.2366 light=0.2336 mat=0.0306
  batch 110/329 | loss=0.2723 light=0.2712 mat=0.0107
  batch 120/329 | loss=0.2599 light=0.2589 mat=0.0096
  batch 130/329 | loss=0.4278 light=0.4265 mat=0.0134
  batch 140/329 | loss=0.2972 light=0.2943 mat=0.0285
  batch 150/329 | loss=0.3198 light=0.3179 mat=0.0193
  batch 160/329 | loss=0.3266 light=0.3252 mat=0.0149
  batch 170/329 | loss=0.3076 light=0.3058 mat=0.0181
  batch 180/329 | loss=0.2523 light=0.2509 mat=0.0138
  batch 190/329 | loss=0.3152 light=0.3144 mat=0.0083
  batch 200/329 | loss=0.2379 light=0.2354 mat=0.0255
  batch 210/329 | loss=0.2290 light=0.2278 mat=0.0122
  batch 220/329 | loss=0.2190 light=0.2176 mat=0.0140
  batch 230/329 | loss=0.2857 light=0.2832 mat=0.0255
  batch 240/329 | loss=0.3263 light=0.3251 mat=0.0114
  batch 250/329 | loss=0.2710 light=0.2703 mat=0.0070
  batch 260/329 | loss=0.3137 light=0.3119 mat=0.0185
  batch 270/329 | loss=0.3587 light=0.3577 mat=0.0101
  batch 280/329 | loss=0.1921 light=0.1904 mat=0.0170
  batch 290/329 | loss=0.5000 light=0.4982 mat=0.0175
  batch 300/329 | loss=0.3221 light=0.3207 mat=0.0141
  batch 310/329 | loss=0.3087 light=0.3078 mat=0.0083
  batch 320/329 | loss=0.3119 light=0.3110 mat=0.0093
  train | loss=0.3114 light=0.3097 mat=0.0169
  val   | loss=0.3107 light=0.3094 mat=0.0127 mat_mae=0.0573
  -> new best model (val_loss=0.3107)

Epoch 5/50
  batch 10/329 | loss=0.2648 light=0.2629 mat=0.0189
  batch 20/329 | loss=0.3840 light=0.3825 mat=0.0154
  batch 30/329 | loss=0.2582 light=0.2566 mat=0.0157
  batch 40/329 | loss=0.3187 light=0.3171 mat=0.0157
  batch 50/329 | loss=0.3245 light=0.3228 mat=0.0168
  batch 60/329 | loss=0.2347 light=0.2331 mat=0.0158
  batch 70/329 | loss=0.2849 light=0.2836 mat=0.0133
  batch 80/329 | loss=0.3616 light=0.3604 mat=0.0114
  batch 90/329 | loss=0.3310 light=0.3296 mat=0.0140
  batch 100/329 | loss=0.3120 light=0.3110 mat=0.0096
  batch 110/329 | loss=0.3201 light=0.3182 mat=0.0197
  batch 120/329 | loss=0.2621 light=0.2602 mat=0.0193
  batch 130/329 | loss=0.2585 light=0.2578 mat=0.0061
  batch 140/329 | loss=0.2547 light=0.2535 mat=0.0124
  batch 150/329 | loss=0.2867 light=0.2860 mat=0.0065
  batch 160/329 | loss=0.3351 light=0.3338 mat=0.0123
  batch 170/329 | loss=0.2468 light=0.2444 mat=0.0236
  batch 180/329 | loss=0.3872 light=0.3863 mat=0.0088
  batch 190/329 | loss=0.2963 light=0.2952 mat=0.0104
  batch 200/329 | loss=0.2572 light=0.2556 mat=0.0161
  batch 210/329 | loss=0.4152 light=0.4140 mat=0.0117
  batch 220/329 | loss=0.2545 light=0.2518 mat=0.0277
  batch 230/329 | loss=0.3512 light=0.3492 mat=0.0203
  batch 240/329 | loss=0.3085 light=0.3065 mat=0.0207
  batch 250/329 | loss=0.2165 light=0.2155 mat=0.0104
  batch 260/329 | loss=0.3109 light=0.3097 mat=0.0122
  batch 270/329 | loss=0.2487 light=0.2474 mat=0.0129
  batch 280/329 | loss=0.3368 light=0.3343 mat=0.0248
  batch 290/329 | loss=0.2540 light=0.2526 mat=0.0137
  batch 300/329 | loss=0.3996 light=0.3982 mat=0.0146
  batch 310/329 | loss=0.2411 light=0.2399 mat=0.0123
  batch 320/329 | loss=0.2877 light=0.2863 mat=0.0147
  train | loss=0.2954 light=0.2939 mat=0.0157
  val   | loss=0.3115 light=0.3102 mat=0.0132 mat_mae=0.0552

Epoch 6/50
  batch 10/329 | loss=0.2979 light=0.2972 mat=0.0072
  batch 20/329 | loss=0.2975 light=0.2967 mat=0.0081
  batch 30/329 | loss=0.4000 light=0.3989 mat=0.0109
  batch 40/329 | loss=0.4453 light=0.4438 mat=0.0150
  batch 50/329 | loss=0.2763 light=0.2740 mat=0.0222
  batch 60/329 | loss=0.2735 light=0.2725 mat=0.0103
  batch 70/329 | loss=0.2202 light=0.2185 mat=0.0171
  batch 80/329 | loss=0.3358 light=0.3340 mat=0.0180
  batch 90/329 | loss=0.3064 light=0.3051 mat=0.0124
  batch 100/329 | loss=0.2009 light=0.1997 mat=0.0123
  batch 110/329 | loss=0.2347 light=0.2327 mat=0.0200
  batch 120/329 | loss=0.4294 light=0.4280 mat=0.0145
  batch 130/329 | loss=0.2531 light=0.2508 mat=0.0231
  batch 140/329 | loss=0.2547 light=0.2535 mat=0.0120
  batch 150/329 | loss=0.3470 light=0.3457 mat=0.0124
  batch 160/329 | loss=0.2360 light=0.2351 mat=0.0090
  batch 170/329 | loss=0.3368 light=0.3358 mat=0.0102
  batch 180/329 | loss=0.2861 light=0.2841 mat=0.0192
  batch 190/329 | loss=0.2873 light=0.2864 mat=0.0092
  batch 200/329 | loss=0.2364 light=0.2355 mat=0.0094
  batch 210/329 | loss=0.3261 light=0.3230 mat=0.0305
  batch 220/329 | loss=0.2762 light=0.2752 mat=0.0095
  batch 230/329 | loss=0.3147 light=0.3133 mat=0.0145
  batch 240/329 | loss=0.2398 light=0.2392 mat=0.0060
  batch 250/329 | loss=0.2627 light=0.2619 mat=0.0076
  batch 260/329 | loss=0.2019 light=0.2002 mat=0.0179
  batch 270/329 | loss=0.2139 light=0.2130 mat=0.0089
  batch 280/329 | loss=0.2613 light=0.2596 mat=0.0171
  batch 290/329 | loss=0.2293 light=0.2285 mat=0.0085
  batch 300/329 | loss=0.4045 light=0.4037 mat=0.0085
  batch 310/329 | loss=0.3005 light=0.2979 mat=0.0258
  batch 320/329 | loss=0.2825 light=0.2816 mat=0.0087
  train | loss=0.2832 light=0.2818 mat=0.0141
  val   | loss=0.2949 light=0.2936 mat=0.0137 mat_mae=0.0550
  -> new best model (val_loss=0.2949)

Epoch 7/50
  batch 10/329 | loss=0.2158 light=0.2150 mat=0.0084
  batch 20/329 | loss=0.3423 light=0.3409 mat=0.0147
  batch 30/329 | loss=0.2371 light=0.2364 mat=0.0066
  batch 40/329 | loss=0.3456 light=0.3443 mat=0.0135
  batch 50/329 | loss=0.3003 light=0.2996 mat=0.0073
  batch 60/329 | loss=0.3028 light=0.3015 mat=0.0133
  batch 70/329 | loss=0.2358 light=0.2342 mat=0.0162
  batch 80/329 | loss=0.3698 light=0.3684 mat=0.0138
  batch 90/329 | loss=0.2159 light=0.2149 mat=0.0106
  batch 100/329 | loss=0.2494 light=0.2486 mat=0.0079
  batch 110/329 | loss=0.2588 light=0.2573 mat=0.0150
  batch 120/329 | loss=0.3525 light=0.3514 mat=0.0109
  batch 130/329 | loss=0.2437 light=0.2426 mat=0.0110
  batch 140/329 | loss=0.2152 light=0.2141 mat=0.0112
  batch 150/329 | loss=0.2641 light=0.2633 mat=0.0081
  batch 160/329 | loss=0.2757 light=0.2736 mat=0.0205
  batch 170/329 | loss=0.2033 light=0.2011 mat=0.0219
  batch 180/329 | loss=0.2330 light=0.2317 mat=0.0130
  batch 190/329 | loss=0.2209 light=0.2203 mat=0.0063
  batch 200/329 | loss=0.2512 light=0.2500 mat=0.0116
  batch 210/329 | loss=0.2679 light=0.2664 mat=0.0150
  batch 220/329 | loss=0.2627 light=0.2615 mat=0.0124
  batch 230/329 | loss=0.2413 light=0.2403 mat=0.0099
  batch 240/329 | loss=0.1635 light=0.1619 mat=0.0159
  batch 250/329 | loss=0.2087 light=0.2068 mat=0.0188
  batch 260/329 | loss=0.3025 light=0.3014 mat=0.0106
  batch 270/329 | loss=0.3507 light=0.3498 mat=0.0089
  batch 280/329 | loss=0.2871 light=0.2854 mat=0.0167
  batch 290/329 | loss=0.1815 light=0.1801 mat=0.0132
  batch 300/329 | loss=0.2893 light=0.2881 mat=0.0125
  batch 310/329 | loss=0.2924 light=0.2909 mat=0.0148
  batch 320/329 | loss=0.5431 light=0.5421 mat=0.0099
  train | loss=0.2680 light=0.2667 mat=0.0126
  val   | loss=0.2946 light=0.2933 mat=0.0122 mat_mae=0.0512
  -> new best model (val_loss=0.2946)

Epoch 8/50
  batch 10/329 | loss=0.2319 light=0.2295 mat=0.0244
  batch 20/329 | loss=0.3163 light=0.3144 mat=0.0195
  batch 30/329 | loss=0.2815 light=0.2806 mat=0.0086
  batch 40/329 | loss=0.3232 light=0.3214 mat=0.0181
  batch 50/329 | loss=0.1519 light=0.1496 mat=0.0229
  batch 60/329 | loss=0.2375 light=0.2369 mat=0.0068
  batch 70/329 | loss=0.4047 light=0.4033 mat=0.0147
  batch 80/329 | loss=0.2738 light=0.2717 mat=0.0213
  batch 90/329 | loss=0.1747 light=0.1722 mat=0.0254
  batch 100/329 | loss=0.2099 light=0.2084 mat=0.0144
  batch 110/329 | loss=0.2548 light=0.2528 mat=0.0196
  batch 120/329 | loss=0.3188 light=0.3174 mat=0.0138
  batch 130/329 | loss=0.2008 light=0.1995 mat=0.0132
  batch 140/329 | loss=0.1976 light=0.1969 mat=0.0071
  batch 150/329 | loss=0.3695 light=0.3684 mat=0.0110
  batch 160/329 | loss=0.2131 light=0.2112 mat=0.0194
  batch 170/329 | loss=0.2329 light=0.2319 mat=0.0104
  batch 180/329 | loss=0.3524 light=0.3500 mat=0.0238
  batch 190/329 | loss=0.2354 light=0.2342 mat=0.0113
  batch 200/329 | loss=0.3127 light=0.3112 mat=0.0157
  batch 210/329 | loss=0.2872 light=0.2866 mat=0.0069
  batch 220/329 | loss=0.3549 light=0.3537 mat=0.0116
  batch 230/329 | loss=0.2118 light=0.2106 mat=0.0122
  batch 240/329 | loss=0.2374 light=0.2343 mat=0.0312
  batch 250/329 | loss=0.2097 light=0.2076 mat=0.0216
  batch 260/329 | loss=0.3333 light=0.3320 mat=0.0125
  batch 270/329 | loss=0.3785 light=0.3767 mat=0.0186
  batch 280/329 | loss=0.2865 light=0.2854 mat=0.0109
  batch 290/329 | loss=0.3721 light=0.3714 mat=0.0078
  batch 300/329 | loss=0.3194 light=0.3183 mat=0.0116
  batch 310/329 | loss=0.2078 light=0.2071 mat=0.0070
  batch 320/329 | loss=0.3499 light=0.3487 mat=0.0128
  train | loss=0.2598 light=0.2585 mat=0.0131
  val   | loss=0.2792 light=0.2782 mat=0.0103 mat_mae=0.0474
  -> new best model (val_loss=0.2792)

Epoch 9/50
  batch 10/329 | loss=0.2174 light=0.2156 mat=0.0181
  batch 20/329 | loss=0.2458 light=0.2447 mat=0.0114
  batch 30/329 | loss=0.2431 light=0.2416 mat=0.0152
  batch 40/329 | loss=0.2139 light=0.2131 mat=0.0078
  batch 50/329 | loss=0.1713 light=0.1697 mat=0.0163
  batch 60/329 | loss=0.2114 light=0.2104 mat=0.0100
  batch 70/329 | loss=0.1700 light=0.1696 mat=0.0049
  batch 80/329 | loss=0.2589 light=0.2577 mat=0.0116
  batch 90/329 | loss=0.1872 light=0.1861 mat=0.0111
  batch 100/329 | loss=0.2408 light=0.2399 mat=0.0092
  batch 110/329 | loss=0.1949 light=0.1937 mat=0.0114
  batch 120/329 | loss=0.2064 light=0.2049 mat=0.0149
  batch 130/329 | loss=0.2927 light=0.2914 mat=0.0126
  batch 140/329 | loss=0.2863 light=0.2849 mat=0.0140
  batch 150/329 | loss=0.2148 light=0.2138 mat=0.0101
  batch 160/329 | loss=0.3065 light=0.3046 mat=0.0183
  batch 170/329 | loss=0.2820 light=0.2810 mat=0.0107
  batch 180/329 | loss=0.3198 light=0.3183 mat=0.0154
  batch 190/329 | loss=0.1898 light=0.1879 mat=0.0192
  batch 200/329 | loss=0.2839 light=0.2822 mat=0.0161
  batch 210/329 | loss=0.3393 light=0.3385 mat=0.0082
  batch 220/329 | loss=0.2298 light=0.2295 mat=0.0038
  batch 230/329 | loss=0.2328 light=0.2320 mat=0.0080
  batch 240/329 | loss=0.2546 light=0.2531 mat=0.0150
  batch 250/329 | loss=0.1865 light=0.1857 mat=0.0080
  batch 260/329 | loss=0.2161 light=0.2147 mat=0.0143
  batch 270/329 | loss=0.2137 light=0.2126 mat=0.0118
  batch 280/329 | loss=0.2190 light=0.2183 mat=0.0062
  batch 290/329 | loss=0.2248 light=0.2242 mat=0.0054
  batch 300/329 | loss=0.2032 light=0.2019 mat=0.0129
  batch 310/329 | loss=0.3183 light=0.3174 mat=0.0090
  batch 320/329 | loss=0.2315 light=0.2302 mat=0.0139
  train | loss=0.2494 light=0.2482 mat=0.0118
  val   | loss=0.2760 light=0.2747 mat=0.0128 mat_mae=0.0538
  -> new best model (val_loss=0.2760)

Epoch 10/50
  batch 10/329 | loss=0.3878 light=0.3851 mat=0.0265
  batch 20/329 | loss=0.2240 light=0.2235 mat=0.0052
  batch 30/329 | loss=0.2151 light=0.2140 mat=0.0116
  batch 40/329 | loss=0.2068 light=0.2060 mat=0.0084
  batch 50/329 | loss=0.2045 light=0.2005 mat=0.0395
  batch 60/329 | loss=0.2135 light=0.2122 mat=0.0129
  batch 70/329 | loss=0.3289 light=0.3242 mat=0.0469
  batch 80/329 | loss=0.2559 light=0.2549 mat=0.0101
  batch 90/329 | loss=0.2066 light=0.2056 mat=0.0102
  batch 100/329 | loss=0.2616 light=0.2608 mat=0.0086
  batch 110/329 | loss=0.3210 light=0.3194 mat=0.0162
  batch 120/329 | loss=0.1914 light=0.1898 mat=0.0160
  batch 130/329 | loss=0.2413 light=0.2403 mat=0.0097
  batch 140/329 | loss=0.2073 light=0.2066 mat=0.0072
  batch 150/329 | loss=0.1903 light=0.1893 mat=0.0100
  batch 160/329 | loss=0.2513 light=0.2490 mat=0.0229
  batch 170/329 | loss=0.3021 light=0.3015 mat=0.0058
  batch 180/329 | loss=0.2208 light=0.2201 mat=0.0067
  batch 190/329 | loss=0.1817 light=0.1811 mat=0.0059
  batch 200/329 | loss=0.2441 light=0.2434 mat=0.0072
  batch 210/329 | loss=0.1862 light=0.1858 mat=0.0046
  batch 220/329 | loss=0.2674 light=0.2664 mat=0.0099
  batch 230/329 | loss=0.2432 light=0.2423 mat=0.0091
  batch 240/329 | loss=0.1783 light=0.1765 mat=0.0176
  batch 250/329 | loss=0.2973 light=0.2967 mat=0.0055
  batch 260/329 | loss=0.2250 light=0.2241 mat=0.0085
  batch 270/329 | loss=0.2315 light=0.2299 mat=0.0162
  batch 280/329 | loss=0.2703 light=0.2695 mat=0.0071
  batch 290/329 | loss=0.2306 light=0.2303 mat=0.0035
  batch 300/329 | loss=0.1865 light=0.1854 mat=0.0111
  batch 310/329 | loss=0.2195 light=0.2182 mat=0.0136
  batch 320/329 | loss=0.1928 light=0.1917 mat=0.0116
  train | loss=0.2418 light=0.2408 mat=0.0108
  val   | loss=0.2697 light=0.2685 mat=0.0117 mat_mae=0.0471
  -> new best model (val_loss=0.2697)

Epoch 11/50
  batch 10/329 | loss=0.4259 light=0.4246 mat=0.0131
  batch 20/329 | loss=0.2243 light=0.2229 mat=0.0138
  batch 30/329 | loss=0.1790 light=0.1780 mat=0.0095
  batch 40/329 | loss=0.1915 light=0.1908 mat=0.0065
  batch 50/329 | loss=0.2118 light=0.2107 mat=0.0109
  batch 60/329 | loss=0.2375 light=0.2370 mat=0.0046
  batch 70/329 | loss=0.2255 light=0.2240 mat=0.0158
  batch 80/329 | loss=0.2811 light=0.2804 mat=0.0070
  batch 90/329 | loss=0.1779 light=0.1767 mat=0.0117
  batch 100/329 | loss=0.2900 light=0.2888 mat=0.0118
  batch 110/329 | loss=0.2419 light=0.2404 mat=0.0154
  batch 120/329 | loss=0.1678 light=0.1662 mat=0.0164
  batch 130/329 | loss=0.1829 light=0.1819 mat=0.0096
  batch 140/329 | loss=0.2885 light=0.2876 mat=0.0087
  batch 150/329 | loss=0.2773 light=0.2763 mat=0.0106
  batch 160/329 | loss=0.2513 light=0.2506 mat=0.0074
  batch 170/329 | loss=0.3078 light=0.3071 mat=0.0072
  batch 180/329 | loss=0.2279 light=0.2270 mat=0.0089
  batch 190/329 | loss=0.2140 light=0.2135 mat=0.0046
  batch 200/329 | loss=0.1821 light=0.1815 mat=0.0061
  batch 210/329 | loss=0.2450 light=0.2437 mat=0.0128
  batch 220/329 | loss=0.1847 light=0.1839 mat=0.0083
  batch 230/329 | loss=0.2036 light=0.2019 mat=0.0170
  batch 240/329 | loss=0.1906 light=0.1901 mat=0.0053
  batch 250/329 | loss=0.1906 light=0.1894 mat=0.0124
  batch 260/329 | loss=0.3190 light=0.3183 mat=0.0064
  batch 270/329 | loss=0.2357 light=0.2353 mat=0.0049
  batch 280/329 | loss=0.1748 light=0.1742 mat=0.0054
  batch 290/329 | loss=0.2182 light=0.2172 mat=0.0099
  batch 300/329 | loss=0.2482 light=0.2477 mat=0.0051
  batch 310/329 | loss=0.2318 light=0.2306 mat=0.0118
  batch 320/329 | loss=0.2991 light=0.2980 mat=0.0101
  train | loss=0.2355 light=0.2345 mat=0.0104
  val   | loss=0.2661 light=0.2651 mat=0.0100 mat_mae=0.0457
  -> new best model (val_loss=0.2661)

Epoch 12/50
  batch 10/329 | loss=0.1775 light=0.1769 mat=0.0060
  batch 20/329 | loss=0.1899 light=0.1895 mat=0.0041
  batch 30/329 | loss=0.1712 light=0.1706 mat=0.0062
  batch 40/329 | loss=0.1560 light=0.1551 mat=0.0093
  batch 50/329 | loss=0.2881 light=0.2868 mat=0.0131
  batch 60/329 | loss=0.2809 light=0.2803 mat=0.0063
  batch 70/329 | loss=0.2458 light=0.2426 mat=0.0321
  batch 80/329 | loss=0.2815 light=0.2807 mat=0.0084
  batch 90/329 | loss=0.1996 light=0.1989 mat=0.0069
  batch 100/329 | loss=0.2228 light=0.2219 mat=0.0090
  batch 110/329 | loss=0.2475 light=0.2469 mat=0.0064
  batch 120/329 | loss=0.2027 light=0.2019 mat=0.0081
  batch 130/329 | loss=0.1835 light=0.1830 mat=0.0047
  batch 140/329 | loss=0.1683 light=0.1678 mat=0.0055
  batch 150/329 | loss=0.2021 light=0.2011 mat=0.0101
  batch 160/329 | loss=0.2337 light=0.2329 mat=0.0076
  batch 170/329 | loss=0.2353 light=0.2342 mat=0.0108
  batch 180/329 | loss=0.2220 light=0.2206 mat=0.0137
  batch 190/329 | loss=0.2362 light=0.2355 mat=0.0072
  batch 200/329 | loss=0.1825 light=0.1798 mat=0.0263
  batch 210/329 | loss=0.1696 light=0.1691 mat=0.0055
  batch 220/329 | loss=0.2398 light=0.2390 mat=0.0082
  batch 230/329 | loss=0.2058 light=0.2050 mat=0.0080
  batch 240/329 | loss=0.1902 light=0.1894 mat=0.0085
  batch 250/329 | loss=0.2243 light=0.2237 mat=0.0059
  batch 260/329 | loss=0.1757 light=0.1748 mat=0.0092
  batch 270/329 | loss=0.2218 light=0.2206 mat=0.0119
  batch 280/329 | loss=0.2243 light=0.2231 mat=0.0121
  batch 290/329 | loss=0.1626 light=0.1616 mat=0.0093
  batch 300/329 | loss=0.2123 light=0.2115 mat=0.0075
  batch 310/329 | loss=0.2769 light=0.2761 mat=0.0081
  batch 320/329 | loss=0.2105 light=0.2094 mat=0.0108
  train | loss=0.2279 light=0.2269 mat=0.0097
  val   | loss=0.2593 light=0.2582 mat=0.0110 mat_mae=0.0451
  -> new best model (val_loss=0.2593)

Epoch 13/50
  batch 10/329 | loss=0.2572 light=0.2544 mat=0.0275
  batch 20/329 | loss=0.2074 light=0.2068 mat=0.0056
  batch 30/329 | loss=0.2580 light=0.2575 mat=0.0053
  batch 40/329 | loss=0.2106 light=0.2097 mat=0.0082
  batch 50/329 | loss=0.1553 light=0.1536 mat=0.0167
  batch 60/329 | loss=0.2102 light=0.2097 mat=0.0052
  batch 70/329 | loss=0.1637 light=0.1630 mat=0.0076
  batch 80/329 | loss=0.2006 light=0.1999 mat=0.0069
  batch 90/329 | loss=0.2036 light=0.2029 mat=0.0070
  batch 100/329 | loss=0.2087 light=0.2070 mat=0.0178
  batch 110/329 | loss=0.1926 light=0.1918 mat=0.0080
  batch 120/329 | loss=0.1695 light=0.1684 mat=0.0109
  batch 130/329 | loss=0.2217 light=0.2211 mat=0.0067
  batch 140/329 | loss=0.1875 light=0.1866 mat=0.0089
  batch 150/329 | loss=0.1425 light=0.1412 mat=0.0130
  batch 160/329 | loss=0.2122 light=0.2118 mat=0.0046
  batch 170/329 | loss=0.1812 light=0.1803 mat=0.0091
  batch 180/329 | loss=0.2156 light=0.2141 mat=0.0148
  batch 190/329 | loss=0.1889 light=0.1886 mat=0.0033
  batch 200/329 | loss=0.2216 light=0.2206 mat=0.0102
  batch 210/329 | loss=0.1554 light=0.1539 mat=0.0141
  batch 220/329 | loss=0.1607 light=0.1602 mat=0.0047
  batch 230/329 | loss=0.2236 light=0.2226 mat=0.0094
  batch 240/329 | loss=0.2020 light=0.2008 mat=0.0120
  batch 250/329 | loss=0.2915 light=0.2908 mat=0.0067
  batch 260/329 | loss=0.1943 light=0.1928 mat=0.0145
  batch 270/329 | loss=0.2397 light=0.2383 mat=0.0136
  batch 280/329 | loss=0.2748 light=0.2742 mat=0.0057
  batch 290/329 | loss=0.2377 light=0.2369 mat=0.0071
  batch 300/329 | loss=0.2634 light=0.2620 mat=0.0140
  batch 310/329 | loss=0.1927 light=0.1917 mat=0.0101
  batch 320/329 | loss=0.2273 light=0.2266 mat=0.0070
  train | loss=0.2227 light=0.2217 mat=0.0095
  val   | loss=0.2553 light=0.2543 mat=0.0105 mat_mae=0.0457
  -> new best model (val_loss=0.2553)

Epoch 14/50
  batch 10/329 | loss=0.2297 light=0.2288 mat=0.0094
  batch 20/329 | loss=0.2148 light=0.2139 mat=0.0095
  batch 30/329 | loss=0.2494 light=0.2486 mat=0.0074
  batch 40/329 | loss=0.2307 light=0.2299 mat=0.0073
  batch 50/329 | loss=0.2073 light=0.2066 mat=0.0072
  batch 60/329 | loss=0.2112 light=0.2099 mat=0.0130
  batch 70/329 | loss=0.2103 light=0.2091 mat=0.0127
  batch 80/329 | loss=0.2772 light=0.2750 mat=0.0218
  batch 90/329 | loss=0.1409 light=0.1401 mat=0.0081
  batch 100/329 | loss=0.1714 light=0.1705 mat=0.0093
  batch 110/329 | loss=0.3585 light=0.3575 mat=0.0101
  batch 120/329 | loss=0.2040 light=0.2036 mat=0.0038
  batch 130/329 | loss=0.4187 light=0.4173 mat=0.0144
  batch 140/329 | loss=0.2116 light=0.2109 mat=0.0073
  batch 150/329 | loss=0.2406 light=0.2400 mat=0.0063
  batch 160/329 | loss=0.2679 light=0.2675 mat=0.0043
  batch 170/329 | loss=0.2417 light=0.2408 mat=0.0093
  batch 180/329 | loss=0.3435 light=0.3417 mat=0.0171
  batch 190/329 | loss=0.2048 light=0.2044 mat=0.0041
  batch 200/329 | loss=0.2559 light=0.2546 mat=0.0123
  batch 210/329 | loss=0.1410 light=0.1404 mat=0.0052
  batch 220/329 | loss=0.1665 light=0.1658 mat=0.0066
  batch 230/329 | loss=0.3129 light=0.3107 mat=0.0211
  batch 240/329 | loss=0.1837 light=0.1832 mat=0.0054
  batch 250/329 | loss=0.3131 light=0.3124 mat=0.0075
  batch 260/329 | loss=0.2211 light=0.2205 mat=0.0054
  batch 270/329 | loss=0.2702 light=0.2696 mat=0.0062
  batch 280/329 | loss=0.2349 light=0.2336 mat=0.0123
  batch 290/329 | loss=0.2066 light=0.2054 mat=0.0117
  batch 300/329 | loss=0.2497 light=0.2483 mat=0.0136
  batch 310/329 | loss=0.2584 light=0.2576 mat=0.0078
  batch 320/329 | loss=0.1842 light=0.1817 mat=0.0249
  train | loss=0.2181 light=0.2171 mat=0.0093
  val   | loss=0.2625 light=0.2614 mat=0.0115 mat_mae=0.0502

Epoch 15/50
  batch 10/329 | loss=0.2515 light=0.2494 mat=0.0209
  batch 20/329 | loss=0.2727 light=0.2717 mat=0.0105
  batch 30/329 | loss=0.2155 light=0.2143 mat=0.0125
  batch 40/329 | loss=0.1417 light=0.1397 mat=0.0196
  batch 50/329 | loss=0.1929 light=0.1921 mat=0.0081
  batch 60/329 | loss=0.2579 light=0.2566 mat=0.0130
  batch 70/329 | loss=0.1535 light=0.1529 mat=0.0063
  batch 80/329 | loss=0.1900 light=0.1888 mat=0.0118
  batch 90/329 | loss=0.1564 light=0.1550 mat=0.0138
  batch 100/329 | loss=0.2268 light=0.2262 mat=0.0056
  batch 110/329 | loss=0.1255 light=0.1246 mat=0.0095
  batch 120/329 | loss=0.1987 light=0.1981 mat=0.0059
  batch 130/329 | loss=0.2658 light=0.2647 mat=0.0110
  batch 140/329 | loss=0.1934 light=0.1920 mat=0.0141
  batch 150/329 | loss=0.1774 light=0.1766 mat=0.0077
  batch 160/329 | loss=0.1670 light=0.1653 mat=0.0163
  batch 170/329 | loss=0.2034 light=0.2023 mat=0.0104
  batch 180/329 | loss=0.2471 light=0.2465 mat=0.0058
  batch 190/329 | loss=0.2098 light=0.2092 mat=0.0064
  batch 200/329 | loss=0.2284 light=0.2277 mat=0.0071
  batch 210/329 | loss=0.1938 light=0.1931 mat=0.0074
  batch 220/329 | loss=0.1863 light=0.1852 mat=0.0104
  batch 230/329 | loss=0.1398 light=0.1393 mat=0.0053
  batch 240/329 | loss=0.2423 light=0.2414 mat=0.0094
  batch 250/329 | loss=0.2953 light=0.2946 mat=0.0077
  batch 260/329 | loss=0.1991 light=0.1976 mat=0.0149
  batch 270/329 | loss=0.2238 light=0.2230 mat=0.0078
  batch 280/329 | loss=0.1697 light=0.1693 mat=0.0044
  batch 290/329 | loss=0.1980 light=0.1970 mat=0.0102
  batch 300/329 | loss=0.2007 light=0.1998 mat=0.0089C:\Program Files\Python314\Lib\site-packages\torchvision\models\_utils.py:208: UserWarning: The parameter 'pretrained' is deprecated since 0.13 and may be removed in the future, please use 'weights' instead.
  warnings.warn(
C:\Program Files\Python314\Lib\site-packages\torchvision\models\_utils.py:223: UserWarning: Arguments other than a weight enum or `None` for 'weights' are deprecated since 0.13 and may be removed in the future. The current behavior is equivalent to passing `weights=AlexNet_Weights.IMAGENET1K_V1`. You can also use `weights=AlexNet_Weights.DEFAULT` to get the most up-to-date weights.
  warnings.warn(msg)

  batch 310/329 | loss=0.1701 light=0.1692 mat=0.0088
  batch 320/329 | loss=0.1763 light=0.1752 mat=0.0116
  train | loss=0.2134 light=0.2124 mat=0.0103
  val   | loss=0.2564 light=0.2553 mat=0.0104 mat_mae=0.0460

Epoch 16/50
  batch 10/329 | loss=0.1535 light=0.1529 mat=0.0060
  batch 20/329 | loss=0.2165 light=0.2157 mat=0.0081
  batch 30/329 | loss=0.2228 light=0.2216 mat=0.0121
  batch 40/329 | loss=0.1631 light=0.1624 mat=0.0062
  batch 50/329 | loss=0.1965 light=0.1952 mat=0.0123
  batch 60/329 | loss=0.1962 light=0.1956 mat=0.0060
  batch 70/329 | loss=0.1389 light=0.1381 mat=0.0080
  batch 80/329 | loss=0.2848 light=0.2841 mat=0.0068
  batch 90/329 | loss=0.2281 light=0.2273 mat=0.0085
  batch 100/329 | loss=0.2236 light=0.2220 mat=0.0151
  batch 110/329 | loss=0.1674 light=0.1665 mat=0.0089
  batch 120/329 | loss=0.1496 light=0.1484 mat=0.0114
  batch 130/329 | loss=0.2134 light=0.2126 mat=0.0078
  batch 140/329 | loss=0.2492 light=0.2487 mat=0.0054
  batch 150/329 | loss=0.1855 light=0.1847 mat=0.0090
  batch 160/329 | loss=0.1479 light=0.1469 mat=0.0093
  batch 170/329 | loss=0.2779 light=0.2769 mat=0.0100
  batch 180/329 | loss=0.2264 light=0.2259 mat=0.0045
  batch 190/329 | loss=0.2629 light=0.2624 mat=0.0052
  batch 200/329 | loss=0.2131 light=0.2126 mat=0.0051
  batch 210/329 | loss=0.1941 light=0.1937 mat=0.0039
  batch 220/329 | loss=0.1787 light=0.1768 mat=0.0195
  batch 230/329 | loss=0.2012 light=0.2004 mat=0.0081
  batch 240/329 | loss=0.3519 light=0.3512 mat=0.0069
  batch 250/329 | loss=0.1460 light=0.1454 mat=0.0061
  batch 260/329 | loss=0.1915 light=0.1902 mat=0.0130
  batch 270/329 | loss=0.2017 light=0.2014 mat=0.0032
  batch 280/329 | loss=0.1809 light=0.1804 mat=0.0048
  batch 290/329 | loss=0.1884 light=0.1872 mat=0.0127
  batch 300/329 | loss=0.2160 light=0.2149 mat=0.0112
  batch 310/329 | loss=0.1496 light=0.1489 mat=0.0065
  batch 320/329 | loss=0.1580 light=0.1573 mat=0.0076
  train | loss=0.2064 light=0.2056 mat=0.0087
  val   | loss=0.2521 light=0.2512 mat=0.0093 mat_mae=0.0428
  -> new best model (val_loss=0.2521)

Epoch 17/50
  batch 10/329 | loss=0.1705 light=0.1698 mat=0.0064
  batch 20/329 | loss=0.1799 light=0.1791 mat=0.0086
  batch 30/329 | loss=0.2033 light=0.2022 mat=0.0107
  batch 40/329 | loss=0.1530 light=0.1524 mat=0.0061
  batch 50/329 | loss=0.1739 light=0.1731 mat=0.0077
  batch 60/329 | loss=0.1787 light=0.1777 mat=0.0100
  batch 70/329 | loss=0.2002 light=0.1995 mat=0.0072
  batch 80/329 | loss=0.1926 light=0.1920 mat=0.0066
  batch 90/329 | loss=0.1760 light=0.1754 mat=0.0060
  batch 100/329 | loss=0.1944 light=0.1937 mat=0.0072
  batch 110/329 | loss=0.2387 light=0.2380 mat=0.0066
  batch 120/329 | loss=0.2257 light=0.2249 mat=0.0077
  batch 130/329 | loss=0.2144 light=0.2140 mat=0.0049
  batch 140/329 | loss=0.2690 light=0.2686 mat=0.0044
  batch 150/329 | loss=0.2636 light=0.2615 mat=0.0218
  batch 160/329 | loss=0.1235 light=0.1226 mat=0.0087
  batch 170/329 | loss=0.1691 light=0.1682 mat=0.0093
  batch 180/329 | loss=0.2746 light=0.2738 mat=0.0076
  batch 190/329 | loss=0.1648 light=0.1642 mat=0.0060
  batch 200/329 | loss=0.2265 light=0.2258 mat=0.0075
  batch 210/329 | loss=0.2508 light=0.2499 mat=0.0081
  batch 220/329 | loss=0.1769 light=0.1758 mat=0.0106
  batch 230/329 | loss=0.2352 light=0.2346 mat=0.0065
  batch 240/329 | loss=0.2971 light=0.2965 mat=0.0060
  batch 250/329 | loss=0.1355 light=0.1350 mat=0.0044
  batch 260/329 | loss=0.2658 light=0.2652 mat=0.0066
  batch 270/329 | loss=0.2618 light=0.2613 mat=0.0052
  batch 280/329 | loss=0.1706 light=0.1701 mat=0.0051
  batch 290/329 | loss=0.1749 light=0.1739 mat=0.0097
  batch 300/329 | loss=0.2390 light=0.2383 mat=0.0074
  batch 310/329 | loss=0.1552 light=0.1548 mat=0.0040
  batch 320/329 | loss=0.1467 light=0.1463 mat=0.0035
  train | loss=0.2018 light=0.2009 mat=0.0084
  val   | loss=0.2483 light=0.2474 mat=0.0088 mat_mae=0.0408
  -> new best model (val_loss=0.2483)

Epoch 18/50
  batch 10/329 | loss=0.1609 light=0.1602 mat=0.0075
  batch 20/329 | loss=0.2044 light=0.2038 mat=0.0064
  batch 30/329 | loss=0.1531 light=0.1524 mat=0.0069
  batch 40/329 | loss=0.2612 light=0.2599 mat=0.0128
  batch 50/329 | loss=0.1397 light=0.1390 mat=0.0066
  batch 60/329 | loss=0.1526 light=0.1519 mat=0.0072
  batch 70/329 | loss=0.1589 light=0.1583 mat=0.0063
  batch 80/329 | loss=0.1286 light=0.1282 mat=0.0050
  batch 90/329 | loss=0.1678 light=0.1671 mat=0.0072
  batch 100/329 | loss=0.2295 light=0.2289 mat=0.0068
  batch 110/329 | loss=0.1486 light=0.1478 mat=0.0076
  batch 120/329 | loss=0.1921 light=0.1915 mat=0.0061
  batch 130/329 | loss=0.1766 light=0.1758 mat=0.0079
  batch 140/329 | loss=0.2220 light=0.2216 mat=0.0038
  batch 150/329 | loss=0.1739 light=0.1727 mat=0.0114
  batch 160/329 | loss=0.2637 light=0.2632 mat=0.0048
  batch 170/329 | loss=0.1911 light=0.1895 mat=0.0163
  batch 180/329 | loss=0.2191 light=0.2185 mat=0.0062
  batch 190/329 | loss=0.2070 light=0.2062 mat=0.0081
  batch 200/329 | loss=0.1868 light=0.1862 mat=0.0068
  batch 210/329 | loss=0.1864 light=0.1859 mat=0.0048
  batch 220/329 | loss=0.2314 light=0.2303 mat=0.0108
  batch 230/329 | loss=0.1874 light=0.1865 mat=0.0085
  batch 240/329 | loss=0.2389 light=0.2374 mat=0.0145
  batch 250/329 | loss=0.2743 light=0.2737 mat=0.0058
  batch 260/329 | loss=0.1403 light=0.1398 mat=0.0050
  batch 270/329 | loss=0.1998 light=0.1992 mat=0.0061
  batch 280/329 | loss=0.1787 light=0.1772 mat=0.0154
  batch 290/329 | loss=0.1484 light=0.1478 mat=0.0057
  batch 300/329 | loss=0.1720 light=0.1713 mat=0.0072
  batch 310/329 | loss=0.2060 light=0.2052 mat=0.0072
  batch 320/329 | loss=0.2119 light=0.2114 mat=0.0054
  train | loss=0.1991 light=0.1983 mat=0.0084
  val   | loss=0.2422 light=0.2414 mat=0.0086 mat_mae=0.0410
  -> new best model (val_loss=0.2422)

Epoch 19/50
  batch 10/329 | loss=0.1934 light=0.1927 mat=0.0066
  batch 20/329 | loss=0.2930 light=0.2921 mat=0.0087
  batch 30/329 | loss=0.1661 light=0.1655 mat=0.0055
  batch 40/329 | loss=0.1713 light=0.1707 mat=0.0064
  batch 50/329 | loss=0.1980 light=0.1978 mat=0.0029
  batch 60/329 | loss=0.1554 light=0.1547 mat=0.0074
  batch 70/329 | loss=0.1483 light=0.1474 mat=0.0088
  batch 80/329 | loss=0.2019 light=0.2000 mat=0.0183
  batch 90/329 | loss=0.1473 light=0.1466 mat=0.0063
  batch 100/329 | loss=0.1441 light=0.1433 mat=0.0076
  batch 110/329 | loss=0.1697 light=0.1684 mat=0.0131
  batch 120/329 | loss=0.2037 light=0.2026 mat=0.0108
  batch 130/329 | loss=0.2621 light=0.2611 mat=0.0091
  batch 140/329 | loss=0.2149 light=0.2139 mat=0.0103
  batch 150/329 | loss=0.2939 light=0.2930 mat=0.0090
  batch 160/329 | loss=0.1669 light=0.1660 mat=0.0083
  batch 170/329 | loss=0.3054 light=0.3048 mat=0.0052
  batch 180/329 | loss=0.1751 light=0.1740 mat=0.0105
  batch 190/329 | loss=0.1731 light=0.1724 mat=0.0068
  batch 200/329 | loss=0.2358 light=0.2349 mat=0.0097
  batch 210/329 | loss=0.1910 light=0.1903 mat=0.0070
  batch 220/329 | loss=0.2112 light=0.2107 mat=0.0054
  batch 230/329 | loss=0.1429 light=0.1423 mat=0.0059
  batch 240/329 | loss=0.1615 light=0.1610 mat=0.0048
  batch 250/329 | loss=0.1955 light=0.1951 mat=0.0044
  batch 260/329 | loss=0.2735 light=0.2727 mat=0.0078
  batch 270/329 | loss=0.1354 light=0.1349 mat=0.0057
  batch 280/329 | loss=0.2380 light=0.2369 mat=0.0108
  batch 290/329 | loss=0.1999 light=0.1993 mat=0.0053
  batch 300/329 | loss=0.2833 light=0.2825 mat=0.0081
  batch 310/329 | loss=0.1638 light=0.1627 mat=0.0114
  batch 320/329 | loss=0.1733 light=0.1725 mat=0.0084
  train | loss=0.1941 light=0.1934 mat=0.0076
  val   | loss=0.2420 light=0.2411 mat=0.0086 mat_mae=0.0394
  -> new best model (val_loss=0.2420)

Epoch 20/50
  batch 10/329 | loss=0.1462 light=0.1453 mat=0.0087
  batch 20/329 | loss=0.1880 light=0.1872 mat=0.0084
  batch 30/329 | loss=0.1898 light=0.1891 mat=0.0071
  batch 40/329 | loss=0.1889 light=0.1881 mat=0.0077
  batch 50/329 | loss=0.2615 light=0.2598 mat=0.0173
  batch 60/329 | loss=0.1855 light=0.1848 mat=0.0072
  batch 70/329 | loss=0.1417 light=0.1410 mat=0.0065
  batch 80/329 | loss=0.2086 light=0.2079 mat=0.0078
  batch 90/329 | loss=0.2367 light=0.2362 mat=0.0050
  batch 100/329 | loss=0.1703 light=0.1697 mat=0.0058
  batch 110/329 | loss=0.2310 light=0.2301 mat=0.0091
  batch 120/329 | loss=0.2478 light=0.2472 mat=0.0063
  batch 130/329 | loss=0.1508 light=0.1505 mat=0.0032
  batch 140/329 | loss=0.1533 light=0.1529 mat=0.0040
  batch 150/329 | loss=0.1994 light=0.1987 mat=0.0072
  batch 160/329 | loss=0.1221 light=0.1213 mat=0.0076
  batch 170/329 | loss=0.1802 light=0.1799 mat=0.0034
  batch 180/329 | loss=0.2448 light=0.2438 mat=0.0097
  batch 190/329 | loss=0.1753 light=0.1745 mat=0.0080
  batch 200/329 | loss=0.1569 light=0.1565 mat=0.0042
  batch 210/329 | loss=0.1736 light=0.1721 mat=0.0144
  batch 220/329 | loss=0.1465 light=0.1455 mat=0.0093
  batch 230/329 | loss=0.1754 light=0.1748 mat=0.0060
  batch 240/329 | loss=0.1557 light=0.1551 mat=0.0058
  batch 250/329 | loss=0.2064 light=0.2057 mat=0.0073
  batch 260/329 | loss=0.1912 light=0.1902 mat=0.0104
  batch 270/329 | loss=0.1323 light=0.1314 mat=0.0092
  batch 280/329 | loss=0.1975 light=0.1963 mat=0.0119
  batch 290/329 | loss=0.2003 light=0.1997 mat=0.0055
  batch 300/329 | loss=0.1385 light=0.1380 mat=0.0046
  batch 310/329 | loss=0.1765 light=0.1761 mat=0.0045
  batch 320/329 | loss=0.1909 light=0.1903 mat=0.0062
  train | loss=0.1902 light=0.1895 mat=0.0077
  val   | loss=0.2391 light=0.2383 mat=0.0082 mat_mae=0.0385
  -> new best model (val_loss=0.2391)

Epoch 21/50
  batch 10/329 | loss=0.1753 light=0.1743 mat=0.0101
  batch 20/329 | loss=0.1655 light=0.1648 mat=0.0076
  batch 30/329 | loss=0.1570 light=0.1563 mat=0.0073
  batch 40/329 | loss=0.1903 light=0.1894 mat=0.0087
  batch 50/329 | loss=0.2653 light=0.2642 mat=0.0111
  batch 60/329 | loss=0.1504 light=0.1501 mat=0.0036
  batch 70/329 | loss=0.1706 light=0.1701 mat=0.0049
  batch 80/329 | loss=0.2536 light=0.2530 mat=0.0061
  batch 90/329 | loss=0.1449 light=0.1444 mat=0.0053
  batch 100/329 | loss=0.2043 light=0.2037 mat=0.0065
  batch 110/329 | loss=0.1887 light=0.1882 mat=0.0049
  batch 120/329 | loss=0.1925 light=0.1920 mat=0.0051
  batch 130/329 | loss=0.1491 light=0.1487 mat=0.0041
  batch 140/329 | loss=0.1461 light=0.1452 mat=0.0089
  batch 150/329 | loss=0.2160 light=0.2156 mat=0.0047
  batch 160/329 | loss=0.1939 light=0.1934 mat=0.0053
  batch 170/329 | loss=0.1783 light=0.1774 mat=0.0089
  batch 180/329 | loss=0.1730 light=0.1718 mat=0.0117
  batch 190/329 | loss=0.1741 light=0.1733 mat=0.0084
  batch 200/329 | loss=0.2083 light=0.2075 mat=0.0074
  batch 210/329 | loss=0.2171 light=0.2164 mat=0.0074
  batch 220/329 | loss=0.1520 light=0.1515 mat=0.0044
  batch 230/329 | loss=0.2207 light=0.2202 mat=0.0059
  batch 240/329 | loss=0.2138 light=0.2125 mat=0.0129
  batch 250/329 | loss=0.1902 light=0.1895 mat=0.0076
  batch 260/329 | loss=0.1950 light=0.1944 mat=0.0056
  batch 270/329 | loss=0.2119 light=0.2114 mat=0.0051
  batch 280/329 | loss=0.1810 light=0.1804 mat=0.0064
  batch 290/329 | loss=0.1674 light=0.1668 mat=0.0065
  batch 300/329 | loss=0.1743 light=0.1735 mat=0.0079
  batch 310/329 | loss=0.2663 light=0.2659 mat=0.0035
  batch 320/329 | loss=0.1382 light=0.1373 mat=0.0088
  train | loss=0.1878 light=0.1870 mat=0.0075
  val   | loss=0.2423 light=0.2415 mat=0.0086 mat_mae=0.0394

Epoch 22/50
  batch 10/329 | loss=0.1713 light=0.1698 mat=0.0148
  batch 20/329 | loss=0.2229 light=0.2219 mat=0.0094
  batch 30/329 | loss=0.1509 light=0.1504 mat=0.0047
  batch 40/329 | loss=0.1961 light=0.1954 mat=0.0071
  batch 50/329 | loss=0.1380 light=0.1371 mat=0.0095
  batch 60/329 | loss=0.2237 light=0.2228 mat=0.0084
  batch 70/329 | loss=0.1352 light=0.1344 mat=0.0086
  batch 80/329 | loss=0.1459 light=0.1455 mat=0.0041
  batch 90/329 | loss=0.1739 light=0.1730 mat=0.0088
  batch 100/329 | loss=0.1250 light=0.1243 mat=0.0074
  batch 110/329 | loss=0.1155 light=0.1150 mat=0.0048
  batch 120/329 | loss=0.1894 light=0.1891 mat=0.0031
  batch 130/329 | loss=0.1919 light=0.1912 mat=0.0070
  batch 140/329 | loss=0.1603 light=0.1599 mat=0.0047
  batch 150/329 | loss=0.1956 light=0.1947 mat=0.0089
  batch 160/329 | loss=0.1658 light=0.1654 mat=0.0037
  batch 170/329 | loss=0.1848 light=0.1845 mat=0.0036
  batch 180/329 | loss=0.1811 light=0.1807 mat=0.0039
  batch 190/329 | loss=0.1941 light=0.1934 mat=0.0069
  batch 200/329 | loss=0.1674 light=0.1668 mat=0.0058
  batch 210/329 | loss=0.1597 light=0.1592 mat=0.0046
  batch 220/329 | loss=0.2008 light=0.2004 mat=0.0043
  batch 230/329 | loss=0.1988 light=0.1971 mat=0.0169
  batch 240/329 | loss=0.1821 light=0.1814 mat=0.0079
  batch 250/329 | loss=0.1617 light=0.1609 mat=0.0087
  batch 260/329 | loss=0.2152 light=0.2148 mat=0.0044
  batch 270/329 | loss=0.1249 light=0.1243 mat=0.0053
  batch 280/329 | loss=0.2107 light=0.2098 mat=0.0088
  batch 290/329 | loss=0.1555 light=0.1544 mat=0.0103
  batch 300/329 | loss=0.2182 light=0.2178 mat=0.0037
  batch 310/329 | loss=0.1897 light=0.1892 mat=0.0052
  batch 320/329 | loss=0.1567 light=0.1562 mat=0.0050
  train | loss=0.1824 light=0.1817 mat=0.0072
  val   | loss=0.2373 light=0.2365 mat=0.0081 mat_mae=0.0381
  -> new best model (val_loss=0.2373)

Epoch 23/50
  batch 10/329 | loss=0.1956 light=0.1944 mat=0.0113
  batch 20/329 | loss=0.1685 light=0.1683 mat=0.0025
  batch 30/329 | loss=0.1837 light=0.1831 mat=0.0060
  batch 40/329 | loss=0.1302 light=0.1297 mat=0.0052
  batch 50/329 | loss=0.2113 light=0.2100 mat=0.0132
  batch 60/329 | loss=0.1773 light=0.1768 mat=0.0057
  batch 70/329 | loss=0.2317 light=0.2312 mat=0.0047
  batch 80/329 | loss=0.2023 light=0.2018 mat=0.0047
  batch 90/329 | loss=0.1404 light=0.1396 mat=0.0082
  batch 100/329 | loss=0.1579 light=0.1572 mat=0.0068
  batch 110/329 | loss=0.2462 light=0.2455 mat=0.0071
  batch 120/329 | loss=0.1333 light=0.1327 mat=0.0060
  batch 130/329 | loss=0.1867 light=0.1859 mat=0.0085
  batch 140/329 | loss=0.1290 light=0.1283 mat=0.0073
  batch 150/329 | loss=0.1444 light=0.1441 mat=0.0033
  batch 160/329 | loss=0.2413 light=0.2408 mat=0.0046
  batch 170/329 | loss=0.1424 light=0.1417 mat=0.0071
  batch 180/329 | loss=0.1691 light=0.1686 mat=0.0051
  batch 190/329 | loss=0.1806 light=0.1800 mat=0.0059
  batch 200/329 | loss=0.1733 light=0.1729 mat=0.0045
  batch 210/329 | loss=0.1497 light=0.1494 mat=0.0036
  batch 220/329 | loss=0.1981 light=0.1975 mat=0.0055
  batch 230/329 | loss=0.2062 light=0.2049 mat=0.0130
  batch 240/329 | loss=0.1855 light=0.1838 mat=0.0174
  batch 250/329 | loss=0.2339 light=0.2333 mat=0.0059
  batch 260/329 | loss=0.1521 light=0.1515 mat=0.0052
  batch 270/329 | loss=0.1621 light=0.1614 mat=0.0067
  batch 280/329 | loss=0.1853 light=0.1846 mat=0.0069
  batch 290/329 | loss=0.1645 light=0.1640 mat=0.0051
  batch 300/329 | loss=0.1284 light=0.1277 mat=0.0073
  batch 310/329 | loss=0.1686 light=0.1680 mat=0.0058
  batch 320/329 | loss=0.1538 light=0.1533 mat=0.0046
  train | loss=0.1777 light=0.1770 mat=0.0069
  val   | loss=0.2385 light=0.2376 mat=0.0085 mat_mae=0.0386

Epoch 24/50
  batch 10/329 | loss=0.1310 light=0.1305 mat=0.0047
  batch 20/329 | loss=0.2349 light=0.2342 mat=0.0072
  batch 30/329 | loss=0.1476 light=0.1472 mat=0.0047
  batch 40/329 | loss=0.1838 light=0.1830 mat=0.0076
  batch 50/329 | loss=0.1613 light=0.1598 mat=0.0149
  batch 60/329 | loss=0.2743 light=0.2737 mat=0.0065
  batch 70/329 | loss=0.1840 light=0.1831 mat=0.0089
  batch 80/329 | loss=0.1137 light=0.1129 mat=0.0083
  batch 90/329 | loss=0.1874 light=0.1866 mat=0.0074
  batch 100/329 | loss=0.1844 light=0.1838 mat=0.0054
  batch 110/329 | loss=0.3284 light=0.3280 mat=0.0040
  batch 120/329 | loss=0.1546 light=0.1534 mat=0.0116
  batch 130/329 | loss=0.1316 light=0.1309 mat=0.0075
  batch 140/329 | loss=0.1564 light=0.1558 mat=0.0059
  batch 150/329 | loss=0.1403 light=0.1396 mat=0.0071
  batch 160/329 | loss=0.1675 light=0.1667 mat=0.0080
  batch 170/329 | loss=0.1923 light=0.1916 mat=0.0069
  batch 180/329 | loss=0.1416 light=0.1413 mat=0.0025
  batch 190/329 | loss=0.1429 light=0.1421 mat=0.0084
  batch 200/329 | loss=0.1762 light=0.1754 mat=0.0081
  batch 210/329 | loss=0.1138 light=0.1129 mat=0.0091
  batch 220/329 | loss=0.1689 light=0.1679 mat=0.0102
  batch 230/329 | loss=0.1299 light=0.1292 mat=0.0077
  batch 240/329 | loss=0.1682 light=0.1676 mat=0.0059
  batch 250/329 | loss=0.1625 light=0.1613 mat=0.0122
  batch 260/329 | loss=0.1844 light=0.1836 mat=0.0077
  batch 270/329 | loss=0.2298 light=0.2294 mat=0.0035
  batch 280/329 | loss=0.1622 light=0.1614 mat=0.0078
  batch 290/329 | loss=0.2075 light=0.2070 mat=0.0057
  batch 300/329 | loss=0.1312 light=0.1306 mat=0.0059
  batch 310/329 | loss=0.2234 light=0.2228 mat=0.0058
  batch 320/329 | loss=0.1528 light=0.1522 mat=0.0061
  train | loss=0.1742 light=0.1736 mat=0.0066
  val   | loss=0.2328 light=0.2320 mat=0.0076 mat_mae=0.0362
  -> new best model (val_loss=0.2328)

Epoch 25/50
  batch 10/329 | loss=0.2662 light=0.2655 mat=0.0072
  batch 20/329 | loss=0.1366 light=0.1358 mat=0.0079
  batch 30/329 | loss=0.1515 light=0.1506 mat=0.0098
  batch 40/329 | loss=0.1615 light=0.1609 mat=0.0066
  batch 50/329 | loss=0.1421 light=0.1412 mat=0.0092
  batch 60/329 | loss=0.2659 light=0.2653 mat=0.0056
  batch 70/329 | loss=0.1281 light=0.1278 mat=0.0035
  batch 80/329 | loss=0.1562 light=0.1556 mat=0.0063
  batch 90/329 | loss=0.1506 light=0.1498 mat=0.0080
  batch 100/329 | loss=0.1494 light=0.1489 mat=0.0056
  batch 110/329 | loss=0.1900 light=0.1890 mat=0.0100
  batch 120/329 | loss=0.2003 light=0.1999 mat=0.0035
  batch 130/329 | loss=0.1483 light=0.1473 mat=0.0096
  batch 140/329 | loss=0.1246 light=0.1241 mat=0.0049
  batch 150/329 | loss=0.1902 light=0.1897 mat=0.0052
  batch 160/329 | loss=0.2011 light=0.2005 mat=0.0055
  batch 170/329 | loss=0.1683 light=0.1680 mat=0.0028
  batch 180/329 | loss=0.1498 light=0.1493 mat=0.0058
  batch 190/329 | loss=0.1651 light=0.1640 mat=0.0114
  batch 200/329 | loss=0.2086 light=0.2080 mat=0.0061
  batch 210/329 | loss=0.1712 light=0.1707 mat=0.0052
  batch 220/329 | loss=0.1790 light=0.1785 mat=0.0050
  batch 230/329 | loss=0.1771 light=0.1764 mat=0.0073
  batch 240/329 | loss=0.1226 light=0.1214 mat=0.0121
  batch 250/329 | loss=0.2736 light=0.2730 mat=0.0056
  batch 260/329 | loss=0.2083 light=0.2072 mat=0.0117
  batch 270/329 | loss=0.1416 light=0.1409 mat=0.0070
  batch 280/329 | loss=0.1328 light=0.1318 mat=0.0099
  batch 290/329 | loss=0.2092 light=0.2089 mat=0.0040
  batch 300/329 | loss=0.1634 light=0.1628 mat=0.0060
  batch 310/329 | loss=0.1254 light=0.1248 mat=0.0064
  batch 320/329 | loss=0.1845 light=0.1839 mat=0.0056
  train | loss=0.1719 light=0.1712 mat=0.0073
  val   | loss=0.2323 light=0.2315 mat=0.0085 mat_mae=0.0392
  -> new best model (val_loss=0.2323)

Epoch 26/50
  batch 10/329 | loss=0.1452 light=0.1445 mat=0.0076
  batch 20/329 | loss=0.1316 light=0.1308 mat=0.0080
  batch 30/329 | loss=0.2360 light=0.2354 mat=0.0058
  batch 40/329 | loss=0.1359 light=0.1351 mat=0.0077
  batch 50/329 | loss=0.1661 light=0.1654 mat=0.0070
  batch 60/329 | loss=0.1295 light=0.1290 mat=0.0047
  batch 70/329 | loss=0.2219 light=0.2214 mat=0.0052
  batch 80/329 | loss=0.1472 light=0.1462 mat=0.0097
  batch 90/329 | loss=0.1683 light=0.1677 mat=0.0054
  batch 100/329 | loss=0.1736 light=0.1728 mat=0.0083
  batch 110/329 | loss=0.1570 light=0.1568 mat=0.0022
  batch 120/329 | loss=0.1415 light=0.1403 mat=0.0123
  batch 130/329 | loss=0.1403 light=0.1397 mat=0.0058
  batch 140/329 | loss=0.2081 light=0.2076 mat=0.0056
  batch 150/329 | loss=0.1961 light=0.1957 mat=0.0041
  batch 160/329 | loss=0.2145 light=0.2136 mat=0.0088
  batch 170/329 | loss=0.1601 light=0.1597 mat=0.0042
  batch 180/329 | loss=0.2324 light=0.2319 mat=0.0054
  batch 190/329 | loss=0.2237 light=0.2226 mat=0.0106
  batch 200/329 | loss=0.1233 light=0.1228 mat=0.0048
  batch 210/329 | loss=0.1728 light=0.1723 mat=0.0044
  batch 220/329 | loss=0.2307 light=0.2301 mat=0.0052
  batch 230/329 | loss=0.2018 light=0.2012 mat=0.0058
  batch 240/329 | loss=0.1384 light=0.1379 mat=0.0049
  batch 250/329 | loss=0.1265 light=0.1259 mat=0.0054
  batch 260/329 | loss=0.1836 light=0.1830 mat=0.0060
  batch 270/329 | loss=0.1586 light=0.1582 mat=0.0037
  batch 280/329 | loss=0.1910 light=0.1903 mat=0.0065
  batch 290/329 | loss=0.1403 light=0.1398 mat=0.0046
  batch 300/329 | loss=0.1893 light=0.1889 mat=0.0044
  batch 310/329 | loss=0.1866 light=0.1858 mat=0.0078
  batch 320/329 | loss=0.1451 light=0.1446 mat=0.0050
  train | loss=0.1688 light=0.1681 mat=0.0068
  val   | loss=0.2323 light=0.2315 mat=0.0083 mat_mae=0.0376

Epoch 27/50
  batch 10/329 | loss=0.2313 light=0.2304 mat=0.0089
  batch 20/329 | loss=0.1430 light=0.1421 mat=0.0089
  batch 30/329 | loss=0.2077 light=0.2072 mat=0.0043
  batch 40/329 | loss=0.1242 light=0.1227 mat=0.0143
  batch 50/329 | loss=0.1476 light=0.1464 mat=0.0116
  batch 60/329 | loss=0.1627 light=0.1618 mat=0.0092
  batch 70/329 | loss=0.1107 light=0.1099 mat=0.0085
  batch 80/329 | loss=0.1496 light=0.1491 mat=0.0049
  batch 90/329 | loss=0.1676 light=0.1671 mat=0.0052
  batch 100/329 | loss=0.1812 light=0.1805 mat=0.0075
  batch 110/329 | loss=0.1624 light=0.1615 mat=0.0097
  batch 120/329 | loss=0.2381 light=0.2374 mat=0.0078
  batch 130/329 | loss=0.2481 light=0.2476 mat=0.0047
  batch 140/329 | loss=0.1039 light=0.1033 mat=0.0062
  batch 150/329 | loss=0.1521 light=0.1514 mat=0.0065
  batch 160/329 | loss=0.1327 light=0.1321 mat=0.0058
  batch 170/329 | loss=0.1441 light=0.1432 mat=0.0086
  batch 180/329 | loss=0.1431 light=0.1423 mat=0.0079
  batch 190/329 | loss=0.1166 light=0.1163 mat=0.0034
  batch 200/329 | loss=0.1407 light=0.1402 mat=0.0044
  batch 210/329 | loss=0.2001 light=0.1998 mat=0.0031
  batch 220/329 | loss=0.1364 light=0.1361 mat=0.0029
  batch 230/329 | loss=0.2228 light=0.2225 mat=0.0029
  batch 240/329 | loss=0.2135 light=0.2125 mat=0.0095
  batch 250/329 | loss=0.1132 light=0.1126 mat=0.0062
  batch 260/329 | loss=0.1409 light=0.1403 mat=0.0063
  batch 270/329 | loss=0.1818 light=0.1811 mat=0.0072
  batch 280/329 | loss=0.1414 light=0.1408 mat=0.0061
  batch 290/329 | loss=0.1110 light=0.1103 mat=0.0074
  batch 300/329 | loss=0.1356 light=0.1351 mat=0.0055
  batch 310/329 | loss=0.1458 light=0.1450 mat=0.0081
  batch 320/329 | loss=0.1745 light=0.1742 mat=0.0024
  train | loss=0.1662 light=0.1656 mat=0.0064
  val   | loss=0.2289 light=0.2281 mat=0.0082 mat_mae=0.0371
  -> new best model (val_loss=0.2289)

Epoch 28/50
  batch 10/329 | loss=0.1729 light=0.1725 mat=0.0039
  batch 20/329 | loss=0.2028 light=0.2018 mat=0.0095
  batch 30/329 | loss=0.1499 light=0.1494 mat=0.0056
  batch 40/329 | loss=0.1691 light=0.1686 mat=0.0047
  batch 50/329 | loss=0.1819 light=0.1815 mat=0.0045
  batch 60/329 | loss=0.1197 light=0.1191 mat=0.0054
  batch 70/329 | loss=0.1870 light=0.1859 mat=0.0108
  batch 80/329 | loss=0.1089 light=0.1083 mat=0.0062
  batch 90/329 | loss=0.1254 light=0.1248 mat=0.0067
  batch 100/329 | loss=0.1186 light=0.1181 mat=0.0045
  batch 110/329 | loss=0.1566 light=0.1555 mat=0.0114
  batch 120/329 | loss=0.1763 light=0.1757 mat=0.0058
  batch 130/329 | loss=0.2192 light=0.2185 mat=0.0066
  batch 140/329 | loss=0.1762 light=0.1755 mat=0.0072
  batch 150/329 | loss=0.1567 light=0.1562 mat=0.0049
  batch 160/329 | loss=0.2258 light=0.2242 mat=0.0158
  batch 170/329 | loss=0.1511 light=0.1501 mat=0.0096
  batch 180/329 | loss=0.1600 light=0.1593 mat=0.0076
  batch 190/329 | loss=0.1501 light=0.1499 mat=0.0022
  batch 200/329 | loss=0.1444 light=0.1439 mat=0.0052
  batch 210/329 | loss=0.1534 light=0.1523 mat=0.0119
  batch 220/329 | loss=0.1452 light=0.1447 mat=0.0049
  batch 230/329 | loss=0.1355 light=0.1351 mat=0.0046
  batch 240/329 | loss=0.1369 light=0.1364 mat=0.0047
  batch 250/329 | loss=0.1298 light=0.1295 mat=0.0035
  batch 260/329 | loss=0.1922 light=0.1914 mat=0.0080
  batch 270/329 | loss=0.1687 light=0.1683 mat=0.0042
  batch 280/329 | loss=0.1638 light=0.1632 mat=0.0068
  batch 290/329 | loss=0.1525 light=0.1519 mat=0.0058
  batch 300/329 | loss=0.1448 light=0.1440 mat=0.0081
  batch 310/329 | loss=0.1470 light=0.1465 mat=0.0055
  batch 320/329 | loss=0.1691 light=0.1685 mat=0.0057
  train | loss=0.1621 light=0.1614 mat=0.0066
  val   | loss=0.2317 light=0.2309 mat=0.0081 mat_mae=0.0365

Epoch 29/50
  batch 10/329 | loss=0.1320 light=0.1315 mat=0.0050
  batch 20/329 | loss=0.1421 light=0.1411 mat=0.0104
  batch 30/329 | loss=0.1650 light=0.1640 mat=0.0101
  batch 40/329 | loss=0.1877 light=0.1867 mat=0.0092
  batch 50/329 | loss=0.1440 light=0.1436 mat=0.0046
  batch 60/329 | loss=0.2064 light=0.2056 mat=0.0076
  batch 70/329 | loss=0.1491 light=0.1485 mat=0.0066
  batch 80/329 | loss=0.2082 light=0.2076 mat=0.0067
  batch 90/329 | loss=0.1514 light=0.1510 mat=0.0035
  batch 100/329 | loss=0.1488 light=0.1483 mat=0.0051
  batch 110/329 | loss=0.1262 light=0.1257 mat=0.0055
  batch 120/329 | loss=0.1400 light=0.1396 mat=0.0039
  batch 130/329 | loss=0.1321 light=0.1316 mat=0.0055
  batch 140/329 | loss=0.1775 light=0.1772 mat=0.0027
  batch 150/329 | loss=0.1819 light=0.1814 mat=0.0056
  batch 160/329 | loss=0.1468 light=0.1465 mat=0.0027
  batch 170/329 | loss=0.1701 light=0.1692 mat=0.0091
  batch 180/329 | loss=0.2170 light=0.2164 mat=0.0058
  batch 190/329 | loss=0.1705 light=0.1700 mat=0.0049
  batch 200/329 | loss=0.1240 light=0.1233 mat=0.0073
  batch 210/329 | loss=0.1236 light=0.1230 mat=0.0055
  batch 220/329 | loss=0.1736 light=0.1733 mat=0.0025
  batch 230/329 | loss=0.1970 light=0.1964 mat=0.0059
  batch 240/329 | loss=0.1460 light=0.1454 mat=0.0059
  batch 250/329 | loss=0.1150 light=0.1147 mat=0.0034
  batch 260/329 | loss=0.1458 light=0.1451 mat=0.0074
  batch 270/329 | loss=0.2156 light=0.2151 mat=0.0052
  batch 280/329 | loss=0.1809 light=0.1803 mat=0.0067
  batch 290/329 | loss=0.1367 light=0.1360 mat=0.0065
  batch 300/329 | loss=0.1134 light=0.1129 mat=0.0050
  batch 310/329 | loss=0.1225 light=0.1220 mat=0.0055
  batch 320/329 | loss=0.2097 light=0.2079 mat=0.0178
  train | loss=0.1612 light=0.1606 mat=0.0061
  val   | loss=0.2271 light=0.2263 mat=0.0086 mat_mae=0.0385
  -> new best model (val_loss=0.2271)

Epoch 30/50
  batch 10/329 | loss=0.1592 light=0.1589 mat=0.0025
  batch 20/329 | loss=0.1552 light=0.1545 mat=0.0068
  batch 30/329 | loss=0.1641 light=0.1637 mat=0.0034
  batch 40/329 | loss=0.1668 light=0.1662 mat=0.0066
  batch 50/329 | loss=0.1445 light=0.1442 mat=0.0038
  batch 60/329 | loss=0.1543 light=0.1537 mat=0.0065
  batch 70/329 | loss=0.1282 light=0.1277 mat=0.0059
  batch 80/329 | loss=0.1331 light=0.1322 mat=0.0087
  batch 90/329 | loss=0.1677 light=0.1668 mat=0.0093
  batch 100/329 | loss=0.1224 light=0.1220 mat=0.0039
  batch 110/329 | loss=0.1473 light=0.1467 mat=0.0062
  batch 120/329 | loss=0.1177 light=0.1170 mat=0.0076
  batch 130/329 | loss=0.1726 light=0.1719 mat=0.0073
  batch 140/329 | loss=0.1633 light=0.1627 mat=0.0063
  batch 150/329 | loss=0.1569 light=0.1561 mat=0.0080
  batch 160/329 | loss=0.1102 light=0.1094 mat=0.0079
  batch 170/329 | loss=0.1858 light=0.1852 mat=0.0056
  batch 180/329 | loss=0.1645 light=0.1640 mat=0.0049
  batch 190/329 | loss=0.1676 light=0.1672 mat=0.0040
  batch 200/329 | loss=0.2063 light=0.2057 mat=0.0060
  batch 210/329 | loss=0.1283 light=0.1275 mat=0.0078
  batch 220/329 | loss=0.1165 light=0.1160 mat=0.0048
  batch 230/329 | loss=0.0978 light=0.0973 mat=0.0052
  batch 240/329 | loss=0.1723 light=0.1714 mat=0.0084
  batch 250/329 | loss=0.1991 light=0.1985 mat=0.0054
  batch 260/329 | loss=0.1170 light=0.1167 mat=0.0026
  batch 270/329 | loss=0.1416 light=0.1409 mat=0.0068
  batch 280/329 | loss=0.1413 light=0.1405 mat=0.0084
  batch 290/329 | loss=0.1392 light=0.1386 mat=0.0061
  batch 300/329 | loss=0.1281 light=0.1270 mat=0.0110
  batch 310/329 | loss=0.1163 light=0.1156 mat=0.0071
  batch 320/329 | loss=0.1330 light=0.1327 mat=0.0032
  train | loss=0.1585 light=0.1579 mat=0.0062
  val   | loss=0.2269 light=0.2261 mat=0.0079 mat_mae=0.0362
  -> new best model (val_loss=0.2269)

Epoch 31/50
  batch 10/329 | loss=0.1292 light=0.1284 mat=0.0081
  batch 20/329 | loss=0.2316 light=0.2308 mat=0.0077
  batch 30/329 | loss=0.1319 light=0.1308 mat=0.0112
  batch 40/329 | loss=0.1489 light=0.1486 mat=0.0035
  batch 50/329 | loss=0.1161 light=0.1152 mat=0.0086
  batch 60/329 | loss=0.1984 light=0.1978 mat=0.0053
  batch 70/329 | loss=0.1084 light=0.1081 mat=0.0035
  batch 80/329 | loss=0.2210 light=0.2206 mat=0.0043
  batch 90/329 | loss=0.1797 light=0.1787 mat=0.0094
  batch 100/329 | loss=0.1745 light=0.1740 mat=0.0049
  batch 110/329 | loss=0.1342 light=0.1337 mat=0.0050
  batch 120/329 | loss=0.1815 light=0.1809 mat=0.0053
  batch 130/329 | loss=0.1252 light=0.1245 mat=0.0068
  batch 140/329 | loss=0.1438 light=0.1433 mat=0.0052
  batch 150/329 | loss=0.1158 light=0.1153 mat=0.0053
  batch 160/329 | loss=0.1673 light=0.1668 mat=0.0044
  batch 170/329 | loss=0.1301 light=0.1297 mat=0.0035
  batch 180/329 | loss=0.1635 light=0.1630 mat=0.0053
  batch 190/329 | loss=0.1406 light=0.1403 mat=0.0035
  batch 200/329 | loss=0.1201 light=0.1197 mat=0.0039
  batch 210/329 | loss=0.1740 light=0.1735 mat=0.0058
  batch 220/329 | loss=0.1179 light=0.1173 mat=0.0063
  batch 230/329 | loss=0.1492 light=0.1487 mat=0.0053
  batch 240/329 | loss=0.1621 light=0.1616 mat=0.0048
  batch 250/329 | loss=0.1161 light=0.1156 mat=0.0043
  batch 260/329 | loss=0.1367 light=0.1363 mat=0.0037
  batch 270/329 | loss=0.1771 light=0.1766 mat=0.0054
  batch 280/329 | loss=0.1888 light=0.1884 mat=0.0046
  batch 290/329 | loss=0.1753 light=0.1748 mat=0.0049
  batch 300/329 | loss=0.1153 light=0.1151 mat=0.0020
  batch 310/329 | loss=0.1201 light=0.1198 mat=0.0027
  batch 320/329 | loss=0.1548 light=0.1540 mat=0.0074
  train | loss=0.1539 light=0.1533 mat=0.0061
  val   | loss=0.2254 light=0.2246 mat=0.0081 mat_mae=0.0368
  -> new best model (val_loss=0.2254)

Epoch 32/50
  batch 10/329 | loss=0.1843 light=0.1840 mat=0.0038
  batch 20/329 | loss=0.1594 light=0.1584 mat=0.0093
  batch 30/329 | loss=0.1533 light=0.1527 mat=0.0062
  batch 40/329 | loss=0.0969 light=0.0966 mat=0.0038
  batch 50/329 | loss=0.1586 light=0.1582 mat=0.0040
  batch 60/329 | loss=0.1142 light=0.1137 mat=0.0047
  batch 70/329 | loss=0.1135 light=0.1132 mat=0.0032
  batch 80/329 | loss=0.1567 light=0.1562 mat=0.0051
  batch 90/329 | loss=0.1273 light=0.1267 mat=0.0060
  batch 100/329 | loss=0.1504 light=0.1499 mat=0.0044
  batch 110/329 | loss=0.2223 light=0.2220 mat=0.0030
  batch 120/329 | loss=0.1491 light=0.1488 mat=0.0028
  batch 130/329 | loss=0.1672 light=0.1659 mat=0.0131
  batch 140/329 | loss=0.1171 light=0.1163 mat=0.0083
  batch 150/329 | loss=0.1444 light=0.1439 mat=0.0046
  batch 160/329 | loss=0.1546 light=0.1541 mat=0.0054
  batch 170/329 | loss=0.1122 light=0.1118 mat=0.0038
  batch 180/329 | loss=0.1196 light=0.1189 mat=0.0074
  batch 190/329 | loss=0.1967 light=0.1963 mat=0.0042
  batch 200/329 | loss=0.2001 light=0.1995 mat=0.0052
  batch 210/329 | loss=0.1532 light=0.1529 mat=0.0031
  batch 220/329 | loss=0.1375 light=0.1371 mat=0.0042
  batch 230/329 | loss=0.1717 light=0.1713 mat=0.0041
  batch 240/329 | loss=0.1091 light=0.1089 mat=0.0027
  batch 250/329 | loss=0.1649 light=0.1645 mat=0.0034
  batch 260/329 | loss=0.1818 light=0.1813 mat=0.0051
  batch 270/329 | loss=0.1282 light=0.1278 mat=0.0037
  batch 280/329 | loss=0.1842 light=0.1836 mat=0.0064
  batch 290/329 | loss=0.1715 light=0.1707 mat=0.0076
  batch 300/329 | loss=0.2350 light=0.2346 mat=0.0037
  batch 310/329 | loss=0.1489 light=0.1480 mat=0.0088
  batch 320/329 | loss=0.1068 light=0.1065 mat=0.0035
  train | loss=0.1521 light=0.1515 mat=0.0058
  val   | loss=0.2257 light=0.2249 mat=0.0082 mat_mae=0.0361

Epoch 33/50
  batch 10/329 | loss=0.1678 light=0.1677 mat=0.0016
  batch 20/329 | loss=0.1585 light=0.1577 mat=0.0080
  batch 30/329 | loss=0.1400 light=0.1394 mat=0.0060
  batch 40/329 | loss=0.1691 light=0.1684 mat=0.0072
  batch 50/329 | loss=0.1244 light=0.1235 mat=0.0096
  batch 60/329 | loss=0.1219 light=0.1215 mat=0.0048
  batch 70/329 | loss=0.1818 light=0.1812 mat=0.0051
  batch 80/329 | loss=0.1382 light=0.1376 mat=0.0063
  batch 90/329 | loss=0.1897 light=0.1892 mat=0.0051
  batch 100/329 | loss=0.2295 light=0.2290 mat=0.0046
  batch 110/329 | loss=0.1258 light=0.1251 mat=0.0066
  batch 120/329 | loss=0.1195 light=0.1182 mat=0.0128
  batch 130/329 | loss=0.1212 light=0.1207 mat=0.0052
  batch 140/329 | loss=0.1292 light=0.1287 mat=0.0051
  batch 150/329 | loss=0.1258 light=0.1255 mat=0.0029
  batch 160/329 | loss=0.1541 light=0.1534 mat=0.0074
  batch 170/329 | loss=0.1237 light=0.1233 mat=0.0043
  batch 180/329 | loss=0.0934 light=0.0925 mat=0.0089
  batch 190/329 | loss=0.2012 light=0.2008 mat=0.0041
  batch 200/329 | loss=0.1934 light=0.1921 mat=0.0133
  batch 210/329 | loss=0.1568 light=0.1565 mat=0.0038
  batch 220/329 | loss=0.1320 light=0.1314 mat=0.0058
  batch 230/329 | loss=0.1461 light=0.1456 mat=0.0047
  batch 240/329 | loss=0.1544 light=0.1538 mat=0.0062
  batch 250/329 | loss=0.1623 light=0.1620 mat=0.0029
  batch 260/329 | loss=0.1677 light=0.1672 mat=0.0044
  batch 270/329 | loss=0.1640 light=0.1631 mat=0.0089
  batch 280/329 | loss=0.1566 light=0.1560 mat=0.0069
  batch 290/329 | loss=0.1453 light=0.1448 mat=0.0046
  batch 300/329 | loss=0.1415 light=0.1409 mat=0.0058
  batch 310/329 | loss=0.1929 light=0.1921 mat=0.0078
  batch 320/329 | loss=0.1356 light=0.1353 mat=0.0029
  train | loss=0.1509 light=0.1503 mat=0.0057
  val   | loss=0.2241 light=0.2234 mat=0.0077 mat_mae=0.0356
  -> new best model (val_loss=0.2241)

Epoch 34/50
  batch 10/329 | loss=0.2008 light=0.2001 mat=0.0066
  batch 20/329 | loss=0.1513 light=0.1510 mat=0.0037
  batch 30/329 | loss=0.1053 light=0.1036 mat=0.0176
  batch 40/329 | loss=0.1514 light=0.1508 mat=0.0067
  batch 50/329 | loss=0.1290 light=0.1280 mat=0.0104
  batch 60/329 | loss=0.1498 light=0.1492 mat=0.0060
  batch 70/329 | loss=0.2015 light=0.2008 mat=0.0070
  batch 80/329 | loss=0.1127 light=0.1123 mat=0.0037
  batch 90/329 | loss=0.1249 light=0.1245 mat=0.0044
  batch 100/329 | loss=0.1078 light=0.1075 mat=0.0036
  batch 110/329 | loss=0.1227 light=0.1222 mat=0.0052
  batch 120/329 | loss=0.1450 light=0.1442 mat=0.0079
  batch 130/329 | loss=0.1780 light=0.1772 mat=0.0085
  batch 140/329 | loss=0.1808 light=0.1802 mat=0.0060
  batch 150/329 | loss=0.1197 light=0.1191 mat=0.0061
  batch 160/329 | loss=0.1391 light=0.1388 mat=0.0030
  batch 170/329 | loss=0.1074 light=0.1070 mat=0.0036
  batch 180/329 | loss=0.1549 light=0.1542 mat=0.0073
  batch 190/329 | loss=0.1034 light=0.1026 mat=0.0077
  batch 200/329 | loss=0.1515 light=0.1513 mat=0.0025
  batch 210/329 | loss=0.1276 light=0.1270 mat=0.0050
  batch 220/329 | loss=0.2197 light=0.2192 mat=0.0053
  batch 230/329 | loss=0.1067 light=0.1060 mat=0.0066
  batch 240/329 | loss=0.1781 light=0.1777 mat=0.0044
  batch 250/329 | loss=0.2049 light=0.2043 mat=0.0060
  batch 260/329 | loss=0.1301 light=0.1294 mat=0.0068
  batch 270/329 | loss=0.1821 light=0.1813 mat=0.0078
  batch 280/329 | loss=0.1259 light=0.1253 mat=0.0056
  batch 290/329 | loss=0.1401 light=0.1395 mat=0.0062
  batch 300/329 | loss=0.1665 light=0.1656 mat=0.0087
  batch 310/329 | loss=0.2101 light=0.2096 mat=0.0054
  batch 320/329 | loss=0.2202 light=0.2197 mat=0.0052
  train | loss=0.1486 light=0.1480 mat=0.0058
  val   | loss=0.2282 light=0.2273 mat=0.0081 mat_mae=0.0359

Epoch 35/50
  batch 10/329 | loss=0.1552 light=0.1546 mat=0.0057
  batch 20/329 | loss=0.1166 light=0.1158 mat=0.0087
  batch 30/329 | loss=0.1435 light=0.1432 mat=0.0029
  batch 40/329 | loss=0.1965 light=0.1960 mat=0.0050
  batch 50/329 | loss=0.1245 light=0.1238 mat=0.0066
  batch 60/329 | loss=0.1396 light=0.1392 mat=0.0046
  batch 70/329 | loss=0.1594 light=0.1588 mat=0.0061
  batch 80/329 | loss=0.1378 light=0.1372 mat=0.0064
  batch 90/329 | loss=0.1467 light=0.1464 mat=0.0031
  batch 100/329 | loss=0.1286 light=0.1276 mat=0.0101
  batch 110/329 | loss=0.1564 light=0.1557 mat=0.0075
  batch 120/329 | loss=0.1242 light=0.1233 mat=0.0086
  batch 130/329 | loss=0.1256 light=0.1250 mat=0.0064
  batch 140/329 | loss=0.1193 light=0.1191 mat=0.0028
  batch 150/329 | loss=0.1465 light=0.1456 mat=0.0083
  batch 160/329 | loss=0.1886 light=0.1883 mat=0.0033
  batch 170/329 | loss=0.1481 light=0.1476 mat=0.0048
  batch 180/329 | loss=0.1259 light=0.1253 mat=0.0056
  batch 190/329 | loss=0.1297 light=0.1294 mat=0.0033
  batch 200/329 | loss=0.1291 light=0.1285 mat=0.0054
  batch 210/329 | loss=0.2185 light=0.2182 mat=0.0034
  batch 220/329 | loss=0.2019 light=0.2011 mat=0.0088
  batch 230/329 | loss=0.1526 light=0.1522 mat=0.0043
  batch 240/329 | loss=0.0837 light=0.0833 mat=0.0044
  batch 250/329 | loss=0.1057 light=0.1050 mat=0.0070
  batch 260/329 | loss=0.1671 light=0.1667 mat=0.0036
  batch 270/329 | loss=0.1985 light=0.1977 mat=0.0082
  batch 280/329 | loss=0.1251 light=0.1244 mat=0.0073
  batch 290/329 | loss=0.1933 light=0.1927 mat=0.0061
  batch 300/329 | loss=0.1140 light=0.1135 mat=0.0052
  batch 310/329 | loss=0.1567 light=0.1560 mat=0.0065
  batch 320/329 | loss=0.1112 light=0.1103 mat=0.0094
  train | loss=0.1470 light=0.1464 mat=0.0058
  val   | loss=0.2247 light=0.2239 mat=0.0080 mat_mae=0.0353

Epoch 36/50
  batch 10/329 | loss=0.2045 light=0.2040 mat=0.0046
  batch 20/329 | loss=0.1351 light=0.1347 mat=0.0035
  batch 30/329 | loss=0.1676 light=0.1668 mat=0.0079
  batch 40/329 | loss=0.1238 light=0.1233 mat=0.0050
  batch 50/329 | loss=0.1748 light=0.1741 mat=0.0067
  batch 60/329 | loss=0.1236 light=0.1232 mat=0.0034
  batch 70/329 | loss=0.1079 light=0.1073 mat=0.0056
  batch 80/329 | loss=0.1076 light=0.1070 mat=0.0059
  batch 90/329 | loss=0.1232 light=0.1228 mat=0.0041
  batch 100/329 | loss=0.1329 light=0.1326 mat=0.0030
  batch 110/329 | loss=0.1440 light=0.1431 mat=0.0080
  batch 120/329 | loss=0.1474 light=0.1467 mat=0.0064
  batch 130/329 | loss=0.1286 light=0.1282 mat=0.0039
  batch 140/329 | loss=0.1604 light=0.1599 mat=0.0046
  batch 150/329 | loss=0.1716 light=0.1711 mat=0.0049
  batch 160/329 | loss=0.1750 light=0.1744 mat=0.0057
  batch 170/329 | loss=0.1361 light=0.1353 mat=0.0087
  batch 180/329 | loss=0.1577 light=0.1572 mat=0.0049
  batch 190/329 | loss=0.1435 light=0.1430 mat=0.0058
  batch 200/329 | loss=0.1473 light=0.1467 mat=0.0060
  batch 210/329 | loss=0.1192 light=0.1189 mat=0.0034
  batch 220/329 | loss=0.0912 light=0.0909 mat=0.0027
  batch 230/329 | loss=0.1502 light=0.1496 mat=0.0066
  batch 240/329 | loss=0.1472 light=0.1465 mat=0.0073
  batch 250/329 | loss=0.1391 light=0.1387 mat=0.0040
  batch 260/329 | loss=0.1458 light=0.1452 mat=0.0066
  batch 270/329 | loss=0.1499 light=0.1496 mat=0.0037
  batch 280/329 | loss=0.1069 light=0.1063 mat=0.0058
  batch 290/329 | loss=0.1262 light=0.1259 mat=0.0030
  batch 300/329 | loss=0.1498 light=0.1493 mat=0.0055
  batch 310/329 | loss=0.1302 light=0.1298 mat=0.0047
  batch 320/329 | loss=0.1268 light=0.1264 mat=0.0034
  train | loss=0.1447 light=0.1441 mat=0.0055
  val   | loss=0.2226 light=0.2219 mat=0.0079 mat_mae=0.0353
  -> new best model (val_loss=0.2226)

Epoch 37/50
  batch 10/329 | loss=0.0996 light=0.0989 mat=0.0067
  batch 20/329 | loss=0.1379 light=0.1373 mat=0.0054
  batch 30/329 | loss=0.1221 light=0.1214 mat=0.0074
  batch 40/329 | loss=0.1572 light=0.1567 mat=0.0054
  batch 50/329 | loss=0.1221 light=0.1216 mat=0.0051
  batch 60/329 | loss=0.1205 light=0.1201 mat=0.0043
  batch 70/329 | loss=0.1241 light=0.1235 mat=0.0064
  batch 80/329 | loss=0.1979 light=0.1974 mat=0.0045
  batch 90/329 | loss=0.1853 light=0.1847 mat=0.0060
  batch 100/329 | loss=0.1587 light=0.1579 mat=0.0087
  batch 110/329 | loss=0.1316 light=0.1311 mat=0.0050
  batch 120/329 | loss=0.1654 light=0.1650 mat=0.0039
  batch 130/329 | loss=0.1100 light=0.1095 mat=0.0048
  batch 140/329 | loss=0.1114 light=0.1106 mat=0.0081
  batch 150/329 | loss=0.1407 light=0.1403 mat=0.0036
  batch 160/329 | loss=0.1355 light=0.1351 mat=0.0041
  batch 170/329 | loss=0.1325 light=0.1319 mat=0.0059
  batch 180/329 | loss=0.0992 light=0.0984 mat=0.0071
  batch 190/329 | loss=0.1647 light=0.1633 mat=0.0139
  batch 200/329 | loss=0.1721 light=0.1717 mat=0.0041
  batch 210/329 | loss=0.1581 light=0.1577 mat=0.0045
  batch 220/329 | loss=0.1512 light=0.1507 mat=0.0050
  batch 230/329 | loss=0.1571 light=0.1563 mat=0.0072
  batch 240/329 | loss=0.1251 light=0.1245 mat=0.0059
  batch 250/329 | loss=0.2078 light=0.2075 mat=0.0028
  batch 260/329 | loss=0.1518 light=0.1510 mat=0.0086
  batch 270/329 | loss=0.1383 light=0.1377 mat=0.0058
  batch 280/329 | loss=0.1564 light=0.1560 mat=0.0040
  batch 290/329 | loss=0.0870 light=0.0862 mat=0.0078
  batch 300/329 | loss=0.1771 light=0.1768 mat=0.0024
  batch 310/329 | loss=0.1576 light=0.1572 mat=0.0037
  batch 320/329 | loss=0.1362 light=0.1358 mat=0.0039
  train | loss=0.1435 light=0.1429 mat=0.0056
  val   | loss=0.2246 light=0.2238 mat=0.0077 mat_mae=0.0355

Epoch 38/50
  batch 10/329 | loss=0.1312 light=0.1306 mat=0.0052
  batch 20/329 | loss=0.1600 light=0.1596 mat=0.0038
  batch 30/329 | loss=0.1651 light=0.1647 mat=0.0044
  batch 40/329 | loss=0.1366 light=0.1361 mat=0.0043
  batch 50/329 | loss=0.1327 light=0.1317 mat=0.0092
  batch 60/329 | loss=0.1718 light=0.1715 mat=0.0036
  batch 70/329 | loss=0.1375 light=0.1367 mat=0.0077
  batch 80/329 | loss=0.1317 light=0.1315 mat=0.0022
  batch 90/329 | loss=0.2166 light=0.2160 mat=0.0067
  batch 100/329 | loss=0.0898 light=0.0895 mat=0.0035
  batch 110/329 | loss=0.1570 light=0.1563 mat=0.0067
  batch 120/329 | loss=0.1485 light=0.1482 mat=0.0033
  batch 130/329 | loss=0.1528 light=0.1522 mat=0.0060
  batch 140/329 | loss=0.1109 light=0.1102 mat=0.0068
  batch 150/329 | loss=0.1232 light=0.1223 mat=0.0083
  batch 160/329 | loss=0.0952 light=0.0940 mat=0.0115
  batch 170/329 | loss=0.1057 light=0.1051 mat=0.0055
  batch 180/329 | loss=0.1209 light=0.1205 mat=0.0048
  batch 190/329 | loss=0.1654 light=0.1649 mat=0.0041
  batch 200/329 | loss=0.1471 light=0.1465 mat=0.0055
  batch 210/329 | loss=0.1476 light=0.1470 mat=0.0059
  batch 220/329 | loss=0.1285 light=0.1280 mat=0.0052
  batch 230/329 | loss=0.1347 light=0.1340 mat=0.0061
  batch 240/329 | loss=0.1268 light=0.1262 mat=0.0062
  batch 250/329 | loss=0.1580 light=0.1575 mat=0.0049
  batch 260/329 | loss=0.1366 light=0.1360 mat=0.0060
  batch 270/329 | loss=0.1161 light=0.1156 mat=0.0054
  batch 280/329 | loss=0.1196 light=0.1190 mat=0.0055
  batch 290/329 | loss=0.1124 light=0.1118 mat=0.0051
  batch 300/329 | loss=0.1444 light=0.1440 mat=0.0036
  batch 310/329 | loss=0.1548 light=0.1543 mat=0.0052
  batch 320/329 | loss=0.1515 light=0.1511 mat=0.0042
  train | loss=0.1420 light=0.1415 mat=0.0054
  val   | loss=0.2232 light=0.2224 mat=0.0077 mat_mae=0.0352

Epoch 39/50
  batch 10/329 | loss=0.1083 light=0.1073 mat=0.0103
  batch 20/329 | loss=0.1836 light=0.1830 mat=0.0056
  batch 30/329 | loss=0.1714 light=0.1701 mat=0.0131
  batch 40/329 | loss=0.1590 light=0.1584 mat=0.0053
  batch 50/329 | loss=0.1366 light=0.1363 mat=0.0028
  batch 60/329 | loss=0.1629 light=0.1623 mat=0.0059
  batch 70/329 | loss=0.1816 light=0.1810 mat=0.0066
  batch 80/329 | loss=0.1232 light=0.1229 mat=0.0034
  batch 90/329 | loss=0.1265 light=0.1257 mat=0.0088
  batch 100/329 | loss=0.1023 light=0.1019 mat=0.0040
  batch 110/329 | loss=0.1525 light=0.1522 mat=0.0039
  batch 120/329 | loss=0.1819 light=0.1815 mat=0.0042
  batch 130/329 | loss=0.1953 light=0.1949 mat=0.0041
  batch 140/329 | loss=0.1061 light=0.1054 mat=0.0071
  batch 150/329 | loss=0.2084 light=0.2080 mat=0.0041
  batch 160/329 | loss=0.1406 light=0.1400 mat=0.0057
  batch 170/329 | loss=0.1250 light=0.1243 mat=0.0074
  batch 180/329 | loss=0.1388 light=0.1383 mat=0.0047
  batch 190/329 | loss=0.1223 light=0.1215 mat=0.0085
  batch 200/329 | loss=0.0937 light=0.0928 mat=0.0083
  batch 210/329 | loss=0.1004 light=0.1000 mat=0.0041
  batch 220/329 | loss=0.0961 light=0.0956 mat=0.0049
  batch 230/329 | loss=0.1436 light=0.1432 mat=0.0031
  batch 240/329 | loss=0.1409 light=0.1404 mat=0.0050
  batch 250/329 | loss=0.1021 light=0.1014 mat=0.0064
  batch 260/329 | loss=0.1246 light=0.1240 mat=0.0057
  batch 270/329 | loss=0.0949 light=0.0944 mat=0.0050
  batch 280/329 | loss=0.1423 light=0.1415 mat=0.0079
  batch 290/329 | loss=0.1515 light=0.1507 mat=0.0084
  batch 300/329 | loss=0.0880 light=0.0876 mat=0.0039
  batch 310/329 | loss=0.1785 light=0.1781 mat=0.0037
  batch 320/329 | loss=0.1530 light=0.1527 mat=0.0028
  train | loss=0.1411 light=0.1406 mat=0.0054
  val   | loss=0.2228 light=0.2220 mat=0.0076 mat_mae=0.0347

Epoch 40/50
  batch 10/329 | loss=0.1322 light=0.1317 mat=0.0045
  batch 20/329 | loss=0.1274 light=0.1270 mat=0.0038
  batch 30/329 | loss=0.2331 light=0.2325 mat=0.0061
  batch 40/329 | loss=0.1595 light=0.1588 mat=0.0071
  batch 50/329 | loss=0.1564 light=0.1557 mat=0.0062
  batch 60/329 | loss=0.1087 light=0.1079 mat=0.0079
  batch 70/329 | loss=0.1166 light=0.1160 mat=0.0051
  batch 80/329 | loss=0.1611 light=0.1605 mat=0.0054
  batch 90/329 | loss=0.2006 light=0.1998 mat=0.0080
  batch 100/329 | loss=0.1397 light=0.1391 mat=0.0057
  batch 110/329 | loss=0.1572 light=0.1567 mat=0.0052
  batch 120/329 | loss=0.0936 light=0.0929 mat=0.0068
  batch 130/329 | loss=0.1358 light=0.1353 mat=0.0057
  batch 140/329 | loss=0.1242 light=0.1237 mat=0.0056
  batch 150/329 | loss=0.1476 light=0.1466 mat=0.0097
  batch 160/329 | loss=0.1702 light=0.1697 mat=0.0052
  batch 170/329 | loss=0.1465 light=0.1460 mat=0.0050
  batch 180/329 | loss=0.1724 light=0.1718 mat=0.0056
  batch 190/329 | loss=0.1224 light=0.1219 mat=0.0043
  batch 200/329 | loss=0.0995 light=0.0990 mat=0.0053
  batch 210/329 | loss=0.1959 light=0.1956 mat=0.0024
  batch 220/329 | loss=0.1464 light=0.1460 mat=0.0039
  batch 230/329 | loss=0.1276 light=0.1272 mat=0.0034
  batch 240/329 | loss=0.1110 light=0.1107 mat=0.0036
  batch 250/329 | loss=0.2925 light=0.2919 mat=0.0061
  batch 260/329 | loss=0.1190 light=0.1182 mat=0.0072
  batch 270/329 | loss=0.1042 light=0.1037 mat=0.0049
  batch 280/329 | loss=0.1020 light=0.1018 mat=0.0019
  batch 290/329 | loss=0.1021 light=0.1016 mat=0.0050
  batch 300/329 | loss=0.1021 light=0.1018 mat=0.0023
  batch 310/329 | loss=0.1270 light=0.1265 mat=0.0043
  batch 320/329 | loss=0.1411 light=0.1406 mat=0.0049
  train | loss=0.1404 light=0.1398 mat=0.0056
  val   | loss=0.2235 light=0.2227 mat=0.0081 mat_mae=0.0355

Epoch 41/50
  batch 10/329 | loss=0.1919 light=0.1916 mat=0.0032
  batch 20/329 | loss=0.1269 light=0.1265 mat=0.0041
  batch 30/329 | loss=0.1460 light=0.1451 mat=0.0088
  batch 40/329 | loss=0.1248 light=0.1241 mat=0.0077
  batch 50/329 | loss=0.1244 light=0.1241 mat=0.0030
  batch 60/329 | loss=0.1617 light=0.1608 mat=0.0091
  batch 70/329 | loss=0.1272 light=0.1268 mat=0.0039
  batch 80/329 | loss=0.1996 light=0.1994 mat=0.0017
  batch 90/329 | loss=0.1399 light=0.1392 mat=0.0063
  batch 100/329 | loss=0.1094 light=0.1088 mat=0.0061
  batch 110/329 | loss=0.0918 light=0.0913 mat=0.0046
  batch 120/329 | loss=0.1592 light=0.1588 mat=0.0036
  batch 130/329 | loss=0.1781 light=0.1779 mat=0.0024
  batch 140/329 | loss=0.1382 light=0.1381 mat=0.0017
  batch 150/329 | loss=0.1481 light=0.1475 mat=0.0063
  batch 160/329 | loss=0.1238 light=0.1232 mat=0.0058
  batch 170/329 | loss=0.0770 light=0.0765 mat=0.0056
  batch 180/329 | loss=0.1285 light=0.1283 mat=0.0024
  batch 190/329 | loss=0.1269 light=0.1265 mat=0.0046
  batch 200/329 | loss=0.1188 light=0.1181 mat=0.0064
  batch 210/329 | loss=0.1483 light=0.1473 mat=0.0095
  batch 220/329 | loss=0.1361 light=0.1354 mat=0.0077
  batch 230/329 | loss=0.1313 light=0.1310 mat=0.0037
  batch 240/329 | loss=0.1060 light=0.1053 mat=0.0064
  batch 250/329 | loss=0.1100 light=0.1093 mat=0.0066
  batch 260/329 | loss=0.1065 light=0.1060 mat=0.0047
  batch 270/329 | loss=0.1361 light=0.1357 mat=0.0043
  batch 280/329 | loss=0.1136 light=0.1132 mat=0.0043
  batch 290/329 | loss=0.1342 light=0.1333 mat=0.0086
  batch 300/329 | loss=0.1274 light=0.1270 mat=0.0040
  batch 310/329 | loss=0.1669 light=0.1665 mat=0.0048
  batch 320/329 | loss=0.1767 light=0.1762 mat=0.0051
  train | loss=0.1402 light=0.1397 mat=0.0054
  val   | loss=0.2236 light=0.2228 mat=0.0076 mat_mae=0.0354

Epoch 42/50
  batch 10/329 | loss=0.1206 light=0.1200 mat=0.0065
  batch 20/329 | loss=0.1171 light=0.1166 mat=0.0050
  batch 30/329 | loss=0.1668 light=0.1663 mat=0.0049
  batch 40/329 | loss=0.1088 light=0.1084 mat=0.0033
  batch 50/329 | loss=0.1521 light=0.1511 mat=0.0104
  batch 60/329 | loss=0.1502 light=0.1496 mat=0.0062
  batch 70/329 | loss=0.1445 light=0.1439 mat=0.0054
  batch 80/329 | loss=0.0997 light=0.0990 mat=0.0070
  batch 90/329 | loss=0.1586 light=0.1581 mat=0.0060
  batch 100/329 | loss=0.0937 light=0.0933 mat=0.0041
  batch 110/329 | loss=0.1552 light=0.1549 mat=0.0035
  batch 120/329 | loss=0.1706 light=0.1701 mat=0.0049
  batch 130/329 | loss=0.1372 light=0.1365 mat=0.0066
  batch 140/329 | loss=0.1087 light=0.1084 mat=0.0028
  batch 150/329 | loss=0.1574 light=0.1568 mat=0.0064
  batch 160/329 | loss=0.1307 light=0.1302 mat=0.0052
  batch 170/329 | loss=0.1080 light=0.1076 mat=0.0041
  batch 180/329 | loss=0.0964 light=0.0962 mat=0.0019
  batch 190/329 | loss=0.1981 light=0.1975 mat=0.0064
  batch 200/329 | loss=0.1472 light=0.1467 mat=0.0047
  batch 210/329 | loss=0.1350 light=0.1345 mat=0.0050
  batch 220/329 | loss=0.1732 light=0.1728 mat=0.0039
  batch 230/329 | loss=0.1150 light=0.1146 mat=0.0037
  batch 240/329 | loss=0.1405 light=0.1401 mat=0.0043
  batch 250/329 | loss=0.1512 light=0.1508 mat=0.0036
  batch 260/329 | loss=0.1049 light=0.1046 mat=0.0036
  batch 270/329 | loss=0.1834 light=0.1829 mat=0.0050
  batch 280/329 | loss=0.1326 light=0.1322 mat=0.0039
  batch 290/329 | loss=0.0915 light=0.0911 mat=0.0046
  batch 300/329 | loss=0.1853 light=0.1848 mat=0.0049
  batch 310/329 | loss=0.1289 light=0.1283 mat=0.0057
  batch 320/329 | loss=0.1444 light=0.1438 mat=0.0063
  train | loss=0.1381 light=0.1376 mat=0.0053
  val   | loss=0.2224 light=0.2217 mat=0.0076 mat_mae=0.0347
  -> new best model (val_loss=0.2224)

Epoch 43/50
  batch 10/329 | loss=0.0825 light=0.0819 mat=0.0056
  batch 20/329 | loss=0.1063 light=0.1057 mat=0.0062
  batch 30/329 | loss=0.1135 light=0.1126 mat=0.0088
  batch 40/329 | loss=0.1564 light=0.1562 mat=0.0021
  batch 50/329 | loss=0.1652 light=0.1645 mat=0.0065
  batch 60/329 | loss=0.2044 light=0.2039 mat=0.0048
  batch 70/329 | loss=0.1813 light=0.1811 mat=0.0022
  batch 80/329 | loss=0.0814 light=0.0809 mat=0.0046
  batch 90/329 | loss=0.1354 light=0.1351 mat=0.0026
  batch 100/329 | loss=0.1335 light=0.1330 mat=0.0052
  batch 110/329 | loss=0.1682 light=0.1676 mat=0.0057
  batch 120/329 | loss=0.1550 light=0.1546 mat=0.0037
  batch 130/329 | loss=0.1738 light=0.1735 mat=0.0030
  batch 140/329 | loss=0.1507 light=0.1501 mat=0.0061
  batch 150/329 | loss=0.1925 light=0.1919 mat=0.0061
  batch 160/329 | loss=0.1277 light=0.1272 mat=0.0045
  batch 170/329 | loss=0.1211 light=0.1205 mat=0.0056
  batch 180/329 | loss=0.1253 light=0.1250 mat=0.0024
  batch 190/329 | loss=0.1039 light=0.1033 mat=0.0059
  batch 200/329 | loss=0.1157 light=0.1153 mat=0.0033
  batch 210/329 | loss=0.1153 light=0.1148 mat=0.0049
  batch 220/329 | loss=0.1690 light=0.1685 mat=0.0050
  batch 230/329 | loss=0.1606 light=0.1603 mat=0.0036
  batch 240/329 | loss=0.0967 light=0.0962 mat=0.0047
  batch 250/329 | loss=0.1585 light=0.1577 mat=0.0083
  batch 260/329 | loss=0.1330 light=0.1323 mat=0.0071
  batch 270/329 | loss=0.1007 light=0.1002 mat=0.0053
  batch 280/329 | loss=0.1948 light=0.1945 mat=0.0029
  batch 290/329 | loss=0.1385 light=0.1380 mat=0.0045
  batch 300/329 | loss=0.1106 light=0.1101 mat=0.0055
  batch 310/329 | loss=0.1331 light=0.1326 mat=0.0056
  batch 320/329 | loss=0.1752 light=0.1745 mat=0.0067
  train | loss=0.1372 light=0.1367 mat=0.0053
  val   | loss=0.2234 light=0.2226 mat=0.0077 mat_mae=0.0348

Epoch 44/50
  batch 10/329 | loss=0.1452 light=0.1447 mat=0.0049
  batch 20/329 | loss=0.1072 light=0.1062 mat=0.0100
  batch 30/329 | loss=0.1493 light=0.1490 mat=0.0028
  batch 40/329 | loss=0.1149 light=0.1143 mat=0.0053
  batch 50/329 | loss=0.1169 light=0.1164 mat=0.0050
  batch 60/329 | loss=0.1517 light=0.1511 mat=0.0059
  batch 70/329 | loss=0.1519 light=0.1516 mat=0.0035
  batch 80/329 | loss=0.1385 light=0.1381 mat=0.0044
  batch 90/329 | loss=0.1161 light=0.1155 mat=0.0066
  batch 100/329 | loss=0.1618 light=0.1613 mat=0.0054
  batch 110/329 | loss=0.2405 light=0.2399 mat=0.0053
  batch 120/329 | loss=0.1651 light=0.1648 mat=0.0038
  batch 130/329 | loss=0.1103 light=0.1098 mat=0.0058
  batch 140/329 | loss=0.1912 light=0.1909 mat=0.0030
  batch 150/329 | loss=0.1110 light=0.1105 mat=0.0052
  batch 160/329 | loss=0.1149 light=0.1144 mat=0.0049
  batch 170/329 | loss=0.1664 light=0.1660 mat=0.0049
  batch 180/329 | loss=0.1473 light=0.1466 mat=0.0077
  batch 190/329 | loss=0.1085 light=0.1080 mat=0.0049
  batch 200/329 | loss=0.1312 light=0.1309 mat=0.0032
  batch 210/329 | loss=0.1310 light=0.1305 mat=0.0047
  batch 220/329 | loss=0.1300 light=0.1296 mat=0.0046
  batch 230/329 | loss=0.1462 light=0.1456 mat=0.0066
  batch 240/329 | loss=0.1448 light=0.1441 mat=0.0078
  batch 250/329 | loss=0.1116 light=0.1112 mat=0.0042
  batch 260/329 | loss=0.1120 light=0.1116 mat=0.0041
  batch 270/329 | loss=0.1381 light=0.1376 mat=0.0049
  batch 280/329 | loss=0.1585 light=0.1578 mat=0.0068
  batch 290/329 | loss=0.1136 light=0.1130 mat=0.0054
  batch 300/329 | loss=0.1466 light=0.1462 mat=0.0038
  batch 310/329 | loss=0.1789 light=0.1780 mat=0.0090
  batch 320/329 | loss=0.1073 light=0.1068 mat=0.0051
  train | loss=0.1371 light=0.1365 mat=0.0052
  val   | loss=0.2218 light=0.2211 mat=0.0077 mat_mae=0.0347
  -> new best model (val_loss=0.2218)

Epoch 45/50
  batch 10/329 | loss=0.1027 light=0.1025 mat=0.0020
  batch 20/329 | loss=0.1031 light=0.1025 mat=0.0059
  batch 30/329 | loss=0.1102 light=0.1092 mat=0.0103
  batch 40/329 | loss=0.1432 light=0.1426 mat=0.0058
  batch 50/329 | loss=0.1540 light=0.1534 mat=0.0064
  batch 60/329 | loss=0.1074 light=0.1066 mat=0.0084
  batch 70/329 | loss=0.1236 light=0.1233 mat=0.0025
  batch 80/329 | loss=0.1678 light=0.1672 mat=0.0059
  batch 90/329 | loss=0.1013 light=0.1008 mat=0.0056
  batch 100/329 | loss=0.1507 light=0.1504 mat=0.0035
  batch 110/329 | loss=0.1877 light=0.1874 mat=0.0037
  batch 120/329 | loss=0.1711 light=0.1707 mat=0.0046
  batch 130/329 | loss=0.1403 light=0.1398 mat=0.0047
  batch 140/329 | loss=0.2931 light=0.2927 mat=0.0039
  batch 150/329 | loss=0.1277 light=0.1271 mat=0.0061
  batch 160/329 | loss=0.2107 light=0.2101 mat=0.0062
  batch 170/329 | loss=0.1203 light=0.1197 mat=0.0068
  batch 180/329 | loss=0.1282 light=0.1279 mat=0.0026
  batch 190/329 | loss=0.1041 light=0.1036 mat=0.0049
  batch 200/329 | loss=0.1498 light=0.1490 mat=0.0084
  batch 210/329 | loss=0.1569 light=0.1564 mat=0.0046
  batch 220/329 | loss=0.1482 light=0.1477 mat=0.0055
  batch 230/329 | loss=0.1683 light=0.1678 mat=0.0053
  batch 240/329 | loss=0.1241 light=0.1236 mat=0.0055
  batch 250/329 | loss=0.0879 light=0.0874 mat=0.0054
  batch 260/329 | loss=0.1342 light=0.1339 mat=0.0031
  batch 270/329 | loss=0.1624 light=0.1614 mat=0.0108
  batch 280/329 | loss=0.1132 light=0.1127 mat=0.0053
  batch 290/329 | loss=0.0892 light=0.0889 mat=0.0039
  batch 300/329 | loss=0.1447 light=0.1443 mat=0.0037
  batch 310/329 | loss=0.1120 light=0.1114 mat=0.0061
  batch 320/329 | loss=0.1382 light=0.1375 mat=0.0072
  train | loss=0.1363 light=0.1358 mat=0.0053
  val   | loss=0.2220 light=0.2213 mat=0.0074 mat_mae=0.0346

Epoch 46/50
  batch 10/329 | loss=0.1569 light=0.1564 mat=0.0044
  batch 20/329 | loss=0.1267 light=0.1261 mat=0.0059
  batch 30/329 | loss=0.1249 light=0.1246 mat=0.0029
  batch 40/329 | loss=0.1124 light=0.1121 mat=0.0026
  batch 50/329 | loss=0.1064 light=0.1060 mat=0.0036
  batch 60/329 | loss=0.1009 light=0.1002 mat=0.0067
  batch 70/329 | loss=0.1190 light=0.1184 mat=0.0061
  batch 80/329 | loss=0.1299 light=0.1290 mat=0.0089
  batch 90/329 | loss=0.1134 light=0.1128 mat=0.0054
  batch 100/329 | loss=0.1564 light=0.1557 mat=0.0073
  batch 110/329 | loss=0.1267 light=0.1264 mat=0.0031
  batch 120/329 | loss=0.1553 light=0.1548 mat=0.0045
  batch 130/329 | loss=0.1784 light=0.1777 mat=0.0071
  batch 140/329 | loss=0.1531 light=0.1527 mat=0.0039
  batch 150/329 | loss=0.1554 light=0.1549 mat=0.0045
  batch 160/329 | loss=0.1279 light=0.1275 mat=0.0042
  batch 170/329 | loss=0.1037 light=0.1030 mat=0.0070
  batch 180/329 | loss=0.1487 light=0.1482 mat=0.0051
  batch 190/329 | loss=0.1229 light=0.1222 mat=0.0066
  batch 200/329 | loss=0.1335 light=0.1330 mat=0.0048
  batch 210/329 | loss=0.1021 light=0.1017 mat=0.0044
  batch 220/329 | loss=0.1092 light=0.1086 mat=0.0060
  batch 230/329 | loss=0.1201 light=0.1195 mat=0.0058
  batch 240/329 | loss=0.1439 light=0.1430 mat=0.0085
  batch 250/329 | loss=0.1202 light=0.1196 mat=0.0066
  batch 260/329 | loss=0.1358 light=0.1353 mat=0.0046
  batch 270/329 | loss=0.1109 light=0.1105 mat=0.0038
  batch 280/329 | loss=0.1311 light=0.1307 mat=0.0040
  batch 290/329 | loss=0.0946 light=0.0941 mat=0.0043
  batch 300/329 | loss=0.1426 light=0.1420 mat=0.0064
  batch 310/329 | loss=0.1056 light=0.1046 mat=0.0099
  batch 320/329 | loss=0.1198 light=0.1195 mat=0.0037
  train | loss=0.1357 light=0.1352 mat=0.0052
  val   | loss=0.2222 light=0.2214 mat=0.0076 mat_mae=0.0345

Epoch 47/50
  batch 10/329 | loss=0.1543 light=0.1540 mat=0.0026
  batch 20/329 | loss=0.1200 light=0.1196 mat=0.0035
  batch 30/329 | loss=0.1141 light=0.1136 mat=0.0049
  batch 40/329 | loss=0.1328 light=0.1324 mat=0.0044
  batch 50/329 | loss=0.1292 light=0.1287 mat=0.0046
  batch 60/329 | loss=0.1752 light=0.1746 mat=0.0061
  batch 70/329 | loss=0.1529 light=0.1525 mat=0.0041
  batch 80/329 | loss=0.1243 light=0.1233 mat=0.0101
  batch 90/329 | loss=0.1186 light=0.1183 mat=0.0035
  batch 100/329 | loss=0.0884 light=0.0880 mat=0.0041
  batch 110/329 | loss=0.0793 light=0.0788 mat=0.0049
  batch 120/329 | loss=0.0925 light=0.0915 mat=0.0096
  batch 130/329 | loss=0.1798 light=0.1793 mat=0.0046
  batch 140/329 | loss=0.1878 light=0.1872 mat=0.0063
  batch 150/329 | loss=0.1745 light=0.1741 mat=0.0044
  batch 160/329 | loss=0.0777 light=0.0771 mat=0.0063
  batch 170/329 | loss=0.1658 light=0.1651 mat=0.0070
  batch 180/329 | loss=0.1641 light=0.1633 mat=0.0074
  batch 190/329 | loss=0.1264 light=0.1261 mat=0.0030
  batch 200/329 | loss=0.0840 light=0.0825 mat=0.0147
  batch 210/329 | loss=0.0991 light=0.0985 mat=0.0068
  batch 220/329 | loss=0.1207 light=0.1202 mat=0.0047
  batch 230/329 | loss=0.1174 light=0.1170 mat=0.0039
  batch 240/329 | loss=0.1516 light=0.1511 mat=0.0049
  batch 250/329 | loss=0.1465 light=0.1458 mat=0.0070
  batch 260/329 | loss=0.1388 light=0.1384 mat=0.0045
  batch 270/329 | loss=0.1531 light=0.1527 mat=0.0039
  batch 280/329 | loss=0.1266 light=0.1261 mat=0.0045
  batch 290/329 | loss=0.0838 light=0.0833 mat=0.0044
  batch 300/329 | loss=0.1119 light=0.1111 mat=0.0074
  batch 310/329 | loss=0.1599 light=0.1593 mat=0.0062
  batch 320/329 | loss=0.1505 light=0.1498 mat=0.0070
  train | loss=0.1359 light=0.1353 mat=0.0052
  val   | loss=0.2233 light=0.2225 mat=0.0080 mat_mae=0.0355

Epoch 48/50
  batch 10/329 | loss=0.1370 light=0.1367 mat=0.0038
  batch 20/329 | loss=0.1642 light=0.1638 mat=0.0039
  batch 30/329 | loss=0.1272 light=0.1267 mat=0.0047
  batch 40/329 | loss=0.1084 light=0.1078 mat=0.0062
  batch 50/329 | loss=0.1438 light=0.1431 mat=0.0070
  batch 60/329 | loss=0.1313 light=0.1309 mat=0.0030
  batch 70/329 | loss=0.1281 light=0.1279 mat=0.0022
  batch 80/329 | loss=0.1434 light=0.1431 mat=0.0033
  batch 90/329 | loss=0.1087 light=0.1083 mat=0.0039
  batch 100/329 | loss=0.1344 light=0.1339 mat=0.0049
  batch 110/329 | loss=0.1323 light=0.1316 mat=0.0066
  batch 120/329 | loss=0.1000 light=0.0997 mat=0.0034
  batch 130/329 | loss=0.1028 light=0.1022 mat=0.0067
  batch 140/329 | loss=0.1163 light=0.1159 mat=0.0038
  batch 150/329 | loss=0.1277 light=0.1273 mat=0.0041
  batch 160/329 | loss=0.0838 light=0.0833 mat=0.0048
  batch 170/329 | loss=0.0982 light=0.0978 mat=0.0040
  batch 180/329 | loss=0.1644 light=0.1636 mat=0.0079
  batch 190/329 | loss=0.1266 light=0.1262 mat=0.0043
  batch 200/329 | loss=0.1872 light=0.1864 mat=0.0087
  batch 210/329 | loss=0.1270 light=0.1266 mat=0.0039
  batch 220/329 | loss=0.1241 light=0.1238 mat=0.0028
  batch 230/329 | loss=0.1041 light=0.1037 mat=0.0039
  batch 240/329 | loss=0.1254 light=0.1251 mat=0.0036
  batch 250/329 | loss=0.2701 light=0.2688 mat=0.0136
  batch 260/329 | loss=0.1108 light=0.1105 mat=0.0029
  batch 270/329 | loss=0.1616 light=0.1610 mat=0.0059
  batch 280/329 | loss=0.1422 light=0.1420 mat=0.0029
  batch 290/329 | loss=0.1258 light=0.1256 mat=0.0027
  batch 300/329 | loss=0.1279 light=0.1275 mat=0.0046
  batch 310/329 | loss=0.1209 light=0.1203 mat=0.0055
  batch 320/329 | loss=0.2059 light=0.2052 mat=0.0075
  train | loss=0.1354 light=0.1349 mat=0.0053
  val   | loss=0.2229 light=0.2221 mat=0.0075 mat_mae=0.0343

Epoch 49/50
  batch 10/329 | loss=0.1430 light=0.1424 mat=0.0056
  batch 20/329 | loss=0.2146 light=0.2138 mat=0.0074
  batch 30/329 | loss=0.1527 light=0.1524 mat=0.0026
  batch 40/329 | loss=0.1128 light=0.1122 mat=0.0065
  batch 50/329 | loss=0.1104 light=0.1099 mat=0.0049
  batch 60/329 | loss=0.1449 light=0.1444 mat=0.0054
  batch 70/329 | loss=0.1648 light=0.1642 mat=0.0061
  batch 80/329 | loss=0.1435 light=0.1431 mat=0.0043
  batch 90/329 | loss=0.1147 light=0.1142 mat=0.0055
  batch 100/329 | loss=0.1128 light=0.1125 mat=0.0027
  batch 110/329 | loss=0.1208 light=0.1205 mat=0.0029
  batch 120/329 | loss=0.1499 light=0.1489 mat=0.0103
  batch 130/329 | loss=0.1028 light=0.1022 mat=0.0063
  batch 140/329 | loss=0.1871 light=0.1860 mat=0.0112
  batch 150/329 | loss=0.1033 light=0.1028 mat=0.0053
  batch 160/329 | loss=0.1348 light=0.1343 mat=0.0049
  batch 170/329 | loss=0.1537 light=0.1535 mat=0.0022
  batch 180/329 | loss=0.1262 light=0.1258 mat=0.0044
  batch 190/329 | loss=0.1165 light=0.1160 mat=0.0045
  batch 200/329 | loss=0.1630 light=0.1626 mat=0.0042
  batch 210/329 | loss=0.1255 light=0.1250 mat=0.0055
  batch 220/329 | loss=0.1736 light=0.1729 mat=0.0077
  batch 230/329 | loss=0.1034 light=0.1030 mat=0.0034
  batch 240/329 | loss=0.1157 light=0.1152 mat=0.0044
  batch 250/329 | loss=0.1392 light=0.1386 mat=0.0063
  batch 260/329 | loss=0.1492 light=0.1488 mat=0.0033
  batch 270/329 | loss=0.1190 light=0.1184 mat=0.0065
  batch 280/329 | loss=0.1294 light=0.1290 mat=0.0039
  batch 290/329 | loss=0.1421 light=0.1415 mat=0.0067
  batch 300/329 | loss=0.0858 light=0.0853 mat=0.0046
  batch 310/329 | loss=0.1311 light=0.1306 mat=0.0052
  batch 320/329 | loss=0.1211 light=0.1206 mat=0.0055
  train | loss=0.1353 light=0.1348 mat=0.0052
  val   | loss=0.2217 light=0.2209 mat=0.0076 mat_mae=0.0345
  -> new best model (val_loss=0.2217)

Epoch 50/50
  batch 10/329 | loss=0.1075 light=0.1071 mat=0.0048
  batch 20/329 | loss=0.1387 light=0.1384 mat=0.0029
  batch 30/329 | loss=0.1304 light=0.1300 mat=0.0042
  batch 40/329 | loss=0.1331 light=0.1329 mat=0.0021
  batch 50/329 | loss=0.1223 light=0.1216 mat=0.0068
  batch 60/329 | loss=0.1772 light=0.1766 mat=0.0061
  batch 70/329 | loss=0.1363 light=0.1355 mat=0.0076
  batch 80/329 | loss=0.1481 light=0.1480 mat=0.0017
  batch 90/329 | loss=0.0986 light=0.0980 mat=0.0061
  batch 100/329 | loss=0.1325 light=0.1320 mat=0.0052
  batch 110/329 | loss=0.1659 light=0.1656 mat=0.0038
  batch 120/329 | loss=0.1415 light=0.1411 mat=0.0039
  batch 130/329 | loss=0.0757 light=0.0750 mat=0.0069
  batch 140/329 | loss=0.1533 light=0.1525 mat=0.0076
  batch 150/329 | loss=0.1164 light=0.1157 mat=0.0063
  batch 160/329 | loss=0.1562 light=0.1556 mat=0.0058
  batch 170/329 | loss=0.1398 light=0.1393 mat=0.0053
  batch 180/329 | loss=0.1169 light=0.1164 mat=0.0049
  batch 190/329 | loss=0.1345 light=0.1340 mat=0.0043
  batch 200/329 | loss=0.1074 light=0.1070 mat=0.0045
  batch 210/329 | loss=0.1707 light=0.1705 mat=0.0022
  batch 220/329 | loss=0.1354 light=0.1348 mat=0.0053
  batch 230/329 | loss=0.1494 light=0.1490 mat=0.0046
  batch 240/329 | loss=0.1034 light=0.1029 mat=0.0053
  batch 250/329 | loss=0.1185 light=0.1177 mat=0.0076
  batch 260/329 | loss=0.1012 light=0.1006 mat=0.0059
  batch 270/329 | loss=0.0939 light=0.0934 mat=0.0053
  batch 280/329 | loss=0.1749 light=0.1745 mat=0.0035
  batch 290/329 | loss=0.0970 light=0.0967 mat=0.0031
  batch 300/329 | loss=0.1156 light=0.1150 mat=0.0061
  batch 310/329 | loss=0.1997 light=0.1988 mat=0.0084
  batch 320/329 | loss=0.1429 light=0.1425 mat=0.0040
  train | loss=0.1354 light=0.1349 mat=0.0052
  val   | loss=0.2222 light=0.2215 mat=0.0075 mat_mae=0.0342

  Training curves saved to ./models\seed_sweep_102_multitask_curves.png

============================================================
Evaluating on test set
============================================================

==============================================================================
Metric                                          Baseline            Multitask
------------------------------------------------------------------------------
  log_mse (mean ± 95% CI)                0.0948 ± 0.0053      0.1010 ± 0.0056
  LPIPS (mean ± 95% CI)                  0.4158 ± 0.0063      0.4241 ± 0.0063
  material_param_mae (mean)                          N/A               0.0334

Paired t-test (baseline - multitask) on per-sample log_mse:
  n              = 2250
  mean diff      = -0.0062 (95% CI ± 0.0012) — baseline better
  std of diffs   = 0.0301
  t-statistic    = -9.8325
  p-value (two-sided, normal approx) = 0

Paired t-test (baseline - multitask) on per-sample LPIPS:
  n              = 2250
  mean diff      = -0.0083 (95% CI ± 0.0016) — baseline better
  t-statistic    = -10.4699
  p-value (two-sided, normal approx) = 0

Per-material log_mse (mean ± 95% CI):
  Material                         Baseline            Multitask      Delta
  ---------------------------------------------------------------------------
  diffuse                   0.1307 ± 0.0169      0.1356 ± 0.0177    +0.0049
  glossy                    0.0764 ± 0.0089      0.0824 ± 0.0100    +0.0061
  metallic                  0.0809 ± 0.0085      0.0882 ± 0.0098    +0.0073
  rough_metallic            0.0983 ± 0.0128      0.1038 ± 0.0128    +0.0055
  dielectric                0.0878 ± 0.0093      0.0952 ± 0.0104    +0.0074

Per-parameter-bucket log_mse (mean ± 95% CI):
  Bucket                           Baseline            Multitask      Delta
  ---------------------------------------------------------------------------
  metallic_yes              0.0896 ± 0.0077      0.0960 ± 0.0081    +0.0064  (n=917)
  metallic_no               0.0984 ± 0.0072      0.1045 ± 0.0077    +0.0061  (n=1333)
  transmissive              0.0878 ± 0.0093      0.0952 ± 0.0104    +0.0074  (n=449)
  opaque                    0.0966 ± 0.0062      0.1025 ± 0.0065    +0.0059  (n=1801)
  rough_low                 0.0817 ± 0.0051      0.0887 ± 0.0058    +0.0069  (n=1343)
  rough_mid                 0.0919 ± 0.0129      0.0988 ± 0.0138    +0.0069  (n=282)
  rough_high                0.1242 ± 0.0141      0.1287 ± 0.0145    +0.0044  (n=625)

Multitask per-parameter MAE:
  metallic             0.0105
  roughness            0.0546
  specular             0.0202
  transmission         0.0255
  ior                  0.0561
======================================================================

============================================================
Shiny subset (roughness < 0.2 AND metallic > 0.8): n = 455 / 2250
============================================================

==============================================================================
Metric                                          Baseline            Multitask
------------------------------------------------------------------------------
  log_mse (mean ± 95% CI)                0.0809 ± 0.0085      0.0882 ± 0.0098
  LPIPS (mean ± 95% CI)                  0.3960 ± 0.0136      0.4055 ± 0.0134
  material_param_mae (mean)                          N/A               0.0158

Paired t-test (baseline - multitask) on per-sample log_mse:
  n              = 455
  mean diff      = -0.0073 (95% CI ± 0.0022) — baseline better
  std of diffs   = 0.0241
  t-statistic    = -6.4763
  p-value (two-sided, normal approx) = 9.397e-11

Paired t-test (baseline - multitask) on per-sample LPIPS:
  n              = 455
  mean diff      = -0.0095 (95% CI ± 0.0032) — baseline better
  t-statistic    = -5.7118
  p-value (two-sided, normal approx) = 1.118e-08

Per-material log_mse (mean ± 95% CI):
  Material                         Baseline            Multitask      Delta
  ---------------------------------------------------------------------------
  diffuse                               N/A                  N/A          —
  glossy                                N/A                  N/A          —
  metallic                  0.0809 ± 0.0085      0.0882 ± 0.0098    +0.0073
  rough_metallic                        N/A                  N/A          —
  dielectric                            N/A                  N/A          —

Per-parameter-bucket log_mse (mean ± 95% CI):
  Bucket                           Baseline            Multitask      Delta
  ---------------------------------------------------------------------------
  metallic_yes              0.0809 ± 0.0085      0.0882 ± 0.0098    +0.0073  (n=455)
  metallic_no                           N/A                  N/A          —  (n=0)
  transmissive                          N/A                  N/A          —  (n=0)
  opaque                    0.0809 ± 0.0085      0.0882 ± 0.0098    +0.0073  (n=455)
  rough_low                 0.0809 ± 0.0085      0.0882 ± 0.0098    +0.0073  (n=455)
  rough_mid                             N/A                  N/A          —  (n=0)
  rough_high                            N/A                  N/A          —  (n=0)

Multitask per-parameter MAE:
  metallic             0.0096
  roughness            0.0456
  specular             0.0033
  transmission         0.0052
  ior                  0.0152
======================================================================

============================================================
Rendered-teapot LPIPS on 120 shiny samples (transparent envmap bg)
============================================================

[teapot-lpips] Rendering 120 sample(s) at 256px × 16spp (transparent bg).
[teapot-lpips] rendered 10/120
[teapot-lpips] rendered 20/120
[teapot-lpips] rendered 30/120
[teapot-lpips] rendered 40/120
[teapot-lpips] rendered 50/120
[teapot-lpips] rendered 60/120
[teapot-lpips] rendered 70/120
[teapot-lpips] rendered 80/120
[teapot-lpips] rendered 90/120
[teapot-lpips] rendered 100/120
[teapot-lpips] rendered 110/120
[teapot-lpips] rendered 120/120
[teapot-lpips] Rendered 120 complete triplet(s).

  baseline render-LPIPS  mean = 0.1249
  multitask render-LPIPS mean = 0.1072
  paired t-test (baseline - multitask)
    n            = 120
    mean diff    = +0.0177 (95% CI ± 0.0091) — multitask better
    t-statistic  = +3.7893
    p-value      = 0.0001511
Per-material chart saved to result\seed_sweep_102\per_material_comparison.png
Per-attribute bucket chart saved to result\seed_sweep_102\per_param_bucket_comparison.png
Per-sample distribution saved to result\seed_sweep_102\log_mse_distribution.png
Per-parameter MAE chart saved to result\seed_sweep_102\material_param_mae.png

Results saved to ./models\seed_sweep_102_results.json

[teapot insertion comparison renders skipped via --skip-teapot-insertion]
Eval log saved to ./models\seed_sweep_102_eval_log.txt
