# cmd: C:\Program Files\Python314\python.exe code\main.py --seed 108 --data-split-seed 42 --experiment-name seed_sweep_108 --skip-teapot-insertion --shiny-lpips-max-n 120
# cwd: C:\Users\Shanying Liu\documents\dlcg
Device: cuda
Seed: 108  Experiment: seed_sweep_108
Dataset splits: train=10500, val=2250, test=2250

============================================================
Training baseline model (resnet50)
============================================================

Epoch 1/50
  batch 10/329 | loss=0.3529 light=0.3529 mat=0.0000
  batch 20/329 | loss=0.3840 light=0.3840 mat=0.0000
  batch 30/329 | loss=0.3442 light=0.3442 mat=0.0000
  batch 40/329 | loss=0.3368 light=0.3368 mat=0.0000
  batch 50/329 | loss=0.2888 light=0.2888 mat=0.0000
  batch 60/329 | loss=0.3532 light=0.3532 mat=0.0000
  batch 70/329 | loss=0.2396 light=0.2396 mat=0.0000
  batch 80/329 | loss=0.2225 light=0.2225 mat=0.0000
  batch 90/329 | loss=0.2350 light=0.2350 mat=0.0000
  batch 100/329 | loss=0.2615 light=0.2615 mat=0.0000
  batch 110/329 | loss=0.2368 light=0.2368 mat=0.0000
  batch 120/329 | loss=0.3489 light=0.3489 mat=0.0000
  batch 130/329 | loss=0.2099 light=0.2099 mat=0.0000
  batch 140/329 | loss=0.2823 light=0.2823 mat=0.0000
  batch 150/329 | loss=0.2598 light=0.2598 mat=0.0000
  batch 160/329 | loss=0.1820 light=0.1820 mat=0.0000
  batch 170/329 | loss=0.2303 light=0.2303 mat=0.0000
  batch 180/329 | loss=0.2330 light=0.2330 mat=0.0000
  batch 190/329 | loss=0.2403 light=0.2403 mat=0.0000
  batch 200/329 | loss=0.2181 light=0.2181 mat=0.0000
  batch 210/329 | loss=0.2250 light=0.2250 mat=0.0000
  batch 220/329 | loss=0.2998 light=0.2998 mat=0.0000
  batch 230/329 | loss=0.2263 light=0.2263 mat=0.0000
  batch 240/329 | loss=0.1889 light=0.1889 mat=0.0000
  batch 250/329 | loss=0.2233 light=0.2233 mat=0.0000
  batch 260/329 | loss=0.3276 light=0.3276 mat=0.0000
  batch 270/329 | loss=0.2098 light=0.2098 mat=0.0000
  batch 280/329 | loss=0.2302 light=0.2302 mat=0.0000
  batch 290/329 | loss=0.2308 light=0.2308 mat=0.0000
  batch 300/329 | loss=0.1858 light=0.1858 mat=0.0000
  batch 310/329 | loss=0.1426 light=0.1426 mat=0.0000
  batch 320/329 | loss=0.2578 light=0.2578 mat=0.0000
  train | loss=0.2542 light=0.2542 mat=0.0000
  val   | loss=0.2185 light=0.2185 mat=0.0000
  -> new best model (val_loss=0.2185)

Epoch 2/50
  batch 10/329 | loss=0.2214 light=0.2214 mat=0.0000
  batch 20/329 | loss=0.2338 light=0.2338 mat=0.0000
  batch 30/329 | loss=0.1856 light=0.1856 mat=0.0000
  batch 40/329 | loss=0.1764 light=0.1764 mat=0.0000
  batch 50/329 | loss=0.1790 light=0.1790 mat=0.0000
  batch 60/329 | loss=0.2046 light=0.2046 mat=0.0000
  batch 70/329 | loss=0.1858 light=0.1858 mat=0.0000
  batch 80/329 | loss=0.2327 light=0.2327 mat=0.0000
  batch 90/329 | loss=0.1504 light=0.1504 mat=0.0000
  batch 100/329 | loss=0.2257 light=0.2257 mat=0.0000
  batch 110/329 | loss=0.2380 light=0.2380 mat=0.0000
  batch 120/329 | loss=0.1549 light=0.1549 mat=0.0000
  batch 130/329 | loss=0.2134 light=0.2134 mat=0.0000
  batch 140/329 | loss=0.2043 light=0.2043 mat=0.0000
  batch 150/329 | loss=0.2434 light=0.2434 mat=0.0000
  batch 160/329 | loss=0.2053 light=0.2053 mat=0.0000
  batch 170/329 | loss=0.1837 light=0.1837 mat=0.0000
  batch 180/329 | loss=0.2646 light=0.2646 mat=0.0000
  batch 190/329 | loss=0.1828 light=0.1828 mat=0.0000
  batch 200/329 | loss=0.2397 light=0.2397 mat=0.0000
  batch 210/329 | loss=0.1972 light=0.1972 mat=0.0000
  batch 220/329 | loss=0.1401 light=0.1401 mat=0.0000
  batch 230/329 | loss=0.1727 light=0.1727 mat=0.0000
  batch 240/329 | loss=0.2103 light=0.2103 mat=0.0000
  batch 250/329 | loss=0.2049 light=0.2049 mat=0.0000
  batch 260/329 | loss=0.2057 light=0.2057 mat=0.0000
  batch 270/329 | loss=0.2207 light=0.2207 mat=0.0000
  batch 280/329 | loss=0.2045 light=0.2045 mat=0.0000
  batch 290/329 | loss=0.1664 light=0.1664 mat=0.0000
  batch 300/329 | loss=0.2082 light=0.2082 mat=0.0000
  batch 310/329 | loss=0.2160 light=0.2160 mat=0.0000
  batch 320/329 | loss=0.1816 light=0.1816 mat=0.0000
  train | loss=0.2066 light=0.2066 mat=0.0000
  val   | loss=0.1988 light=0.1988 mat=0.0000
  -> new best model (val_loss=0.1988)

Epoch 3/50
  batch 10/329 | loss=0.2259 light=0.2259 mat=0.0000
  batch 20/329 | loss=0.2045 light=0.2045 mat=0.0000
  batch 30/329 | loss=0.1912 light=0.1912 mat=0.0000
  batch 40/329 | loss=0.1956 light=0.1956 mat=0.0000
  batch 50/329 | loss=0.1735 light=0.1735 mat=0.0000
  batch 60/329 | loss=0.1893 light=0.1893 mat=0.0000
  batch 70/329 | loss=0.2149 light=0.2149 mat=0.0000
  batch 80/329 | loss=0.2002 light=0.2002 mat=0.0000
  batch 90/329 | loss=0.1484 light=0.1484 mat=0.0000
  batch 100/329 | loss=0.1995 light=0.1995 mat=0.0000
  batch 110/329 | loss=0.2315 light=0.2315 mat=0.0000
  batch 120/329 | loss=0.1711 light=0.1711 mat=0.0000
  batch 130/329 | loss=0.2332 light=0.2332 mat=0.0000
  batch 140/329 | loss=0.2336 light=0.2336 mat=0.0000
  batch 150/329 | loss=0.1892 light=0.1892 mat=0.0000
  batch 160/329 | loss=0.2289 light=0.2289 mat=0.0000
  batch 170/329 | loss=0.1981 light=0.1981 mat=0.0000
  batch 180/329 | loss=0.2720 light=0.2720 mat=0.0000
  batch 190/329 | loss=0.1572 light=0.1572 mat=0.0000
  batch 200/329 | loss=0.2380 light=0.2380 mat=0.0000
  batch 210/329 | loss=0.1879 light=0.1879 mat=0.0000
  batch 220/329 | loss=0.2524 light=0.2524 mat=0.0000
  batch 230/329 | loss=0.2157 light=0.2157 mat=0.0000
  batch 240/329 | loss=0.2003 light=0.2003 mat=0.0000
  batch 250/329 | loss=0.1869 light=0.1869 mat=0.0000
  batch 260/329 | loss=0.1736 light=0.1736 mat=0.0000
  batch 270/329 | loss=0.1436 light=0.1436 mat=0.0000
  batch 280/329 | loss=0.1952 light=0.1952 mat=0.0000
  batch 290/329 | loss=0.1863 light=0.1863 mat=0.0000
  batch 300/329 | loss=0.1859 light=0.1859 mat=0.0000
  batch 310/329 | loss=0.1600 light=0.1600 mat=0.0000
  batch 320/329 | loss=0.1973 light=0.1973 mat=0.0000
  train | loss=0.1898 light=0.1898 mat=0.0000
  val   | loss=0.1845 light=0.1845 mat=0.0000
  -> new best model (val_loss=0.1845)

Epoch 4/50
  batch 10/329 | loss=0.1571 light=0.1571 mat=0.0000
  batch 20/329 | loss=0.1503 light=0.1503 mat=0.0000
  batch 30/329 | loss=0.2127 light=0.2127 mat=0.0000
  batch 40/329 | loss=0.2841 light=0.2841 mat=0.0000
  batch 50/329 | loss=0.2035 light=0.2035 mat=0.0000
  batch 60/329 | loss=0.1924 light=0.1924 mat=0.0000
  batch 70/329 | loss=0.1724 light=0.1724 mat=0.0000
  batch 80/329 | loss=0.1805 light=0.1805 mat=0.0000
  batch 90/329 | loss=0.1529 light=0.1529 mat=0.0000
  batch 100/329 | loss=0.1915 light=0.1915 mat=0.0000
  batch 110/329 | loss=0.1460 light=0.1460 mat=0.0000
  batch 120/329 | loss=0.1823 light=0.1823 mat=0.0000
  batch 130/329 | loss=0.1318 light=0.1318 mat=0.0000
  batch 140/329 | loss=0.1802 light=0.1802 mat=0.0000
  batch 150/329 | loss=0.1619 light=0.1619 mat=0.0000
  batch 160/329 | loss=0.1681 light=0.1681 mat=0.0000
  batch 170/329 | loss=0.1530 light=0.1530 mat=0.0000
  batch 180/329 | loss=0.1350 light=0.1350 mat=0.0000
  batch 190/329 | loss=0.1318 light=0.1318 mat=0.0000
  batch 200/329 | loss=0.1934 light=0.1934 mat=0.0000
  batch 210/329 | loss=0.2093 light=0.2093 mat=0.0000
  batch 220/329 | loss=0.1694 light=0.1694 mat=0.0000
  batch 230/329 | loss=0.1342 light=0.1342 mat=0.0000
  batch 240/329 | loss=0.1779 light=0.1779 mat=0.0000
  batch 250/329 | loss=0.1474 light=0.1474 mat=0.0000
  batch 260/329 | loss=0.1870 light=0.1870 mat=0.0000
  batch 270/329 | loss=0.2124 light=0.2124 mat=0.0000
  batch 280/329 | loss=0.2001 light=0.2001 mat=0.0000
  batch 290/329 | loss=0.1511 light=0.1511 mat=0.0000
  batch 300/329 | loss=0.1643 light=0.1643 mat=0.0000
  batch 310/329 | loss=0.1584 light=0.1584 mat=0.0000
  batch 320/329 | loss=0.2429 light=0.2429 mat=0.0000
  train | loss=0.1775 light=0.1775 mat=0.0000
  val   | loss=0.1786 light=0.1786 mat=0.0000
  -> new best model (val_loss=0.1786)

Epoch 5/50
  batch 10/329 | loss=0.1607 light=0.1607 mat=0.0000
  batch 20/329 | loss=0.1782 light=0.1782 mat=0.0000
  batch 30/329 | loss=0.1306 light=0.1306 mat=0.0000
  batch 40/329 | loss=0.1390 light=0.1390 mat=0.0000
  batch 50/329 | loss=0.1778 light=0.1778 mat=0.0000
  batch 60/329 | loss=0.1269 light=0.1269 mat=0.0000
  batch 70/329 | loss=0.1536 light=0.1536 mat=0.0000
  batch 80/329 | loss=0.1603 light=0.1603 mat=0.0000
  batch 90/329 | loss=0.1456 light=0.1456 mat=0.0000
  batch 100/329 | loss=0.1924 light=0.1924 mat=0.0000
  batch 110/329 | loss=0.2093 light=0.2093 mat=0.0000
  batch 120/329 | loss=0.1695 light=0.1695 mat=0.0000
  batch 130/329 | loss=0.1508 light=0.1508 mat=0.0000
  batch 140/329 | loss=0.1977 light=0.1977 mat=0.0000
  batch 150/329 | loss=0.1698 light=0.1698 mat=0.0000
  batch 160/329 | loss=0.1508 light=0.1508 mat=0.0000
  batch 170/329 | loss=0.2141 light=0.2141 mat=0.0000
  batch 180/329 | loss=0.1655 light=0.1655 mat=0.0000
  batch 190/329 | loss=0.1737 light=0.1737 mat=0.0000
  batch 200/329 | loss=0.1834 light=0.1834 mat=0.0000
  batch 210/329 | loss=0.1704 light=0.1704 mat=0.0000
  batch 220/329 | loss=0.2342 light=0.2342 mat=0.0000
  batch 230/329 | loss=0.1357 light=0.1357 mat=0.0000
  batch 240/329 | loss=0.1294 light=0.1294 mat=0.0000
  batch 250/329 | loss=0.1626 light=0.1626 mat=0.0000
  batch 260/329 | loss=0.2425 light=0.2425 mat=0.0000
  batch 270/329 | loss=0.1768 light=0.1768 mat=0.0000
  batch 280/329 | loss=0.1270 light=0.1270 mat=0.0000
  batch 290/329 | loss=0.2256 light=0.2256 mat=0.0000
  batch 300/329 | loss=0.1246 light=0.1246 mat=0.0000
  batch 310/329 | loss=0.1456 light=0.1456 mat=0.0000
  batch 320/329 | loss=0.1820 light=0.1820 mat=0.0000
  train | loss=0.1678 light=0.1678 mat=0.0000
  val   | loss=0.1714 light=0.1714 mat=0.0000
  -> new best model (val_loss=0.1714)

Epoch 6/50
  batch 10/329 | loss=0.1364 light=0.1364 mat=0.0000
  batch 20/329 | loss=0.1464 light=0.1464 mat=0.0000
  batch 30/329 | loss=0.1434 light=0.1434 mat=0.0000
  batch 40/329 | loss=0.1642 light=0.1642 mat=0.0000
  batch 50/329 | loss=0.1688 light=0.1688 mat=0.0000
  batch 60/329 | loss=0.1800 light=0.1800 mat=0.0000
  batch 70/329 | loss=0.1678 light=0.1678 mat=0.0000
  batch 80/329 | loss=0.1258 light=0.1258 mat=0.0000
  batch 90/329 | loss=0.1978 light=0.1978 mat=0.0000
  batch 100/329 | loss=0.1052 light=0.1052 mat=0.0000
  batch 110/329 | loss=0.1584 light=0.1584 mat=0.0000
  batch 120/329 | loss=0.1302 light=0.1302 mat=0.0000
  batch 130/329 | loss=0.1522 light=0.1522 mat=0.0000
  batch 140/329 | loss=0.1374 light=0.1374 mat=0.0000
  batch 150/329 | loss=0.2090 light=0.2090 mat=0.0000
  batch 160/329 | loss=0.1839 light=0.1839 mat=0.0000
  batch 170/329 | loss=0.1622 light=0.1622 mat=0.0000
  batch 180/329 | loss=0.1314 light=0.1314 mat=0.0000
  batch 190/329 | loss=0.2063 light=0.2063 mat=0.0000
  batch 200/329 | loss=0.1323 light=0.1323 mat=0.0000
  batch 210/329 | loss=0.1439 light=0.1439 mat=0.0000
  batch 220/329 | loss=0.1452 light=0.1452 mat=0.0000
  batch 230/329 | loss=0.1081 light=0.1081 mat=0.0000
  batch 240/329 | loss=0.1267 light=0.1267 mat=0.0000
  batch 250/329 | loss=0.1710 light=0.1710 mat=0.0000
  batch 260/329 | loss=0.1744 light=0.1744 mat=0.0000
  batch 270/329 | loss=0.1584 light=0.1584 mat=0.0000
  batch 280/329 | loss=0.2002 light=0.2002 mat=0.0000
  batch 290/329 | loss=0.1942 light=0.1942 mat=0.0000
  batch 300/329 | loss=0.1625 light=0.1625 mat=0.0000
  batch 310/329 | loss=0.1483 light=0.1483 mat=0.0000
  batch 320/329 | loss=0.1271 light=0.1271 mat=0.0000
  train | loss=0.1597 light=0.1597 mat=0.0000
  val   | loss=0.1702 light=0.1702 mat=0.0000
  -> new best model (val_loss=0.1702)

Epoch 7/50
  batch 10/329 | loss=0.1868 light=0.1868 mat=0.0000
  batch 20/329 | loss=0.1301 light=0.1301 mat=0.0000
  batch 30/329 | loss=0.1158 light=0.1158 mat=0.0000
  batch 40/329 | loss=0.1952 light=0.1952 mat=0.0000
  batch 50/329 | loss=0.1290 light=0.1290 mat=0.0000
  batch 60/329 | loss=0.1125 light=0.1125 mat=0.0000
  batch 70/329 | loss=0.2048 light=0.2048 mat=0.0000
  batch 80/329 | loss=0.2274 light=0.2274 mat=0.0000
  batch 90/329 | loss=0.1665 light=0.1665 mat=0.0000
  batch 100/329 | loss=0.1514 light=0.1514 mat=0.0000
  batch 110/329 | loss=0.2036 light=0.2036 mat=0.0000
  batch 120/329 | loss=0.1753 light=0.1753 mat=0.0000
  batch 130/329 | loss=0.1528 light=0.1528 mat=0.0000
  batch 140/329 | loss=0.1311 light=0.1311 mat=0.0000
  batch 150/329 | loss=0.1857 light=0.1857 mat=0.0000
  batch 160/329 | loss=0.1373 light=0.1373 mat=0.0000
  batch 170/329 | loss=0.1285 light=0.1285 mat=0.0000
  batch 180/329 | loss=0.1591 light=0.1591 mat=0.0000
  batch 190/329 | loss=0.1809 light=0.1809 mat=0.0000
  batch 200/329 | loss=0.1461 light=0.1461 mat=0.0000
  batch 210/329 | loss=0.1897 light=0.1897 mat=0.0000
  batch 220/329 | loss=0.1573 light=0.1573 mat=0.0000
  batch 230/329 | loss=0.1738 light=0.1738 mat=0.0000
  batch 240/329 | loss=0.1734 light=0.1734 mat=0.0000
  batch 250/329 | loss=0.0952 light=0.0952 mat=0.0000
  batch 260/329 | loss=0.1449 light=0.1449 mat=0.0000
  batch 270/329 | loss=0.1485 light=0.1485 mat=0.0000
  batch 280/329 | loss=0.2063 light=0.2063 mat=0.0000
  batch 290/329 | loss=0.2368 light=0.2368 mat=0.0000
  batch 300/329 | loss=0.1182 light=0.1182 mat=0.0000
  batch 310/329 | loss=0.1326 light=0.1326 mat=0.0000
  batch 320/329 | loss=0.1298 light=0.1298 mat=0.0000
  train | loss=0.1538 light=0.1538 mat=0.0000
  val   | loss=0.1682 light=0.1682 mat=0.0000
  -> new best model (val_loss=0.1682)

Epoch 8/50
  batch 10/329 | loss=0.1652 light=0.1652 mat=0.0000
  batch 20/329 | loss=0.1743 light=0.1743 mat=0.0000
  batch 30/329 | loss=0.1188 light=0.1188 mat=0.0000
  batch 40/329 | loss=0.1189 light=0.1189 mat=0.0000
  batch 50/329 | loss=0.1809 light=0.1809 mat=0.0000
  batch 60/329 | loss=0.1526 light=0.1526 mat=0.0000
  batch 70/329 | loss=0.1317 light=0.1317 mat=0.0000
  batch 80/329 | loss=0.1275 light=0.1275 mat=0.0000
  batch 90/329 | loss=0.1419 light=0.1419 mat=0.0000
  batch 100/329 | loss=0.1383 light=0.1383 mat=0.0000
  batch 110/329 | loss=0.1244 light=0.1244 mat=0.0000
  batch 120/329 | loss=0.1286 light=0.1286 mat=0.0000
  batch 130/329 | loss=0.1465 light=0.1465 mat=0.0000
  batch 140/329 | loss=0.1436 light=0.1436 mat=0.0000
  batch 150/329 | loss=0.1509 light=0.1509 mat=0.0000
  batch 160/329 | loss=0.1304 light=0.1304 mat=0.0000
  batch 170/329 | loss=0.1277 light=0.1277 mat=0.0000
  batch 180/329 | loss=0.1661 light=0.1661 mat=0.0000
  batch 190/329 | loss=0.1335 light=0.1335 mat=0.0000
  batch 200/329 | loss=0.1594 light=0.1594 mat=0.0000
  batch 210/329 | loss=0.1040 light=0.1040 mat=0.0000
  batch 220/329 | loss=0.1654 light=0.1654 mat=0.0000
  batch 230/329 | loss=0.1595 light=0.1595 mat=0.0000
  batch 240/329 | loss=0.1636 light=0.1636 mat=0.0000
  batch 250/329 | loss=0.1391 light=0.1391 mat=0.0000
  batch 260/329 | loss=0.1233 light=0.1233 mat=0.0000
  batch 270/329 | loss=0.1485 light=0.1485 mat=0.0000
  batch 280/329 | loss=0.1024 light=0.1024 mat=0.0000
  batch 290/329 | loss=0.2283 light=0.2283 mat=0.0000
  batch 300/329 | loss=0.1312 light=0.1312 mat=0.0000
  batch 310/329 | loss=0.1588 light=0.1588 mat=0.0000
  batch 320/329 | loss=0.1137 light=0.1137 mat=0.0000
  train | loss=0.1487 light=0.1487 mat=0.0000
  val   | loss=0.1674 light=0.1674 mat=0.0000
  -> new best model (val_loss=0.1674)

Epoch 9/50
  batch 10/329 | loss=0.2028 light=0.2028 mat=0.0000
  batch 20/329 | loss=0.1401 light=0.1401 mat=0.0000
  batch 30/329 | loss=0.1481 light=0.1481 mat=0.0000
  batch 40/329 | loss=0.1517 light=0.1517 mat=0.0000
  batch 50/329 | loss=0.1334 light=0.1334 mat=0.0000
  batch 60/329 | loss=0.1530 light=0.1530 mat=0.0000
  batch 70/329 | loss=0.1382 light=0.1382 mat=0.0000
  batch 80/329 | loss=0.1684 light=0.1684 mat=0.0000
  batch 90/329 | loss=0.0993 light=0.0993 mat=0.0000
  batch 100/329 | loss=0.1240 light=0.1240 mat=0.0000
  batch 110/329 | loss=0.1683 light=0.1683 mat=0.0000
  batch 120/329 | loss=0.1423 light=0.1423 mat=0.0000
  batch 130/329 | loss=0.1324 light=0.1324 mat=0.0000
  batch 140/329 | loss=0.1887 light=0.1887 mat=0.0000
  batch 150/329 | loss=0.1365 light=0.1365 mat=0.0000
  batch 160/329 | loss=0.1504 light=0.1504 mat=0.0000
  batch 170/329 | loss=0.1548 light=0.1548 mat=0.0000
  batch 180/329 | loss=0.1244 light=0.1244 mat=0.0000
  batch 190/329 | loss=0.1540 light=0.1540 mat=0.0000
  batch 200/329 | loss=0.1725 light=0.1725 mat=0.0000
  batch 210/329 | loss=0.1313 light=0.1313 mat=0.0000
  batch 220/329 | loss=0.1359 light=0.1359 mat=0.0000
  batch 230/329 | loss=0.1061 light=0.1061 mat=0.0000
  batch 240/329 | loss=0.1305 light=0.1305 mat=0.0000
  batch 250/329 | loss=0.1328 light=0.1328 mat=0.0000
  batch 260/329 | loss=0.1735 light=0.1735 mat=0.0000
  batch 270/329 | loss=0.1203 light=0.1203 mat=0.0000
  batch 280/329 | loss=0.1521 light=0.1521 mat=0.0000
  batch 290/329 | loss=0.1294 light=0.1294 mat=0.0000
  batch 300/329 | loss=0.1493 light=0.1493 mat=0.0000
  batch 310/329 | loss=0.1488 light=0.1488 mat=0.0000
  batch 320/329 | loss=0.1366 light=0.1366 mat=0.0000
  train | loss=0.1430 light=0.1430 mat=0.0000
  val   | loss=0.1579 light=0.1579 mat=0.0000
  -> new best model (val_loss=0.1579)

Epoch 10/50
  batch 10/329 | loss=0.1525 light=0.1525 mat=0.0000
  batch 20/329 | loss=0.1159 light=0.1159 mat=0.0000
  batch 30/329 | loss=0.1253 light=0.1253 mat=0.0000
  batch 40/329 | loss=0.1408 light=0.1408 mat=0.0000
  batch 50/329 | loss=0.1336 light=0.1336 mat=0.0000
  batch 60/329 | loss=0.1347 light=0.1347 mat=0.0000
  batch 70/329 | loss=0.1183 light=0.1183 mat=0.0000
  batch 80/329 | loss=0.1186 light=0.1186 mat=0.0000
  batch 90/329 | loss=0.1721 light=0.1721 mat=0.0000
  batch 100/329 | loss=0.1474 light=0.1474 mat=0.0000
  batch 110/329 | loss=0.1612 light=0.1612 mat=0.0000
  batch 120/329 | loss=0.1045 light=0.1045 mat=0.0000
  batch 130/329 | loss=0.1281 light=0.1281 mat=0.0000
  batch 140/329 | loss=0.1320 light=0.1320 mat=0.0000
  batch 150/329 | loss=0.1208 light=0.1208 mat=0.0000
  batch 160/329 | loss=0.1510 light=0.1510 mat=0.0000
  batch 170/329 | loss=0.1476 light=0.1476 mat=0.0000
  batch 180/329 | loss=0.1512 light=0.1512 mat=0.0000
  batch 190/329 | loss=0.1401 light=0.1401 mat=0.0000
  batch 200/329 | loss=0.1358 light=0.1358 mat=0.0000
  batch 210/329 | loss=0.1643 light=0.1643 mat=0.0000
  batch 220/329 | loss=0.1090 light=0.1090 mat=0.0000
  batch 230/329 | loss=0.1194 light=0.1194 mat=0.0000
  batch 240/329 | loss=0.1360 light=0.1360 mat=0.0000
  batch 250/329 | loss=0.1481 light=0.1481 mat=0.0000
  batch 260/329 | loss=0.0958 light=0.0958 mat=0.0000
  batch 270/329 | loss=0.1195 light=0.1195 mat=0.0000
  batch 280/329 | loss=0.1098 light=0.1098 mat=0.0000
  batch 290/329 | loss=0.1425 light=0.1425 mat=0.0000
  batch 300/329 | loss=0.1471 light=0.1471 mat=0.0000
  batch 310/329 | loss=0.1251 light=0.1251 mat=0.0000
  batch 320/329 | loss=0.1520 light=0.1520 mat=0.0000
  train | loss=0.1395 light=0.1395 mat=0.0000
  val   | loss=0.1534 light=0.1534 mat=0.0000
  -> new best model (val_loss=0.1534)

Epoch 11/50
  batch 10/329 | loss=0.1387 light=0.1387 mat=0.0000
  batch 20/329 | loss=0.1628 light=0.1628 mat=0.0000
  batch 30/329 | loss=0.1355 light=0.1355 mat=0.0000
  batch 40/329 | loss=0.1311 light=0.1311 mat=0.0000
  batch 50/329 | loss=0.1053 light=0.1053 mat=0.0000
  batch 60/329 | loss=0.1430 light=0.1430 mat=0.0000
  batch 70/329 | loss=0.1205 light=0.1205 mat=0.0000
  batch 80/329 | loss=0.1507 light=0.1507 mat=0.0000
  batch 90/329 | loss=0.1806 light=0.1806 mat=0.0000
  batch 100/329 | loss=0.1465 light=0.1465 mat=0.0000
  batch 110/329 | loss=0.1387 light=0.1387 mat=0.0000
  batch 120/329 | loss=0.1117 light=0.1117 mat=0.0000
  batch 130/329 | loss=0.1333 light=0.1333 mat=0.0000
  batch 140/329 | loss=0.1443 light=0.1443 mat=0.0000
  batch 150/329 | loss=0.1081 light=0.1081 mat=0.0000
  batch 160/329 | loss=0.1701 light=0.1701 mat=0.0000
  batch 170/329 | loss=0.1437 light=0.1437 mat=0.0000
  batch 180/329 | loss=0.1095 light=0.1095 mat=0.0000
  batch 190/329 | loss=0.0985 light=0.0985 mat=0.0000
  batch 200/329 | loss=0.1516 light=0.1516 mat=0.0000
  batch 210/329 | loss=0.1275 light=0.1275 mat=0.0000
  batch 220/329 | loss=0.1428 light=0.1428 mat=0.0000
  batch 230/329 | loss=0.1031 light=0.1031 mat=0.0000
  batch 240/329 | loss=0.1143 light=0.1143 mat=0.0000
  batch 250/329 | loss=0.1615 light=0.1615 mat=0.0000
  batch 260/329 | loss=0.1219 light=0.1219 mat=0.0000
  batch 270/329 | loss=0.1753 light=0.1753 mat=0.0000
  batch 280/329 | loss=0.1394 light=0.1394 mat=0.0000
  batch 290/329 | loss=0.1761 light=0.1761 mat=0.0000
  batch 300/329 | loss=0.1210 light=0.1210 mat=0.0000
  batch 310/329 | loss=0.1079 light=0.1079 mat=0.0000
  batch 320/329 | loss=0.1811 light=0.1811 mat=0.0000
  train | loss=0.1352 light=0.1352 mat=0.0000
  val   | loss=0.1552 light=0.1552 mat=0.0000

Epoch 12/50
  batch 10/329 | loss=0.1298 light=0.1298 mat=0.0000
  batch 20/329 | loss=0.1241 light=0.1241 mat=0.0000
  batch 30/329 | loss=0.1228 light=0.1228 mat=0.0000
  batch 40/329 | loss=0.1390 light=0.1390 mat=0.0000
  batch 50/329 | loss=0.1622 light=0.1622 mat=0.0000
  batch 60/329 | loss=0.1664 light=0.1664 mat=0.0000
  batch 70/329 | loss=0.1752 light=0.1752 mat=0.0000
  batch 80/329 | loss=0.1695 light=0.1695 mat=0.0000
  batch 90/329 | loss=0.1240 light=0.1240 mat=0.0000
  batch 100/329 | loss=0.1481 light=0.1481 mat=0.0000
  batch 110/329 | loss=0.1018 light=0.1018 mat=0.0000
  batch 120/329 | loss=0.1277 light=0.1277 mat=0.0000
  batch 130/329 | loss=0.1185 light=0.1185 mat=0.0000
  batch 140/329 | loss=0.1207 light=0.1207 mat=0.0000
  batch 150/329 | loss=0.1097 light=0.1097 mat=0.0000
  batch 160/329 | loss=0.0985 light=0.0985 mat=0.0000
  batch 170/329 | loss=0.1216 light=0.1216 mat=0.0000
  batch 180/329 | loss=0.1019 light=0.1019 mat=0.0000
  batch 190/329 | loss=0.1141 light=0.1141 mat=0.0000
  batch 200/329 | loss=0.1403 light=0.1403 mat=0.0000
  batch 210/329 | loss=0.1295 light=0.1295 mat=0.0000
  batch 220/329 | loss=0.1139 light=0.1139 mat=0.0000
  batch 230/329 | loss=0.1156 light=0.1156 mat=0.0000
  batch 240/329 | loss=0.1245 light=0.1245 mat=0.0000
  batch 250/329 | loss=0.1796 light=0.1796 mat=0.0000
  batch 260/329 | loss=0.1129 light=0.1129 mat=0.0000
  batch 270/329 | loss=0.1299 light=0.1299 mat=0.0000
  batch 280/329 | loss=0.1248 light=0.1248 mat=0.0000
  batch 290/329 | loss=0.1713 light=0.1713 mat=0.0000
  batch 300/329 | loss=0.1529 light=0.1529 mat=0.0000
  batch 310/329 | loss=0.1281 light=0.1281 mat=0.0000
  batch 320/329 | loss=0.1520 light=0.1520 mat=0.0000
  train | loss=0.1319 light=0.1319 mat=0.0000
  val   | loss=0.1529 light=0.1529 mat=0.0000
  -> new best model (val_loss=0.1529)

Epoch 13/50
  batch 10/329 | loss=0.1473 light=0.1473 mat=0.0000
  batch 20/329 | loss=0.1112 light=0.1112 mat=0.0000
  batch 30/329 | loss=0.1116 light=0.1116 mat=0.0000
  batch 40/329 | loss=0.1557 light=0.1557 mat=0.0000
  batch 50/329 | loss=0.1287 light=0.1287 mat=0.0000
  batch 60/329 | loss=0.1215 light=0.1215 mat=0.0000
  batch 70/329 | loss=0.1208 light=0.1208 mat=0.0000
  batch 80/329 | loss=0.1302 light=0.1302 mat=0.0000
  batch 90/329 | loss=0.1812 light=0.1812 mat=0.0000
  batch 100/329 | loss=0.1070 light=0.1070 mat=0.0000
  batch 110/329 | loss=0.1483 light=0.1483 mat=0.0000
  batch 120/329 | loss=0.1592 light=0.1592 mat=0.0000
  batch 130/329 | loss=0.1060 light=0.1060 mat=0.0000
  batch 140/329 | loss=0.1317 light=0.1317 mat=0.0000
  batch 150/329 | loss=0.1088 light=0.1088 mat=0.0000
  batch 160/329 | loss=0.1104 light=0.1104 mat=0.0000
  batch 170/329 | loss=0.1353 light=0.1353 mat=0.0000
  batch 180/329 | loss=0.1076 light=0.1076 mat=0.0000
  batch 190/329 | loss=0.1286 light=0.1286 mat=0.0000
  batch 200/329 | loss=0.1022 light=0.1022 mat=0.0000
  batch 210/329 | loss=0.1205 light=0.1205 mat=0.0000
  batch 220/329 | loss=0.1244 light=0.1244 mat=0.0000
  batch 230/329 | loss=0.0933 light=0.0933 mat=0.0000
  batch 240/329 | loss=0.1386 light=0.1386 mat=0.0000
  batch 250/329 | loss=0.1009 light=0.1009 mat=0.0000
  batch 260/329 | loss=0.1326 light=0.1326 mat=0.0000
  batch 270/329 | loss=0.1192 light=0.1192 mat=0.0000
  batch 280/329 | loss=0.1249 light=0.1249 mat=0.0000
  batch 290/329 | loss=0.1243 light=0.1243 mat=0.0000
  batch 300/329 | loss=0.1314 light=0.1314 mat=0.0000
  batch 310/329 | loss=0.1160 light=0.1160 mat=0.0000
  batch 320/329 | loss=0.0851 light=0.0851 mat=0.0000
  train | loss=0.1285 light=0.1285 mat=0.0000
  val   | loss=0.1476 light=0.1476 mat=0.0000
  -> new best model (val_loss=0.1476)

Epoch 14/50
  batch 10/329 | loss=0.1674 light=0.1674 mat=0.0000
  batch 20/329 | loss=0.1745 light=0.1745 mat=0.0000
  batch 30/329 | loss=0.1142 light=0.1142 mat=0.0000
  batch 40/329 | loss=0.1362 light=0.1362 mat=0.0000
  batch 50/329 | loss=0.1174 light=0.1174 mat=0.0000
  batch 60/329 | loss=0.1263 light=0.1263 mat=0.0000
  batch 70/329 | loss=0.1430 light=0.1430 mat=0.0000
  batch 80/329 | loss=0.1600 light=0.1600 mat=0.0000
  batch 90/329 | loss=0.1221 light=0.1221 mat=0.0000
  batch 100/329 | loss=0.1165 light=0.1165 mat=0.0000
  batch 110/329 | loss=0.1487 light=0.1487 mat=0.0000
  batch 120/329 | loss=0.1111 light=0.1111 mat=0.0000
  batch 130/329 | loss=0.1040 light=0.1040 mat=0.0000
  batch 140/329 | loss=0.1171 light=0.1171 mat=0.0000
  batch 150/329 | loss=0.1205 light=0.1205 mat=0.0000
  batch 160/329 | loss=0.1471 light=0.1471 mat=0.0000
  batch 170/329 | loss=0.0947 light=0.0947 mat=0.0000
  batch 180/329 | loss=0.1438 light=0.1438 mat=0.0000
  batch 190/329 | loss=0.0837 light=0.0837 mat=0.0000
  batch 200/329 | loss=0.1588 light=0.1588 mat=0.0000
  batch 210/329 | loss=0.1390 light=0.1390 mat=0.0000
  batch 220/329 | loss=0.1688 light=0.1688 mat=0.0000
  batch 230/329 | loss=0.1622 light=0.1622 mat=0.0000
  batch 240/329 | loss=0.1050 light=0.1050 mat=0.0000
  batch 250/329 | loss=0.1262 light=0.1262 mat=0.0000
  batch 260/329 | loss=0.1138 light=0.1138 mat=0.0000
  batch 270/329 | loss=0.1316 light=0.1316 mat=0.0000
  batch 280/329 | loss=0.1085 light=0.1085 mat=0.0000
  batch 290/329 | loss=0.0932 light=0.0932 mat=0.0000
  batch 300/329 | loss=0.1221 light=0.1221 mat=0.0000
  batch 310/329 | loss=0.1238 light=0.1238 mat=0.0000
  batch 320/329 | loss=0.1186 light=0.1186 mat=0.0000
  train | loss=0.1274 light=0.1274 mat=0.0000
  val   | loss=0.1524 light=0.1524 mat=0.0000

Epoch 15/50
  batch 10/329 | loss=0.1465 light=0.1465 mat=0.0000
  batch 20/329 | loss=0.1334 light=0.1334 mat=0.0000
  batch 30/329 | loss=0.1047 light=0.1047 mat=0.0000
  batch 40/329 | loss=0.1131 light=0.1131 mat=0.0000
  batch 50/329 | loss=0.1447 light=0.1447 mat=0.0000
  batch 60/329 | loss=0.1397 light=0.1397 mat=0.0000
  batch 70/329 | loss=0.0958 light=0.0958 mat=0.0000
  batch 80/329 | loss=0.0960 light=0.0960 mat=0.0000
  batch 90/329 | loss=0.0964 light=0.0964 mat=0.0000
  batch 100/329 | loss=0.1299 light=0.1299 mat=0.0000
  batch 110/329 | loss=0.0917 light=0.0917 mat=0.0000
  batch 120/329 | loss=0.0932 light=0.0932 mat=0.0000
  batch 130/329 | loss=0.0989 light=0.0989 mat=0.0000
  batch 140/329 | loss=0.1184 light=0.1184 mat=0.0000
  batch 150/329 | loss=0.1148 light=0.1148 mat=0.0000
  batch 160/329 | loss=0.1069 light=0.1069 mat=0.0000
  batch 170/329 | loss=0.1074 light=0.1074 mat=0.0000
  batch 180/329 | loss=0.0860 light=0.0860 mat=0.0000
  batch 190/329 | loss=0.1283 light=0.1283 mat=0.0000
  batch 200/329 | loss=0.1219 light=0.1219 mat=0.0000
  batch 210/329 | loss=0.1478 light=0.1478 mat=0.0000
  batch 220/329 | loss=0.1300 light=0.1300 mat=0.0000
  batch 230/329 | loss=0.1314 light=0.1314 mat=0.0000
  batch 240/329 | loss=0.0894 light=0.0894 mat=0.0000
  batch 250/329 | loss=0.1202 light=0.1202 mat=0.0000
  batch 260/329 | loss=0.1375 light=0.1375 mat=0.0000
  batch 270/329 | loss=0.1015 light=0.1015 mat=0.0000
  batch 280/329 | loss=0.1183 light=0.1183 mat=0.0000
  batch 290/329 | loss=0.1325 light=0.1325 mat=0.0000
  batch 300/329 | loss=0.1180 light=0.1180 mat=0.0000
  batch 310/329 | loss=0.1288 light=0.1288 mat=0.0000
  batch 320/329 | loss=0.1562 light=0.1562 mat=0.0000
  train | loss=0.1243 light=0.1243 mat=0.0000
  val   | loss=0.1474 light=0.1474 mat=0.0000
  -> new best model (val_loss=0.1474)

Epoch 16/50
  batch 10/329 | loss=0.1053 light=0.1053 mat=0.0000
  batch 20/329 | loss=0.1195 light=0.1195 mat=0.0000
  batch 30/329 | loss=0.1209 light=0.1209 mat=0.0000
  batch 40/329 | loss=0.1596 light=0.1596 mat=0.0000
  batch 50/329 | loss=0.1312 light=0.1312 mat=0.0000
  batch 60/329 | loss=0.1287 light=0.1287 mat=0.0000
  batch 70/329 | loss=0.1005 light=0.1005 mat=0.0000
  batch 80/329 | loss=0.1649 light=0.1649 mat=0.0000
  batch 90/329 | loss=0.1096 light=0.1096 mat=0.0000
  batch 100/329 | loss=0.1103 light=0.1103 mat=0.0000
  batch 110/329 | loss=0.1396 light=0.1396 mat=0.0000
  batch 120/329 | loss=0.1775 light=0.1775 mat=0.0000
  batch 130/329 | loss=0.0933 light=0.0933 mat=0.0000
  batch 140/329 | loss=0.1134 light=0.1134 mat=0.0000
  batch 150/329 | loss=0.0956 light=0.0956 mat=0.0000
  batch 160/329 | loss=0.1152 light=0.1152 mat=0.0000
  batch 170/329 | loss=0.1549 light=0.1549 mat=0.0000
  batch 180/329 | loss=0.1108 light=0.1108 mat=0.0000
  batch 190/329 | loss=0.1177 light=0.1177 mat=0.0000
  batch 200/329 | loss=0.0947 light=0.0947 mat=0.0000
  batch 210/329 | loss=0.1308 light=0.1308 mat=0.0000
  batch 220/329 | loss=0.1139 light=0.1139 mat=0.0000
  batch 230/329 | loss=0.1272 light=0.1272 mat=0.0000
  batch 240/329 | loss=0.1012 light=0.1012 mat=0.0000
  batch 250/329 | loss=0.1446 light=0.1446 mat=0.0000
  batch 260/329 | loss=0.0944 light=0.0944 mat=0.0000
  batch 270/329 | loss=0.1198 light=0.1198 mat=0.0000
  batch 280/329 | loss=0.0944 light=0.0944 mat=0.0000
  batch 290/329 | loss=0.1137 light=0.1137 mat=0.0000
  batch 300/329 | loss=0.1239 light=0.1239 mat=0.0000
  batch 310/329 | loss=0.1539 light=0.1539 mat=0.0000
  batch 320/329 | loss=0.1316 light=0.1316 mat=0.0000
  train | loss=0.1200 light=0.1200 mat=0.0000
  val   | loss=0.1461 light=0.1461 mat=0.0000
  -> new best model (val_loss=0.1461)

Epoch 17/50
  batch 10/329 | loss=0.0892 light=0.0892 mat=0.0000
  batch 20/329 | loss=0.0968 light=0.0968 mat=0.0000
  batch 30/329 | loss=0.1281 light=0.1281 mat=0.0000
  batch 40/329 | loss=0.1095 light=0.1095 mat=0.0000
  batch 50/329 | loss=0.0930 light=0.0930 mat=0.0000
  batch 60/329 | loss=0.1104 light=0.1104 mat=0.0000
  batch 70/329 | loss=0.1293 light=0.1293 mat=0.0000
  batch 80/329 | loss=0.0897 light=0.0897 mat=0.0000
  batch 90/329 | loss=0.1075 light=0.1075 mat=0.0000
  batch 100/329 | loss=0.1056 light=0.1056 mat=0.0000
  batch 110/329 | loss=0.1767 light=0.1767 mat=0.0000
  batch 120/329 | loss=0.1127 light=0.1127 mat=0.0000
  batch 130/329 | loss=0.1170 light=0.1170 mat=0.0000
  batch 140/329 | loss=0.1170 light=0.1170 mat=0.0000
  batch 150/329 | loss=0.1243 light=0.1243 mat=0.0000
  batch 160/329 | loss=0.1038 light=0.1038 mat=0.0000
  batch 170/329 | loss=0.1101 light=0.1101 mat=0.0000
  batch 180/329 | loss=0.0868 light=0.0868 mat=0.0000
  batch 190/329 | loss=0.1009 light=0.1009 mat=0.0000
  batch 200/329 | loss=0.0901 light=0.0901 mat=0.0000
  batch 210/329 | loss=0.0836 light=0.0836 mat=0.0000
  batch 220/329 | loss=0.1072 light=0.1072 mat=0.0000
  batch 230/329 | loss=0.1025 light=0.1025 mat=0.0000
  batch 240/329 | loss=0.1019 light=0.1019 mat=0.0000
  batch 250/329 | loss=0.1442 light=0.1442 mat=0.0000
  batch 260/329 | loss=0.0965 light=0.0965 mat=0.0000
  batch 270/329 | loss=0.0927 light=0.0927 mat=0.0000
  batch 280/329 | loss=0.1098 light=0.1098 mat=0.0000
  batch 290/329 | loss=0.1029 light=0.1029 mat=0.0000
  batch 300/329 | loss=0.1159 light=0.1159 mat=0.0000
  batch 310/329 | loss=0.1134 light=0.1134 mat=0.0000
  batch 320/329 | loss=0.1049 light=0.1049 mat=0.0000
  train | loss=0.1174 light=0.1174 mat=0.0000
  val   | loss=0.1419 light=0.1419 mat=0.0000
  -> new best model (val_loss=0.1419)

Epoch 18/50
  batch 10/329 | loss=0.1297 light=0.1297 mat=0.0000
  batch 20/329 | loss=0.1218 light=0.1218 mat=0.0000
  batch 30/329 | loss=0.1228 light=0.1228 mat=0.0000
  batch 40/329 | loss=0.0932 light=0.0932 mat=0.0000
  batch 50/329 | loss=0.1202 light=0.1202 mat=0.0000
  batch 60/329 | loss=0.1675 light=0.1675 mat=0.0000
  batch 70/329 | loss=0.1185 light=0.1185 mat=0.0000
  batch 80/329 | loss=0.0891 light=0.0891 mat=0.0000
  batch 90/329 | loss=0.1276 light=0.1276 mat=0.0000
  batch 100/329 | loss=0.1094 light=0.1094 mat=0.0000
  batch 110/329 | loss=0.1072 light=0.1072 mat=0.0000
  batch 120/329 | loss=0.1287 light=0.1287 mat=0.0000
  batch 130/329 | loss=0.0997 light=0.0997 mat=0.0000
  batch 140/329 | loss=0.1141 light=0.1141 mat=0.0000
  batch 150/329 | loss=0.0867 light=0.0867 mat=0.0000
  batch 160/329 | loss=0.1072 light=0.1072 mat=0.0000
  batch 170/329 | loss=0.1289 light=0.1289 mat=0.0000
  batch 180/329 | loss=0.0905 light=0.0905 mat=0.0000
  batch 190/329 | loss=0.1438 light=0.1438 mat=0.0000
  batch 200/329 | loss=0.1100 light=0.1100 mat=0.0000
  batch 210/329 | loss=0.0932 light=0.0932 mat=0.0000
  batch 220/329 | loss=0.1399 light=0.1399 mat=0.0000
  batch 230/329 | loss=0.1336 light=0.1336 mat=0.0000
  batch 240/329 | loss=0.0946 light=0.0946 mat=0.0000
  batch 250/329 | loss=0.0873 light=0.0873 mat=0.0000
  batch 260/329 | loss=0.1283 light=0.1283 mat=0.0000
  batch 270/329 | loss=0.1063 light=0.1063 mat=0.0000
  batch 280/329 | loss=0.1215 light=0.1215 mat=0.0000
  batch 290/329 | loss=0.0862 light=0.0862 mat=0.0000
  batch 300/329 | loss=0.1036 light=0.1036 mat=0.0000
  batch 310/329 | loss=0.0918 light=0.0918 mat=0.0000
  batch 320/329 | loss=0.1140 light=0.1140 mat=0.0000
  train | loss=0.1144 light=0.1144 mat=0.0000
  val   | loss=0.1426 light=0.1426 mat=0.0000

Epoch 19/50
  batch 10/329 | loss=0.0984 light=0.0984 mat=0.0000
  batch 20/329 | loss=0.1381 light=0.1381 mat=0.0000
  batch 30/329 | loss=0.0797 light=0.0797 mat=0.0000
  batch 40/329 | loss=0.1128 light=0.1128 mat=0.0000
  batch 50/329 | loss=0.1568 light=0.1568 mat=0.0000
  batch 60/329 | loss=0.1178 light=0.1178 mat=0.0000
  batch 70/329 | loss=0.1115 light=0.1115 mat=0.0000
  batch 80/329 | loss=0.1075 light=0.1075 mat=0.0000
  batch 90/329 | loss=0.1222 light=0.1222 mat=0.0000
  batch 100/329 | loss=0.1131 light=0.1131 mat=0.0000
  batch 110/329 | loss=0.1146 light=0.1146 mat=0.0000
  batch 120/329 | loss=0.1678 light=0.1678 mat=0.0000
  batch 130/329 | loss=0.1065 light=0.1065 mat=0.0000
  batch 140/329 | loss=0.1234 light=0.1234 mat=0.0000
  batch 150/329 | loss=0.0986 light=0.0986 mat=0.0000
  batch 160/329 | loss=0.0964 light=0.0964 mat=0.0000
  batch 170/329 | loss=0.1139 light=0.1139 mat=0.0000
  batch 180/329 | loss=0.0893 light=0.0893 mat=0.0000
  batch 190/329 | loss=0.0849 light=0.0849 mat=0.0000
  batch 200/329 | loss=0.1269 light=0.1269 mat=0.0000
  batch 210/329 | loss=0.0976 light=0.0976 mat=0.0000
  batch 220/329 | loss=0.1107 light=0.1107 mat=0.0000
  batch 230/329 | loss=0.1677 light=0.1677 mat=0.0000
  batch 240/329 | loss=0.1115 light=0.1115 mat=0.0000
  batch 250/329 | loss=0.1087 light=0.1087 mat=0.0000
  batch 260/329 | loss=0.1586 light=0.1586 mat=0.0000
  batch 270/329 | loss=0.1129 light=0.1129 mat=0.0000
  batch 280/329 | loss=0.1057 light=0.1057 mat=0.0000
  batch 290/329 | loss=0.1390 light=0.1390 mat=0.0000
  batch 300/329 | loss=0.0892 light=0.0892 mat=0.0000
  batch 310/329 | loss=0.1247 light=0.1247 mat=0.0000
  batch 320/329 | loss=0.1639 light=0.1639 mat=0.0000
  train | loss=0.1130 light=0.1130 mat=0.0000
  val   | loss=0.1414 light=0.1414 mat=0.0000
  -> new best model (val_loss=0.1414)

Epoch 20/50
  batch 10/329 | loss=0.1124 light=0.1124 mat=0.0000
  batch 20/329 | loss=0.0882 light=0.0882 mat=0.0000
  batch 30/329 | loss=0.1671 light=0.1671 mat=0.0000
  batch 40/329 | loss=0.1174 light=0.1174 mat=0.0000
  batch 50/329 | loss=0.1644 light=0.1644 mat=0.0000
  batch 60/329 | loss=0.1115 light=0.1115 mat=0.0000
  batch 70/329 | loss=0.1247 light=0.1247 mat=0.0000
  batch 80/329 | loss=0.1113 light=0.1113 mat=0.0000
  batch 90/329 | loss=0.1181 light=0.1181 mat=0.0000
  batch 100/329 | loss=0.1058 light=0.1058 mat=0.0000
  batch 110/329 | loss=0.0873 light=0.0873 mat=0.0000
  batch 120/329 | loss=0.0967 light=0.0967 mat=0.0000
  batch 130/329 | loss=0.1482 light=0.1482 mat=0.0000
  batch 140/329 | loss=0.1545 light=0.1545 mat=0.0000
  batch 150/329 | loss=0.1370 light=0.1370 mat=0.0000
  batch 160/329 | loss=0.1481 light=0.1481 mat=0.0000
  batch 170/329 | loss=0.0859 light=0.0859 mat=0.0000
  batch 180/329 | loss=0.1268 light=0.1268 mat=0.0000
  batch 190/329 | loss=0.1001 light=0.1001 mat=0.0000
  batch 200/329 | loss=0.1139 light=0.1139 mat=0.0000
  batch 210/329 | loss=0.0884 light=0.0884 mat=0.0000
  batch 220/329 | loss=0.1086 light=0.1086 mat=0.0000
  batch 230/329 | loss=0.1195 light=0.1195 mat=0.0000
  batch 240/329 | loss=0.1125 light=0.1125 mat=0.0000
  batch 250/329 | loss=0.1237 light=0.1237 mat=0.0000
  batch 260/329 | loss=0.1026 light=0.1026 mat=0.0000
  batch 270/329 | loss=0.1196 light=0.1196 mat=0.0000
  batch 280/329 | loss=0.0790 light=0.0790 mat=0.0000
  batch 290/329 | loss=0.0831 light=0.0831 mat=0.0000
  batch 300/329 | loss=0.0931 light=0.0931 mat=0.0000
  batch 310/329 | loss=0.1119 light=0.1119 mat=0.0000
  batch 320/329 | loss=0.0778 light=0.0778 mat=0.0000
  train | loss=0.1108 light=0.1108 mat=0.0000
  val   | loss=0.1409 light=0.1409 mat=0.0000
  -> new best model (val_loss=0.1409)

Epoch 21/50
  batch 10/329 | loss=0.0910 light=0.0910 mat=0.0000
  batch 20/329 | loss=0.0865 light=0.0865 mat=0.0000
  batch 30/329 | loss=0.1393 light=0.1393 mat=0.0000
  batch 40/329 | loss=0.1318 light=0.1318 mat=0.0000
  batch 50/329 | loss=0.1098 light=0.1098 mat=0.0000
  batch 60/329 | loss=0.0776 light=0.0776 mat=0.0000
  batch 70/329 | loss=0.1259 light=0.1259 mat=0.0000
  batch 80/329 | loss=0.1079 light=0.1079 mat=0.0000
  batch 90/329 | loss=0.0985 light=0.0985 mat=0.0000
  batch 100/329 | loss=0.1106 light=0.1106 mat=0.0000
  batch 110/329 | loss=0.1578 light=0.1578 mat=0.0000
  batch 120/329 | loss=0.1458 light=0.1458 mat=0.0000
  batch 130/329 | loss=0.1185 light=0.1185 mat=0.0000
  batch 140/329 | loss=0.1441 light=0.1441 mat=0.0000
  batch 150/329 | loss=0.0968 light=0.0968 mat=0.0000
  batch 160/329 | loss=0.1029 light=0.1029 mat=0.0000
  batch 170/329 | loss=0.1081 light=0.1081 mat=0.0000
  batch 180/329 | loss=0.1346 light=0.1346 mat=0.0000
  batch 190/329 | loss=0.0836 light=0.0836 mat=0.0000
  batch 200/329 | loss=0.1023 light=0.1023 mat=0.0000
  batch 210/329 | loss=0.1264 light=0.1264 mat=0.0000
  batch 220/329 | loss=0.1071 light=0.1071 mat=0.0000
  batch 230/329 | loss=0.1142 light=0.1142 mat=0.0000
  batch 240/329 | loss=0.0863 light=0.0863 mat=0.0000
  batch 250/329 | loss=0.0761 light=0.0761 mat=0.0000
  batch 260/329 | loss=0.1449 light=0.1449 mat=0.0000
  batch 270/329 | loss=0.1431 light=0.1431 mat=0.0000
  batch 280/329 | loss=0.1121 light=0.1121 mat=0.0000
  batch 290/329 | loss=0.0995 light=0.0995 mat=0.0000
  batch 300/329 | loss=0.0782 light=0.0782 mat=0.0000
  batch 310/329 | loss=0.1066 light=0.1066 mat=0.0000
  batch 320/329 | loss=0.0956 light=0.0956 mat=0.0000
  train | loss=0.1092 light=0.1092 mat=0.0000
  val   | loss=0.1392 light=0.1392 mat=0.0000
  -> new best model (val_loss=0.1392)

Epoch 22/50
  batch 10/329 | loss=0.1080 light=0.1080 mat=0.0000
  batch 20/329 | loss=0.1177 light=0.1177 mat=0.0000
  batch 30/329 | loss=0.1081 light=0.1081 mat=0.0000
  batch 40/329 | loss=0.0972 light=0.0972 mat=0.0000
  batch 50/329 | loss=0.1272 light=0.1272 mat=0.0000
  batch 60/329 | loss=0.1110 light=0.1110 mat=0.0000
  batch 70/329 | loss=0.1106 light=0.1106 mat=0.0000
  batch 80/329 | loss=0.1221 light=0.1221 mat=0.0000
  batch 90/329 | loss=0.1057 light=0.1057 mat=0.0000
  batch 100/329 | loss=0.1273 light=0.1273 mat=0.0000
  batch 110/329 | loss=0.0831 light=0.0831 mat=0.0000
  batch 120/329 | loss=0.1063 light=0.1063 mat=0.0000
  batch 130/329 | loss=0.0874 light=0.0874 mat=0.0000
  batch 140/329 | loss=0.0948 light=0.0948 mat=0.0000
  batch 150/329 | loss=0.1074 light=0.1074 mat=0.0000
  batch 160/329 | loss=0.1321 light=0.1321 mat=0.0000
  batch 170/329 | loss=0.1380 light=0.1380 mat=0.0000
  batch 180/329 | loss=0.1165 light=0.1165 mat=0.0000
  batch 190/329 | loss=0.0987 light=0.0987 mat=0.0000
  batch 200/329 | loss=0.0961 light=0.0961 mat=0.0000
  batch 210/329 | loss=0.1235 light=0.1235 mat=0.0000
  batch 220/329 | loss=0.0941 light=0.0941 mat=0.0000
  batch 230/329 | loss=0.1216 light=0.1216 mat=0.0000
  batch 240/329 | loss=0.1194 light=0.1194 mat=0.0000
  batch 250/329 | loss=0.0917 light=0.0917 mat=0.0000
  batch 260/329 | loss=0.0782 light=0.0782 mat=0.0000
  batch 270/329 | loss=0.1480 light=0.1480 mat=0.0000
  batch 280/329 | loss=0.1130 light=0.1130 mat=0.0000
  batch 290/329 | loss=0.1249 light=0.1249 mat=0.0000
  batch 300/329 | loss=0.1235 light=0.1235 mat=0.0000
  batch 310/329 | loss=0.1002 light=0.1002 mat=0.0000
  batch 320/329 | loss=0.1291 light=0.1291 mat=0.0000
  train | loss=0.1075 light=0.1075 mat=0.0000
  val   | loss=0.1375 light=0.1375 mat=0.0000
  -> new best model (val_loss=0.1375)

Epoch 23/50
  batch 10/329 | loss=0.1358 light=0.1358 mat=0.0000
  batch 20/329 | loss=0.1073 light=0.1073 mat=0.0000
  batch 30/329 | loss=0.0925 light=0.0925 mat=0.0000
  batch 40/329 | loss=0.1078 light=0.1078 mat=0.0000
  batch 50/329 | loss=0.1211 light=0.1211 mat=0.0000
  batch 60/329 | loss=0.1193 light=0.1193 mat=0.0000
  batch 70/329 | loss=0.1169 light=0.1169 mat=0.0000
  batch 80/329 | loss=0.1085 light=0.1085 mat=0.0000
  batch 90/329 | loss=0.1192 light=0.1192 mat=0.0000
  batch 100/329 | loss=0.0924 light=0.0924 mat=0.0000
  batch 110/329 | loss=0.0670 light=0.0670 mat=0.0000
  batch 120/329 | loss=0.1327 light=0.1327 mat=0.0000
  batch 130/329 | loss=0.1072 light=0.1072 mat=0.0000
  batch 140/329 | loss=0.0782 light=0.0782 mat=0.0000
  batch 150/329 | loss=0.0993 light=0.0993 mat=0.0000
  batch 160/329 | loss=0.0675 light=0.0675 mat=0.0000
  batch 170/329 | loss=0.1137 light=0.1137 mat=0.0000
  batch 180/329 | loss=0.1223 light=0.1223 mat=0.0000
  batch 190/329 | loss=0.0927 light=0.0927 mat=0.0000
  batch 200/329 | loss=0.1155 light=0.1155 mat=0.0000
  batch 210/329 | loss=0.1154 light=0.1154 mat=0.0000
  batch 220/329 | loss=0.1032 light=0.1032 mat=0.0000
  batch 230/329 | loss=0.1116 light=0.1116 mat=0.0000
  batch 240/329 | loss=0.1163 light=0.1163 mat=0.0000
  batch 250/329 | loss=0.1438 light=0.1438 mat=0.0000
  batch 260/329 | loss=0.0893 light=0.0893 mat=0.0000
  batch 270/329 | loss=0.1599 light=0.1599 mat=0.0000
  batch 280/329 | loss=0.0748 light=0.0748 mat=0.0000
  batch 290/329 | loss=0.0827 light=0.0827 mat=0.0000
  batch 300/329 | loss=0.1014 light=0.1014 mat=0.0000
  batch 310/329 | loss=0.0694 light=0.0694 mat=0.0000
  batch 320/329 | loss=0.1047 light=0.1047 mat=0.0000
  train | loss=0.1057 light=0.1057 mat=0.0000
  val   | loss=0.1379 light=0.1379 mat=0.0000

Epoch 24/50
  batch 10/329 | loss=0.0722 light=0.0722 mat=0.0000
  batch 20/329 | loss=0.1080 light=0.1080 mat=0.0000
  batch 30/329 | loss=0.1251 light=0.1251 mat=0.0000
  batch 40/329 | loss=0.1118 light=0.1118 mat=0.0000
  batch 50/329 | loss=0.1185 light=0.1185 mat=0.0000
  batch 60/329 | loss=0.1028 light=0.1028 mat=0.0000
  batch 70/329 | loss=0.0979 light=0.0979 mat=0.0000
  batch 80/329 | loss=0.0961 light=0.0961 mat=0.0000
  batch 90/329 | loss=0.1001 light=0.1001 mat=0.0000
  batch 100/329 | loss=0.1597 light=0.1597 mat=0.0000
  batch 110/329 | loss=0.1382 light=0.1382 mat=0.0000
  batch 120/329 | loss=0.0865 light=0.0865 mat=0.0000
  batch 130/329 | loss=0.1060 light=0.1060 mat=0.0000
  batch 140/329 | loss=0.1423 light=0.1423 mat=0.0000
  batch 150/329 | loss=0.0926 light=0.0926 mat=0.0000
  batch 160/329 | loss=0.0760 light=0.0760 mat=0.0000
  batch 170/329 | loss=0.0595 light=0.0595 mat=0.0000
  batch 180/329 | loss=0.0771 light=0.0771 mat=0.0000
  batch 190/329 | loss=0.0727 light=0.0727 mat=0.0000
  batch 200/329 | loss=0.0940 light=0.0940 mat=0.0000
  batch 210/329 | loss=0.0961 light=0.0961 mat=0.0000
  batch 220/329 | loss=0.0774 light=0.0774 mat=0.0000
  batch 230/329 | loss=0.0967 light=0.0967 mat=0.0000
  batch 240/329 | loss=0.1007 light=0.1007 mat=0.0000
  batch 250/329 | loss=0.1005 light=0.1005 mat=0.0000
  batch 260/329 | loss=0.0710 light=0.0710 mat=0.0000
  batch 270/329 | loss=0.0780 light=0.0780 mat=0.0000
  batch 280/329 | loss=0.0824 light=0.0824 mat=0.0000
  batch 290/329 | loss=0.1155 light=0.1155 mat=0.0000
  batch 300/329 | loss=0.1033 light=0.1033 mat=0.0000
  batch 310/329 | loss=0.1035 light=0.1035 mat=0.0000
  batch 320/329 | loss=0.1070 light=0.1070 mat=0.0000
  train | loss=0.1033 light=0.1033 mat=0.0000
  val   | loss=0.1359 light=0.1359 mat=0.0000
  -> new best model (val_loss=0.1359)

Epoch 25/50
  batch 10/329 | loss=0.1263 light=0.1263 mat=0.0000
  batch 20/329 | loss=0.0918 light=0.0918 mat=0.0000
  batch 30/329 | loss=0.1286 light=0.1286 mat=0.0000
  batch 40/329 | loss=0.1025 light=0.1025 mat=0.0000
  batch 50/329 | loss=0.1322 light=0.1322 mat=0.0000
  batch 60/329 | loss=0.0928 light=0.0928 mat=0.0000
  batch 70/329 | loss=0.0880 light=0.0880 mat=0.0000
  batch 80/329 | loss=0.1070 light=0.1070 mat=0.0000
  batch 90/329 | loss=0.1114 light=0.1114 mat=0.0000
  batch 100/329 | loss=0.1019 light=0.1019 mat=0.0000
  batch 110/329 | loss=0.0971 light=0.0971 mat=0.0000
  batch 120/329 | loss=0.0959 light=0.0959 mat=0.0000
  batch 130/329 | loss=0.0991 light=0.0991 mat=0.0000
  batch 140/329 | loss=0.0964 light=0.0964 mat=0.0000
  batch 150/329 | loss=0.1186 light=0.1186 mat=0.0000
  batch 160/329 | loss=0.0889 light=0.0889 mat=0.0000
  batch 170/329 | loss=0.0898 light=0.0898 mat=0.0000
  batch 180/329 | loss=0.0941 light=0.0941 mat=0.0000
  batch 190/329 | loss=0.0875 light=0.0875 mat=0.0000
  batch 200/329 | loss=0.1060 light=0.1060 mat=0.0000
  batch 210/329 | loss=0.0814 light=0.0814 mat=0.0000
  batch 220/329 | loss=0.1473 light=0.1473 mat=0.0000
  batch 230/329 | loss=0.0770 light=0.0770 mat=0.0000
  batch 240/329 | loss=0.0910 light=0.0910 mat=0.0000
  batch 250/329 | loss=0.1030 light=0.1030 mat=0.0000
  batch 260/329 | loss=0.1070 light=0.1070 mat=0.0000
  batch 270/329 | loss=0.0864 light=0.0864 mat=0.0000
  batch 280/329 | loss=0.0890 light=0.0890 mat=0.0000
  batch 290/329 | loss=0.1145 light=0.1145 mat=0.0000
  batch 300/329 | loss=0.1048 light=0.1048 mat=0.0000
  batch 310/329 | loss=0.0789 light=0.0789 mat=0.0000
  batch 320/329 | loss=0.1109 light=0.1109 mat=0.0000
  train | loss=0.1018 light=0.1018 mat=0.0000
  val   | loss=0.1341 light=0.1341 mat=0.0000
  -> new best model (val_loss=0.1341)

Epoch 26/50
  batch 10/329 | loss=0.0750 light=0.0750 mat=0.0000
  batch 20/329 | loss=0.0835 light=0.0835 mat=0.0000
  batch 30/329 | loss=0.0814 light=0.0814 mat=0.0000
  batch 40/329 | loss=0.1218 light=0.1218 mat=0.0000
  batch 50/329 | loss=0.0958 light=0.0958 mat=0.0000
  batch 60/329 | loss=0.1203 light=0.1203 mat=0.0000
  batch 70/329 | loss=0.0898 light=0.0898 mat=0.0000
  batch 80/329 | loss=0.0904 light=0.0904 mat=0.0000
  batch 90/329 | loss=0.0950 light=0.0950 mat=0.0000
  batch 100/329 | loss=0.0833 light=0.0833 mat=0.0000
  batch 110/329 | loss=0.1088 light=0.1088 mat=0.0000
  batch 120/329 | loss=0.0830 light=0.0830 mat=0.0000
  batch 130/329 | loss=0.0769 light=0.0769 mat=0.0000
  batch 140/329 | loss=0.1254 light=0.1254 mat=0.0000
  batch 150/329 | loss=0.0994 light=0.0994 mat=0.0000
  batch 160/329 | loss=0.0874 light=0.0874 mat=0.0000
  batch 170/329 | loss=0.1622 light=0.1622 mat=0.0000
  batch 180/329 | loss=0.1241 light=0.1241 mat=0.0000
  batch 190/329 | loss=0.1078 light=0.1078 mat=0.0000
  batch 200/329 | loss=0.1210 light=0.1210 mat=0.0000
  batch 210/329 | loss=0.0702 light=0.0702 mat=0.0000
  batch 220/329 | loss=0.1001 light=0.1001 mat=0.0000
  batch 230/329 | loss=0.1275 light=0.1275 mat=0.0000
  batch 240/329 | loss=0.1181 light=0.1181 mat=0.0000
  batch 250/329 | loss=0.0744 light=0.0744 mat=0.0000
  batch 260/329 | loss=0.1257 light=0.1257 mat=0.0000
  batch 270/329 | loss=0.0949 light=0.0949 mat=0.0000
  batch 280/329 | loss=0.1197 light=0.1197 mat=0.0000
  batch 290/329 | loss=0.0991 light=0.0991 mat=0.0000
  batch 300/329 | loss=0.0895 light=0.0895 mat=0.0000
  batch 310/329 | loss=0.0960 light=0.0960 mat=0.0000
  batch 320/329 | loss=0.1402 light=0.1402 mat=0.0000
  train | loss=0.1000 light=0.1000 mat=0.0000
  val   | loss=0.1341 light=0.1341 mat=0.0000
  -> new best model (val_loss=0.1341)

Epoch 27/50
  batch 10/329 | loss=0.1112 light=0.1112 mat=0.0000
  batch 20/329 | loss=0.1143 light=0.1143 mat=0.0000
  batch 30/329 | loss=0.0945 light=0.0945 mat=0.0000
  batch 40/329 | loss=0.0653 light=0.0653 mat=0.0000
  batch 50/329 | loss=0.1318 light=0.1318 mat=0.0000
  batch 60/329 | loss=0.0920 light=0.0920 mat=0.0000
  batch 70/329 | loss=0.1054 light=0.1054 mat=0.0000
  batch 80/329 | loss=0.1038 light=0.1038 mat=0.0000
  batch 90/329 | loss=0.0779 light=0.0779 mat=0.0000
  batch 100/329 | loss=0.1030 light=0.1030 mat=0.0000
  batch 110/329 | loss=0.0736 light=0.0736 mat=0.0000
  batch 120/329 | loss=0.1019 light=0.1019 mat=0.0000
  batch 130/329 | loss=0.1016 light=0.1016 mat=0.0000
  batch 140/329 | loss=0.0908 light=0.0908 mat=0.0000
  batch 150/329 | loss=0.1203 light=0.1203 mat=0.0000
  batch 160/329 | loss=0.0722 light=0.0722 mat=0.0000
  batch 170/329 | loss=0.1292 light=0.1292 mat=0.0000
  batch 180/329 | loss=0.0980 light=0.0980 mat=0.0000
  batch 190/329 | loss=0.1265 light=0.1265 mat=0.0000
  batch 200/329 | loss=0.1006 light=0.1006 mat=0.0000
  batch 210/329 | loss=0.0748 light=0.0748 mat=0.0000
  batch 220/329 | loss=0.0854 light=0.0854 mat=0.0000
  batch 230/329 | loss=0.0701 light=0.0701 mat=0.0000
  batch 240/329 | loss=0.1145 light=0.1145 mat=0.0000
  batch 250/329 | loss=0.0756 light=0.0756 mat=0.0000
  batch 260/329 | loss=0.1074 light=0.1074 mat=0.0000
  batch 270/329 | loss=0.0709 light=0.0709 mat=0.0000
  batch 280/329 | loss=0.1024 light=0.1024 mat=0.0000
  batch 290/329 | loss=0.0918 light=0.0918 mat=0.0000
  batch 300/329 | loss=0.1180 light=0.1180 mat=0.0000
  batch 310/329 | loss=0.1277 light=0.1277 mat=0.0000
  batch 320/329 | loss=0.0803 light=0.0803 mat=0.0000
  train | loss=0.0996 light=0.0996 mat=0.0000
  val   | loss=0.1333 light=0.1333 mat=0.0000
  -> new best model (val_loss=0.1333)

Epoch 28/50
  batch 10/329 | loss=0.0999 light=0.0999 mat=0.0000
  batch 20/329 | loss=0.0717 light=0.0717 mat=0.0000
  batch 30/329 | loss=0.0816 light=0.0816 mat=0.0000
  batch 40/329 | loss=0.1217 light=0.1217 mat=0.0000
  batch 50/329 | loss=0.1176 light=0.1176 mat=0.0000
  batch 60/329 | loss=0.1012 light=0.1012 mat=0.0000
  batch 70/329 | loss=0.0809 light=0.0809 mat=0.0000
  batch 80/329 | loss=0.0938 light=0.0938 mat=0.0000
  batch 90/329 | loss=0.1019 light=0.1019 mat=0.0000
  batch 100/329 | loss=0.0791 light=0.0791 mat=0.0000
  batch 110/329 | loss=0.0737 light=0.0737 mat=0.0000
  batch 120/329 | loss=0.0859 light=0.0859 mat=0.0000
  batch 130/329 | loss=0.1103 light=0.1103 mat=0.0000
  batch 140/329 | loss=0.0770 light=0.0770 mat=0.0000
  batch 150/329 | loss=0.1062 light=0.1062 mat=0.0000
  batch 160/329 | loss=0.1219 light=0.1219 mat=0.0000
  batch 170/329 | loss=0.1326 light=0.1326 mat=0.0000
  batch 180/329 | loss=0.0786 light=0.0786 mat=0.0000
  batch 190/329 | loss=0.0763 light=0.0763 mat=0.0000
  batch 200/329 | loss=0.0895 light=0.0895 mat=0.0000
  batch 210/329 | loss=0.0826 light=0.0826 mat=0.0000
  batch 220/329 | loss=0.0909 light=0.0909 mat=0.0000
  batch 230/329 | loss=0.0906 light=0.0906 mat=0.0000
  batch 240/329 | loss=0.0821 light=0.0821 mat=0.0000
  batch 250/329 | loss=0.0827 light=0.0827 mat=0.0000
  batch 260/329 | loss=0.0770 light=0.0770 mat=0.0000
  batch 270/329 | loss=0.0858 light=0.0858 mat=0.0000
  batch 280/329 | loss=0.0862 light=0.0862 mat=0.0000
  batch 290/329 | loss=0.0847 light=0.0847 mat=0.0000
  batch 300/329 | loss=0.1035 light=0.1035 mat=0.0000
  batch 310/329 | loss=0.0995 light=0.0995 mat=0.0000
  batch 320/329 | loss=0.0858 light=0.0858 mat=0.0000
  train | loss=0.0969 light=0.0969 mat=0.0000
  val   | loss=0.1325 light=0.1325 mat=0.0000
  -> new best model (val_loss=0.1325)

Epoch 29/50
  batch 10/329 | loss=0.0907 light=0.0907 mat=0.0000
  batch 20/329 | loss=0.0917 light=0.0917 mat=0.0000
  batch 30/329 | loss=0.0998 light=0.0998 mat=0.0000
  batch 40/329 | loss=0.0787 light=0.0787 mat=0.0000
  batch 50/329 | loss=0.0994 light=0.0994 mat=0.0000
  batch 60/329 | loss=0.1352 light=0.1352 mat=0.0000
  batch 70/329 | loss=0.0781 light=0.0781 mat=0.0000
  batch 80/329 | loss=0.0657 light=0.0657 mat=0.0000
  batch 90/329 | loss=0.1098 light=0.1098 mat=0.0000
  batch 100/329 | loss=0.0842 light=0.0842 mat=0.0000
  batch 110/329 | loss=0.0720 light=0.0720 mat=0.0000
  batch 120/329 | loss=0.1253 light=0.1253 mat=0.0000
  batch 130/329 | loss=0.0965 light=0.0965 mat=0.0000
  batch 140/329 | loss=0.1026 light=0.1026 mat=0.0000
  batch 150/329 | loss=0.0746 light=0.0746 mat=0.0000
  batch 160/329 | loss=0.1031 light=0.1031 mat=0.0000
  batch 170/329 | loss=0.0911 light=0.0911 mat=0.0000
  batch 180/329 | loss=0.0962 light=0.0962 mat=0.0000
  batch 190/329 | loss=0.0741 light=0.0741 mat=0.0000
  batch 200/329 | loss=0.0769 light=0.0769 mat=0.0000
  batch 210/329 | loss=0.1109 light=0.1109 mat=0.0000
  batch 220/329 | loss=0.0840 light=0.0840 mat=0.0000
  batch 230/329 | loss=0.1026 light=0.1026 mat=0.0000
  batch 240/329 | loss=0.0691 light=0.0691 mat=0.0000
  batch 250/329 | loss=0.1037 light=0.1037 mat=0.0000
  batch 260/329 | loss=0.1096 light=0.1096 mat=0.0000
  batch 270/329 | loss=0.0645 light=0.0645 mat=0.0000
  batch 280/329 | loss=0.1238 light=0.1238 mat=0.0000
  batch 290/329 | loss=0.1032 light=0.1032 mat=0.0000
  batch 300/329 | loss=0.1086 light=0.1086 mat=0.0000
  batch 310/329 | loss=0.0956 light=0.0956 mat=0.0000
  batch 320/329 | loss=0.0988 light=0.0988 mat=0.0000
  train | loss=0.0955 light=0.0955 mat=0.0000
  val   | loss=0.1324 light=0.1324 mat=0.0000
  -> new best model (val_loss=0.1324)

Epoch 30/50
  batch 10/329 | loss=0.1233 light=0.1233 mat=0.0000
  batch 20/329 | loss=0.1047 light=0.1047 mat=0.0000
  batch 30/329 | loss=0.1056 light=0.1056 mat=0.0000
  batch 40/329 | loss=0.0899 light=0.0899 mat=0.0000
  batch 50/329 | loss=0.0909 light=0.0909 mat=0.0000
  batch 60/329 | loss=0.0996 light=0.0996 mat=0.0000
  batch 70/329 | loss=0.0865 light=0.0865 mat=0.0000
  batch 80/329 | loss=0.0772 light=0.0772 mat=0.0000
  batch 90/329 | loss=0.0659 light=0.0659 mat=0.0000
  batch 100/329 | loss=0.0734 light=0.0734 mat=0.0000
  batch 110/329 | loss=0.0917 light=0.0917 mat=0.0000
  batch 120/329 | loss=0.0727 light=0.0727 mat=0.0000
  batch 130/329 | loss=0.0821 light=0.0821 mat=0.0000
  batch 140/329 | loss=0.0977 light=0.0977 mat=0.0000
  batch 150/329 | loss=0.0985 light=0.0985 mat=0.0000
  batch 160/329 | loss=0.0896 light=0.0896 mat=0.0000
  batch 170/329 | loss=0.1015 light=0.1015 mat=0.0000
  batch 180/329 | loss=0.0779 light=0.0779 mat=0.0000
  batch 190/329 | loss=0.0776 light=0.0776 mat=0.0000
  batch 200/329 | loss=0.1105 light=0.1105 mat=0.0000
  batch 210/329 | loss=0.1062 light=0.1062 mat=0.0000
  batch 220/329 | loss=0.0761 light=0.0761 mat=0.0000
  batch 230/329 | loss=0.1324 light=0.1324 mat=0.0000
  batch 240/329 | loss=0.0904 light=0.0904 mat=0.0000
  batch 250/329 | loss=0.0776 light=0.0776 mat=0.0000
  batch 260/329 | loss=0.0842 light=0.0842 mat=0.0000
  batch 270/329 | loss=0.1010 light=0.1010 mat=0.0000
  batch 280/329 | loss=0.0985 light=0.0985 mat=0.0000
  batch 290/329 | loss=0.1294 light=0.1294 mat=0.0000
  batch 300/329 | loss=0.0752 light=0.0752 mat=0.0000
  batch 310/329 | loss=0.0817 light=0.0817 mat=0.0000
  batch 320/329 | loss=0.0789 light=0.0789 mat=0.0000
  train | loss=0.0945 light=0.0945 mat=0.0000
  val   | loss=0.1322 light=0.1322 mat=0.0000
  -> new best model (val_loss=0.1322)

Epoch 31/50
  batch 10/329 | loss=0.0821 light=0.0821 mat=0.0000
  batch 20/329 | loss=0.1091 light=0.1091 mat=0.0000
  batch 30/329 | loss=0.1164 light=0.1164 mat=0.0000
  batch 40/329 | loss=0.0983 light=0.0983 mat=0.0000
  batch 50/329 | loss=0.0828 light=0.0828 mat=0.0000
  batch 60/329 | loss=0.0981 light=0.0981 mat=0.0000
  batch 70/329 | loss=0.0975 light=0.0975 mat=0.0000
  batch 80/329 | loss=0.0921 light=0.0921 mat=0.0000
  batch 90/329 | loss=0.0800 light=0.0800 mat=0.0000
  batch 100/329 | loss=0.0960 light=0.0960 mat=0.0000
  batch 110/329 | loss=0.1044 light=0.1044 mat=0.0000
  batch 120/329 | loss=0.1004 light=0.1004 mat=0.0000
  batch 130/329 | loss=0.1224 light=0.1224 mat=0.0000
  batch 140/329 | loss=0.0947 light=0.0947 mat=0.0000
  batch 150/329 | loss=0.0711 light=0.0711 mat=0.0000
  batch 160/329 | loss=0.0749 light=0.0749 mat=0.0000
  batch 170/329 | loss=0.1209 light=0.1209 mat=0.0000
  batch 180/329 | loss=0.1073 light=0.1073 mat=0.0000
  batch 190/329 | loss=0.1235 light=0.1235 mat=0.0000
  batch 200/329 | loss=0.0761 light=0.0761 mat=0.0000
  batch 210/329 | loss=0.0672 light=0.0672 mat=0.0000
  batch 220/329 | loss=0.0766 light=0.0766 mat=0.0000
  batch 230/329 | loss=0.0864 light=0.0864 mat=0.0000
  batch 240/329 | loss=0.0899 light=0.0899 mat=0.0000
  batch 250/329 | loss=0.0891 light=0.0891 mat=0.0000
  batch 260/329 | loss=0.1137 light=0.1137 mat=0.0000
  batch 270/329 | loss=0.0582 light=0.0582 mat=0.0000
  batch 280/329 | loss=0.0638 light=0.0638 mat=0.0000
  batch 290/329 | loss=0.0696 light=0.0696 mat=0.0000
  batch 300/329 | loss=0.1050 light=0.1050 mat=0.0000
  batch 310/329 | loss=0.0776 light=0.0776 mat=0.0000
  batch 320/329 | loss=0.0933 light=0.0933 mat=0.0000
  train | loss=0.0930 light=0.0930 mat=0.0000
  val   | loss=0.1313 light=0.1313 mat=0.0000
  -> new best model (val_loss=0.1313)

Epoch 32/50
  batch 10/329 | loss=0.1229 light=0.1229 mat=0.0000
  batch 20/329 | loss=0.0936 light=0.0936 mat=0.0000
  batch 30/329 | loss=0.0829 light=0.0829 mat=0.0000
  batch 40/329 | loss=0.0741 light=0.0741 mat=0.0000
  batch 50/329 | loss=0.0737 light=0.0737 mat=0.0000
  batch 60/329 | loss=0.0789 light=0.0789 mat=0.0000
  batch 70/329 | loss=0.0780 light=0.0780 mat=0.0000
  batch 80/329 | loss=0.0773 light=0.0773 mat=0.0000
  batch 90/329 | loss=0.0996 light=0.0996 mat=0.0000
  batch 100/329 | loss=0.0832 light=0.0832 mat=0.0000
  batch 110/329 | loss=0.0824 light=0.0824 mat=0.0000
  batch 120/329 | loss=0.1376 light=0.1376 mat=0.0000
  batch 130/329 | loss=0.0832 light=0.0832 mat=0.0000
  batch 140/329 | loss=0.0960 light=0.0960 mat=0.0000
  batch 150/329 | loss=0.0891 light=0.0891 mat=0.0000
  batch 160/329 | loss=0.0727 light=0.0727 mat=0.0000
  batch 170/329 | loss=0.0977 light=0.0977 mat=0.0000
  batch 180/329 | loss=0.1055 light=0.1055 mat=0.0000
  batch 190/329 | loss=0.0856 light=0.0856 mat=0.0000
  batch 200/329 | loss=0.0910 light=0.0910 mat=0.0000
  batch 210/329 | loss=0.0999 light=0.0999 mat=0.0000
  batch 220/329 | loss=0.0938 light=0.0938 mat=0.0000
  batch 230/329 | loss=0.1022 light=0.1022 mat=0.0000
  batch 240/329 | loss=0.0723 light=0.0723 mat=0.0000
  batch 250/329 | loss=0.0834 light=0.0834 mat=0.0000
  batch 260/329 | loss=0.1040 light=0.1040 mat=0.0000
  batch 270/329 | loss=0.1051 light=0.1051 mat=0.0000
  batch 280/329 | loss=0.0863 light=0.0863 mat=0.0000
  batch 290/329 | loss=0.0881 light=0.0881 mat=0.0000
  batch 300/329 | loss=0.0720 light=0.0720 mat=0.0000
  batch 310/329 | loss=0.0882 light=0.0882 mat=0.0000
  batch 320/329 | loss=0.0770 light=0.0770 mat=0.0000
  train | loss=0.0919 light=0.0919 mat=0.0000
  val   | loss=0.1308 light=0.1308 mat=0.0000
  -> new best model (val_loss=0.1308)

Epoch 33/50
  batch 10/329 | loss=0.0616 light=0.0616 mat=0.0000
  batch 20/329 | loss=0.0986 light=0.0986 mat=0.0000
  batch 30/329 | loss=0.0610 light=0.0610 mat=0.0000
  batch 40/329 | loss=0.0873 light=0.0873 mat=0.0000
  batch 50/329 | loss=0.0571 light=0.0571 mat=0.0000
  batch 60/329 | loss=0.0797 light=0.0797 mat=0.0000
  batch 70/329 | loss=0.0753 light=0.0753 mat=0.0000
  batch 80/329 | loss=0.0691 light=0.0691 mat=0.0000
  batch 90/329 | loss=0.0734 light=0.0734 mat=0.0000
  batch 100/329 | loss=0.1366 light=0.1366 mat=0.0000
  batch 110/329 | loss=0.0968 light=0.0968 mat=0.0000
  batch 120/329 | loss=0.1240 light=0.1240 mat=0.0000
  batch 130/329 | loss=0.0947 light=0.0947 mat=0.0000
  batch 140/329 | loss=0.0827 light=0.0827 mat=0.0000
  batch 150/329 | loss=0.0817 light=0.0817 mat=0.0000
  batch 160/329 | loss=0.0885 light=0.0885 mat=0.0000
  batch 170/329 | loss=0.0731 light=0.0731 mat=0.0000
  batch 180/329 | loss=0.0895 light=0.0895 mat=0.0000
  batch 190/329 | loss=0.0819 light=0.0819 mat=0.0000
  batch 200/329 | loss=0.0688 light=0.0688 mat=0.0000
  batch 210/329 | loss=0.0757 light=0.0757 mat=0.0000
  batch 220/329 | loss=0.0990 light=0.0990 mat=0.0000
  batch 230/329 | loss=0.0773 light=0.0773 mat=0.0000
  batch 240/329 | loss=0.1233 light=0.1233 mat=0.0000
  batch 250/329 | loss=0.1175 light=0.1175 mat=0.0000
  batch 260/329 | loss=0.1009 light=0.1009 mat=0.0000
  batch 270/329 | loss=0.1088 light=0.1088 mat=0.0000
  batch 280/329 | loss=0.0972 light=0.0972 mat=0.0000
  batch 290/329 | loss=0.0900 light=0.0900 mat=0.0000
  batch 300/329 | loss=0.0857 light=0.0857 mat=0.0000
  batch 310/329 | loss=0.0729 light=0.0729 mat=0.0000
  batch 320/329 | loss=0.0897 light=0.0897 mat=0.0000
  train | loss=0.0909 light=0.0909 mat=0.0000
  val   | loss=0.1307 light=0.1307 mat=0.0000
  -> new best model (val_loss=0.1307)

Epoch 34/50
  batch 10/329 | loss=0.0800 light=0.0800 mat=0.0000
  batch 20/329 | loss=0.0739 light=0.0739 mat=0.0000
  batch 30/329 | loss=0.1223 light=0.1223 mat=0.0000
  batch 40/329 | loss=0.1188 light=0.1188 mat=0.0000
  batch 50/329 | loss=0.0680 light=0.0680 mat=0.0000
  batch 60/329 | loss=0.1006 light=0.1006 mat=0.0000
  batch 70/329 | loss=0.0924 light=0.0924 mat=0.0000
  batch 80/329 | loss=0.1115 light=0.1115 mat=0.0000
  batch 90/329 | loss=0.0942 light=0.0942 mat=0.0000
  batch 100/329 | loss=0.0866 light=0.0866 mat=0.0000
  batch 110/329 | loss=0.0977 light=0.0977 mat=0.0000
  batch 120/329 | loss=0.0986 light=0.0986 mat=0.0000
  batch 130/329 | loss=0.0677 light=0.0677 mat=0.0000
  batch 140/329 | loss=0.1091 light=0.1091 mat=0.0000
  batch 150/329 | loss=0.1273 light=0.1273 mat=0.0000
  batch 160/329 | loss=0.0963 light=0.0963 mat=0.0000
  batch 170/329 | loss=0.0938 light=0.0938 mat=0.0000
  batch 180/329 | loss=0.0708 light=0.0708 mat=0.0000
  batch 190/329 | loss=0.0934 light=0.0934 mat=0.0000
  batch 200/329 | loss=0.0744 light=0.0744 mat=0.0000
  batch 210/329 | loss=0.1155 light=0.1155 mat=0.0000
  batch 220/329 | loss=0.0659 light=0.0659 mat=0.0000
  batch 230/329 | loss=0.1032 light=0.1032 mat=0.0000
  batch 240/329 | loss=0.0881 light=0.0881 mat=0.0000
  batch 250/329 | loss=0.0761 light=0.0761 mat=0.0000
  batch 260/329 | loss=0.0891 light=0.0891 mat=0.0000
  batch 270/329 | loss=0.0803 light=0.0803 mat=0.0000
  batch 280/329 | loss=0.0920 light=0.0920 mat=0.0000
  batch 290/329 | loss=0.0950 light=0.0950 mat=0.0000
  batch 300/329 | loss=0.1383 light=0.1383 mat=0.0000
  batch 310/329 | loss=0.0789 light=0.0789 mat=0.0000
  batch 320/329 | loss=0.1513 light=0.1513 mat=0.0000
  train | loss=0.0897 light=0.0897 mat=0.0000
  val   | loss=0.1292 light=0.1292 mat=0.0000
  -> new best model (val_loss=0.1292)

Epoch 35/50
  batch 10/329 | loss=0.0670 light=0.0670 mat=0.0000
  batch 20/329 | loss=0.0731 light=0.0731 mat=0.0000
  batch 30/329 | loss=0.0906 light=0.0906 mat=0.0000
  batch 40/329 | loss=0.0643 light=0.0643 mat=0.0000
  batch 50/329 | loss=0.0720 light=0.0720 mat=0.0000
  batch 60/329 | loss=0.0883 light=0.0883 mat=0.0000
  batch 70/329 | loss=0.0756 light=0.0756 mat=0.0000
  batch 80/329 | loss=0.0688 light=0.0688 mat=0.0000
  batch 90/329 | loss=0.0808 light=0.0808 mat=0.0000
  batch 100/329 | loss=0.0909 light=0.0909 mat=0.0000
  batch 110/329 | loss=0.0762 light=0.0762 mat=0.0000
  batch 120/329 | loss=0.1124 light=0.1124 mat=0.0000
  batch 130/329 | loss=0.0932 light=0.0932 mat=0.0000
  batch 140/329 | loss=0.0895 light=0.0895 mat=0.0000
  batch 150/329 | loss=0.0748 light=0.0748 mat=0.0000
  batch 160/329 | loss=0.0984 light=0.0984 mat=0.0000
  batch 170/329 | loss=0.1039 light=0.1039 mat=0.0000
  batch 180/329 | loss=0.0866 light=0.0866 mat=0.0000
  batch 190/329 | loss=0.0780 light=0.0780 mat=0.0000
  batch 200/329 | loss=0.1001 light=0.1001 mat=0.0000
  batch 210/329 | loss=0.1456 light=0.1456 mat=0.0000
  batch 220/329 | loss=0.0897 light=0.0897 mat=0.0000
  batch 230/329 | loss=0.0819 light=0.0819 mat=0.0000
  batch 240/329 | loss=0.0625 light=0.0625 mat=0.0000
  batch 250/329 | loss=0.0854 light=0.0854 mat=0.0000
  batch 260/329 | loss=0.0874 light=0.0874 mat=0.0000
  batch 270/329 | loss=0.0949 light=0.0949 mat=0.0000
  batch 280/329 | loss=0.0788 light=0.0788 mat=0.0000
  batch 290/329 | loss=0.0960 light=0.0960 mat=0.0000
  batch 300/329 | loss=0.0908 light=0.0908 mat=0.0000
  batch 310/329 | loss=0.0943 light=0.0943 mat=0.0000
  batch 320/329 | loss=0.0820 light=0.0820 mat=0.0000
  train | loss=0.0883 light=0.0883 mat=0.0000
  val   | loss=0.1307 light=0.1307 mat=0.0000

Epoch 36/50
  batch 10/329 | loss=0.0660 light=0.0660 mat=0.0000
  batch 20/329 | loss=0.0840 light=0.0840 mat=0.0000
  batch 30/329 | loss=0.0816 light=0.0816 mat=0.0000
  batch 40/329 | loss=0.0874 light=0.0874 mat=0.0000
  batch 50/329 | loss=0.0728 light=0.0728 mat=0.0000
  batch 60/329 | loss=0.0658 light=0.0658 mat=0.0000
  batch 70/329 | loss=0.0883 light=0.0883 mat=0.0000
  batch 80/329 | loss=0.0768 light=0.0768 mat=0.0000
  batch 90/329 | loss=0.0920 light=0.0920 mat=0.0000
  batch 100/329 | loss=0.1204 light=0.1204 mat=0.0000
  batch 110/329 | loss=0.0794 light=0.0794 mat=0.0000
  batch 120/329 | loss=0.0629 light=0.0629 mat=0.0000
  batch 130/329 | loss=0.1004 light=0.1004 mat=0.0000
  batch 140/329 | loss=0.0986 light=0.0986 mat=0.0000
  batch 150/329 | loss=0.0804 light=0.0804 mat=0.0000
  batch 160/329 | loss=0.0928 light=0.0928 mat=0.0000
  batch 170/329 | loss=0.0755 light=0.0755 mat=0.0000
  batch 180/329 | loss=0.1049 light=0.1049 mat=0.0000
  batch 190/329 | loss=0.1026 light=0.1026 mat=0.0000
  batch 200/329 | loss=0.0594 light=0.0594 mat=0.0000
  batch 210/329 | loss=0.0841 light=0.0841 mat=0.0000
  batch 220/329 | loss=0.0693 light=0.0693 mat=0.0000
  batch 230/329 | loss=0.1115 light=0.1115 mat=0.0000
  batch 240/329 | loss=0.0739 light=0.0739 mat=0.0000
  batch 250/329 | loss=0.0902 light=0.0902 mat=0.0000
  batch 260/329 | loss=0.0669 light=0.0669 mat=0.0000
  batch 270/329 | loss=0.1394 light=0.1394 mat=0.0000
  batch 280/329 | loss=0.0899 light=0.0899 mat=0.0000
  batch 290/329 | loss=0.1156 light=0.1156 mat=0.0000
  batch 300/329 | loss=0.0813 light=0.0813 mat=0.0000
  batch 310/329 | loss=0.1108 light=0.1108 mat=0.0000
  batch 320/329 | loss=0.0818 light=0.0818 mat=0.0000
  train | loss=0.0872 light=0.0872 mat=0.0000
  val   | loss=0.1295 light=0.1295 mat=0.0000

Epoch 37/50
  batch 10/329 | loss=0.0756 light=0.0756 mat=0.0000
  batch 20/329 | loss=0.0747 light=0.0747 mat=0.0000
  batch 30/329 | loss=0.0962 light=0.0962 mat=0.0000
  batch 40/329 | loss=0.0868 light=0.0868 mat=0.0000
  batch 50/329 | loss=0.0855 light=0.0855 mat=0.0000
  batch 60/329 | loss=0.0951 light=0.0951 mat=0.0000
  batch 70/329 | loss=0.1078 light=0.1078 mat=0.0000
  batch 80/329 | loss=0.1005 light=0.1005 mat=0.0000
  batch 90/329 | loss=0.0828 light=0.0828 mat=0.0000
  batch 100/329 | loss=0.0961 light=0.0961 mat=0.0000
  batch 110/329 | loss=0.0588 light=0.0588 mat=0.0000
  batch 120/329 | loss=0.0630 light=0.0630 mat=0.0000
  batch 130/329 | loss=0.0612 light=0.0612 mat=0.0000
  batch 140/329 | loss=0.0758 light=0.0758 mat=0.0000
  batch 150/329 | loss=0.1005 light=0.1005 mat=0.0000
  batch 160/329 | loss=0.0782 light=0.0782 mat=0.0000
  batch 170/329 | loss=0.1281 light=0.1281 mat=0.0000
  batch 180/329 | loss=0.0812 light=0.0812 mat=0.0000
  batch 190/329 | loss=0.1536 light=0.1536 mat=0.0000
  batch 200/329 | loss=0.0725 light=0.0725 mat=0.0000
  batch 210/329 | loss=0.0767 light=0.0767 mat=0.0000
  batch 220/329 | loss=0.0832 light=0.0832 mat=0.0000
  batch 230/329 | loss=0.0767 light=0.0767 mat=0.0000
  batch 240/329 | loss=0.0808 light=0.0808 mat=0.0000
  batch 250/329 | loss=0.1017 light=0.1017 mat=0.0000
  batch 260/329 | loss=0.1030 light=0.1030 mat=0.0000
  batch 270/329 | loss=0.0777 light=0.0777 mat=0.0000
  batch 280/329 | loss=0.0617 light=0.0617 mat=0.0000
  batch 290/329 | loss=0.0882 light=0.0882 mat=0.0000
  batch 300/329 | loss=0.1005 light=0.1005 mat=0.0000
  batch 310/329 | loss=0.0795 light=0.0795 mat=0.0000
  batch 320/329 | loss=0.0845 light=0.0845 mat=0.0000
  train | loss=0.0866 light=0.0866 mat=0.0000
  val   | loss=0.1292 light=0.1292 mat=0.0000
  -> new best model (val_loss=0.1292)

Epoch 38/50
  batch 10/329 | loss=0.0896 light=0.0896 mat=0.0000
  batch 20/329 | loss=0.0637 light=0.0637 mat=0.0000
  batch 30/329 | loss=0.0689 light=0.0689 mat=0.0000
  batch 40/329 | loss=0.0803 light=0.0803 mat=0.0000
  batch 50/329 | loss=0.1080 light=0.1080 mat=0.0000
  batch 60/329 | loss=0.0917 light=0.0917 mat=0.0000
  batch 70/329 | loss=0.1257 light=0.1257 mat=0.0000
  batch 80/329 | loss=0.0768 light=0.0768 mat=0.0000
  batch 90/329 | loss=0.0820 light=0.0820 mat=0.0000
  batch 100/329 | loss=0.0744 light=0.0744 mat=0.0000
  batch 110/329 | loss=0.0572 light=0.0572 mat=0.0000
  batch 120/329 | loss=0.0835 light=0.0835 mat=0.0000
  batch 130/329 | loss=0.0609 light=0.0609 mat=0.0000
  batch 140/329 | loss=0.0762 light=0.0762 mat=0.0000
  batch 150/329 | loss=0.0836 light=0.0836 mat=0.0000
  batch 160/329 | loss=0.1007 light=0.1007 mat=0.0000
  batch 170/329 | loss=0.1018 light=0.1018 mat=0.0000
  batch 180/329 | loss=0.0980 light=0.0980 mat=0.0000
  batch 190/329 | loss=0.0992 light=0.0992 mat=0.0000
  batch 200/329 | loss=0.0787 light=0.0787 mat=0.0000
  batch 210/329 | loss=0.0948 light=0.0948 mat=0.0000
  batch 220/329 | loss=0.0738 light=0.0738 mat=0.0000
  batch 230/329 | loss=0.1082 light=0.1082 mat=0.0000
  batch 240/329 | loss=0.0717 light=0.0717 mat=0.0000
  batch 250/329 | loss=0.1155 light=0.1155 mat=0.0000
  batch 260/329 | loss=0.0777 light=0.0777 mat=0.0000
  batch 270/329 | loss=0.0942 light=0.0942 mat=0.0000
  batch 280/329 | loss=0.0810 light=0.0810 mat=0.0000
  batch 290/329 | loss=0.0708 light=0.0708 mat=0.0000
  batch 300/329 | loss=0.0881 light=0.0881 mat=0.0000
  batch 310/329 | loss=0.0637 light=0.0637 mat=0.0000
  batch 320/329 | loss=0.0769 light=0.0769 mat=0.0000
  train | loss=0.0862 light=0.0862 mat=0.0000
  val   | loss=0.1291 light=0.1291 mat=0.0000
  -> new best model (val_loss=0.1291)

Epoch 39/50
  batch 10/329 | loss=0.0907 light=0.0907 mat=0.0000
  batch 20/329 | loss=0.0710 light=0.0710 mat=0.0000
  batch 30/329 | loss=0.0885 light=0.0885 mat=0.0000
  batch 40/329 | loss=0.0899 light=0.0899 mat=0.0000
  batch 50/329 | loss=0.0714 light=0.0714 mat=0.0000
  batch 60/329 | loss=0.0846 light=0.0846 mat=0.0000
  batch 70/329 | loss=0.1011 light=0.1011 mat=0.0000
  batch 80/329 | loss=0.0857 light=0.0857 mat=0.0000
  batch 90/329 | loss=0.0702 light=0.0702 mat=0.0000
  batch 100/329 | loss=0.0875 light=0.0875 mat=0.0000
  batch 110/329 | loss=0.0864 light=0.0864 mat=0.0000
  batch 120/329 | loss=0.0858 light=0.0858 mat=0.0000
  batch 130/329 | loss=0.0682 light=0.0682 mat=0.0000
  batch 140/329 | loss=0.0729 light=0.0729 mat=0.0000
  batch 150/329 | loss=0.0799 light=0.0799 mat=0.0000
  batch 160/329 | loss=0.0577 light=0.0577 mat=0.0000
  batch 170/329 | loss=0.1085 light=0.1085 mat=0.0000
  batch 180/329 | loss=0.0559 light=0.0559 mat=0.0000
  batch 190/329 | loss=0.0851 light=0.0851 mat=0.0000
  batch 200/329 | loss=0.0763 light=0.0763 mat=0.0000
  batch 210/329 | loss=0.0894 light=0.0894 mat=0.0000
  batch 220/329 | loss=0.1013 light=0.1013 mat=0.0000
  batch 230/329 | loss=0.0655 light=0.0655 mat=0.0000
  batch 240/329 | loss=0.1150 light=0.1150 mat=0.0000
  batch 250/329 | loss=0.0847 light=0.0847 mat=0.0000
  batch 260/329 | loss=0.0593 light=0.0593 mat=0.0000
  batch 270/329 | loss=0.1226 light=0.1226 mat=0.0000
  batch 280/329 | loss=0.0674 light=0.0674 mat=0.0000
  batch 290/329 | loss=0.0928 light=0.0928 mat=0.0000
  batch 300/329 | loss=0.0862 light=0.0862 mat=0.0000
  batch 310/329 | loss=0.1122 light=0.1122 mat=0.0000
  batch 320/329 | loss=0.0578 light=0.0578 mat=0.0000
  train | loss=0.0855 light=0.0855 mat=0.0000
  val   | loss=0.1296 light=0.1296 mat=0.0000

Epoch 40/50
  batch 10/329 | loss=0.0971 light=0.0971 mat=0.0000
  batch 20/329 | loss=0.0680 light=0.0680 mat=0.0000
  batch 30/329 | loss=0.0717 light=0.0717 mat=0.0000
  batch 40/329 | loss=0.1000 light=0.1000 mat=0.0000
  batch 50/329 | loss=0.0917 light=0.0917 mat=0.0000
  batch 60/329 | loss=0.0857 light=0.0857 mat=0.0000
  batch 70/329 | loss=0.0945 light=0.0945 mat=0.0000
  batch 80/329 | loss=0.1114 light=0.1114 mat=0.0000
  batch 90/329 | loss=0.0828 light=0.0828 mat=0.0000
  batch 100/329 | loss=0.0746 light=0.0746 mat=0.0000
  batch 110/329 | loss=0.0949 light=0.0949 mat=0.0000
  batch 120/329 | loss=0.0856 light=0.0856 mat=0.0000
  batch 130/329 | loss=0.0886 light=0.0886 mat=0.0000
  batch 140/329 | loss=0.0891 light=0.0891 mat=0.0000
  batch 150/329 | loss=0.0848 light=0.0848 mat=0.0000
  batch 160/329 | loss=0.1034 light=0.1034 mat=0.0000
  batch 170/329 | loss=0.1138 light=0.1138 mat=0.0000
  batch 180/329 | loss=0.0758 light=0.0758 mat=0.0000
  batch 190/329 | loss=0.0769 light=0.0769 mat=0.0000
  batch 200/329 | loss=0.1024 light=0.1024 mat=0.0000
  batch 210/329 | loss=0.0764 light=0.0764 mat=0.0000
  batch 220/329 | loss=0.0854 light=0.0854 mat=0.0000
  batch 230/329 | loss=0.0988 light=0.0988 mat=0.0000
  batch 240/329 | loss=0.0716 light=0.0716 mat=0.0000
  batch 250/329 | loss=0.0658 light=0.0658 mat=0.0000
  batch 260/329 | loss=0.0950 light=0.0950 mat=0.0000
  batch 270/329 | loss=0.0868 light=0.0868 mat=0.0000
  batch 280/329 | loss=0.1003 light=0.1003 mat=0.0000
  batch 290/329 | loss=0.0759 light=0.0759 mat=0.0000
  batch 300/329 | loss=0.0853 light=0.0853 mat=0.0000
  batch 310/329 | loss=0.0848 light=0.0848 mat=0.0000
  batch 320/329 | loss=0.0947 light=0.0947 mat=0.0000
  train | loss=0.0851 light=0.0851 mat=0.0000
  val   | loss=0.1286 light=0.1286 mat=0.0000
  -> new best model (val_loss=0.1286)

Epoch 41/50
  batch 10/329 | loss=0.0871 light=0.0871 mat=0.0000
  batch 20/329 | loss=0.0696 light=0.0696 mat=0.0000
  batch 30/329 | loss=0.1173 light=0.1173 mat=0.0000
  batch 40/329 | loss=0.0793 light=0.0793 mat=0.0000
  batch 50/329 | loss=0.0946 light=0.0946 mat=0.0000
  batch 60/329 | loss=0.0822 light=0.0822 mat=0.0000
  batch 70/329 | loss=0.0662 light=0.0662 mat=0.0000
  batch 80/329 | loss=0.0692 light=0.0692 mat=0.0000
  batch 90/329 | loss=0.0696 light=0.0696 mat=0.0000
  batch 100/329 | loss=0.0813 light=0.0813 mat=0.0000
  batch 110/329 | loss=0.0741 light=0.0741 mat=0.0000
  batch 120/329 | loss=0.0791 light=0.0791 mat=0.0000
  batch 130/329 | loss=0.1320 light=0.1320 mat=0.0000
  batch 140/329 | loss=0.0852 light=0.0852 mat=0.0000
  batch 150/329 | loss=0.0913 light=0.0913 mat=0.0000
  batch 160/329 | loss=0.1034 light=0.1034 mat=0.0000
  batch 170/329 | loss=0.0954 light=0.0954 mat=0.0000
  batch 180/329 | loss=0.0766 light=0.0766 mat=0.0000
  batch 190/329 | loss=0.1030 light=0.1030 mat=0.0000
  batch 200/329 | loss=0.0906 light=0.0906 mat=0.0000
  batch 210/329 | loss=0.0943 light=0.0943 mat=0.0000
  batch 220/329 | loss=0.0651 light=0.0651 mat=0.0000
  batch 230/329 | loss=0.0775 light=0.0775 mat=0.0000
  batch 240/329 | loss=0.0785 light=0.0785 mat=0.0000
  batch 250/329 | loss=0.0670 light=0.0670 mat=0.0000
  batch 260/329 | loss=0.0792 light=0.0792 mat=0.0000
  batch 270/329 | loss=0.0775 light=0.0775 mat=0.0000
  batch 280/329 | loss=0.0996 light=0.0996 mat=0.0000
  batch 290/329 | loss=0.0697 light=0.0697 mat=0.0000
  batch 300/329 | loss=0.0820 light=0.0820 mat=0.0000
  batch 310/329 | loss=0.0812 light=0.0812 mat=0.0000
  batch 320/329 | loss=0.0967 light=0.0967 mat=0.0000
  train | loss=0.0844 light=0.0844 mat=0.0000
  val   | loss=0.1289 light=0.1289 mat=0.0000

Epoch 42/50
  batch 10/329 | loss=0.0691 light=0.0691 mat=0.0000
  batch 20/329 | loss=0.0791 light=0.0791 mat=0.0000
  batch 30/329 | loss=0.0916 light=0.0916 mat=0.0000
  batch 40/329 | loss=0.0827 light=0.0827 mat=0.0000
  batch 50/329 | loss=0.0715 light=0.0715 mat=0.0000
  batch 60/329 | loss=0.0570 light=0.0570 mat=0.0000
  batch 70/329 | loss=0.1003 light=0.1003 mat=0.0000
  batch 80/329 | loss=0.1034 light=0.1034 mat=0.0000
  batch 90/329 | loss=0.0704 light=0.0704 mat=0.0000
  batch 100/329 | loss=0.0759 light=0.0759 mat=0.0000
  batch 110/329 | loss=0.0963 light=0.0963 mat=0.0000
  batch 120/329 | loss=0.0741 light=0.0741 mat=0.0000
  batch 130/329 | loss=0.0741 light=0.0741 mat=0.0000
  batch 140/329 | loss=0.0745 light=0.0745 mat=0.0000
  batch 150/329 | loss=0.0747 light=0.0747 mat=0.0000
  batch 160/329 | loss=0.1022 light=0.1022 mat=0.0000
  batch 170/329 | loss=0.0763 light=0.0763 mat=0.0000
  batch 180/329 | loss=0.0879 light=0.0879 mat=0.0000
  batch 190/329 | loss=0.0624 light=0.0624 mat=0.0000
  batch 200/329 | loss=0.1218 light=0.1218 mat=0.0000
  batch 210/329 | loss=0.0933 light=0.0933 mat=0.0000
  batch 220/329 | loss=0.0780 light=0.0780 mat=0.0000
  batch 230/329 | loss=0.1050 light=0.1050 mat=0.0000
  batch 240/329 | loss=0.0875 light=0.0875 mat=0.0000
  batch 250/329 | loss=0.0750 light=0.0750 mat=0.0000
  batch 260/329 | loss=0.0826 light=0.0826 mat=0.0000
  batch 270/329 | loss=0.1112 light=0.1112 mat=0.0000
  batch 280/329 | loss=0.0715 light=0.0715 mat=0.0000
  batch 290/329 | loss=0.0701 light=0.0701 mat=0.0000
  batch 300/329 | loss=0.0797 light=0.0797 mat=0.0000
  batch 310/329 | loss=0.0903 light=0.0903 mat=0.0000
  batch 320/329 | loss=0.0690 light=0.0690 mat=0.0000
  train | loss=0.0838 light=0.0838 mat=0.0000
  val   | loss=0.1288 light=0.1288 mat=0.0000

Epoch 43/50
  batch 10/329 | loss=0.0615 light=0.0615 mat=0.0000
  batch 20/329 | loss=0.0754 light=0.0754 mat=0.0000
  batch 30/329 | loss=0.0766 light=0.0766 mat=0.0000
  batch 40/329 | loss=0.0935 light=0.0935 mat=0.0000
  batch 50/329 | loss=0.0897 light=0.0897 mat=0.0000
  batch 60/329 | loss=0.0820 light=0.0820 mat=0.0000
  batch 70/329 | loss=0.0747 light=0.0747 mat=0.0000
  batch 80/329 | loss=0.0754 light=0.0754 mat=0.0000
  batch 90/329 | loss=0.0880 light=0.0880 mat=0.0000
  batch 100/329 | loss=0.0938 light=0.0938 mat=0.0000
  batch 110/329 | loss=0.0955 light=0.0955 mat=0.0000
  batch 120/329 | loss=0.0709 light=0.0709 mat=0.0000
  batch 130/329 | loss=0.0689 light=0.0689 mat=0.0000
  batch 140/329 | loss=0.0924 light=0.0924 mat=0.0000
  batch 150/329 | loss=0.0655 light=0.0655 mat=0.0000
  batch 160/329 | loss=0.0744 light=0.0744 mat=0.0000
  batch 170/329 | loss=0.1121 light=0.1121 mat=0.0000
  batch 180/329 | loss=0.0714 light=0.0714 mat=0.0000
  batch 190/329 | loss=0.0822 light=0.0822 mat=0.0000
  batch 200/329 | loss=0.1066 light=0.1066 mat=0.0000
  batch 210/329 | loss=0.0771 light=0.0771 mat=0.0000
  batch 220/329 | loss=0.0863 light=0.0863 mat=0.0000
  batch 230/329 | loss=0.0657 light=0.0657 mat=0.0000
  batch 240/329 | loss=0.1332 light=0.1332 mat=0.0000
  batch 250/329 | loss=0.0791 light=0.0791 mat=0.0000
  batch 260/329 | loss=0.0785 light=0.0785 mat=0.0000
  batch 270/329 | loss=0.0692 light=0.0692 mat=0.0000
  batch 280/329 | loss=0.0547 light=0.0547 mat=0.0000
  batch 290/329 | loss=0.0850 light=0.0850 mat=0.0000
  batch 300/329 | loss=0.0833 light=0.0833 mat=0.0000
  batch 310/329 | loss=0.0492 light=0.0492 mat=0.0000
  batch 320/329 | loss=0.0770 light=0.0770 mat=0.0000
  train | loss=0.0833 light=0.0833 mat=0.0000
  val   | loss=0.1286 light=0.1286 mat=0.0000
  -> new best model (val_loss=0.1286)

Epoch 44/50
  batch 10/329 | loss=0.0638 light=0.0638 mat=0.0000
  batch 20/329 | loss=0.0758 light=0.0758 mat=0.0000
  batch 30/329 | loss=0.0866 light=0.0866 mat=0.0000
  batch 40/329 | loss=0.0975 light=0.0975 mat=0.0000
  batch 50/329 | loss=0.0785 light=0.0785 mat=0.0000
  batch 60/329 | loss=0.0826 light=0.0826 mat=0.0000
  batch 70/329 | loss=0.0883 light=0.0883 mat=0.0000
  batch 80/329 | loss=0.0788 light=0.0788 mat=0.0000
  batch 90/329 | loss=0.0597 light=0.0597 mat=0.0000
  batch 100/329 | loss=0.0685 light=0.0685 mat=0.0000
  batch 110/329 | loss=0.1049 light=0.1049 mat=0.0000
  batch 120/329 | loss=0.0729 light=0.0729 mat=0.0000
  batch 130/329 | loss=0.0894 light=0.0894 mat=0.0000
  batch 140/329 | loss=0.0811 light=0.0811 mat=0.0000
  batch 150/329 | loss=0.0833 light=0.0833 mat=0.0000
  batch 160/329 | loss=0.0719 light=0.0719 mat=0.0000
  batch 170/329 | loss=0.0616 light=0.0616 mat=0.0000
  batch 180/329 | loss=0.0708 light=0.0708 mat=0.0000
  batch 190/329 | loss=0.0698 light=0.0698 mat=0.0000
  batch 200/329 | loss=0.0936 light=0.0936 mat=0.0000
  batch 210/329 | loss=0.0655 light=0.0655 mat=0.0000
  batch 220/329 | loss=0.0699 light=0.0699 mat=0.0000
  batch 230/329 | loss=0.0910 light=0.0910 mat=0.0000
  batch 240/329 | loss=0.0987 light=0.0987 mat=0.0000
  batch 250/329 | loss=0.0719 light=0.0719 mat=0.0000
  batch 260/329 | loss=0.0555 light=0.0555 mat=0.0000
  batch 270/329 | loss=0.0770 light=0.0770 mat=0.0000
  batch 280/329 | loss=0.0685 light=0.0685 mat=0.0000
  batch 290/329 | loss=0.0976 light=0.0976 mat=0.0000
  batch 300/329 | loss=0.0598 light=0.0598 mat=0.0000
  batch 310/329 | loss=0.0766 light=0.0766 mat=0.0000
  batch 320/329 | loss=0.1013 light=0.1013 mat=0.0000
  train | loss=0.0830 light=0.0830 mat=0.0000
  val   | loss=0.1285 light=0.1285 mat=0.0000
  -> new best model (val_loss=0.1285)

Epoch 45/50
  batch 10/329 | loss=0.0952 light=0.0952 mat=0.0000
  batch 20/329 | loss=0.0705 light=0.0705 mat=0.0000
  batch 30/329 | loss=0.0699 light=0.0699 mat=0.0000
  batch 40/329 | loss=0.0605 light=0.0605 mat=0.0000
  batch 50/329 | loss=0.0684 light=0.0684 mat=0.0000
  batch 60/329 | loss=0.1009 light=0.1009 mat=0.0000
  batch 70/329 | loss=0.1192 light=0.1192 mat=0.0000
  batch 80/329 | loss=0.0762 light=0.0762 mat=0.0000
  batch 90/329 | loss=0.0897 light=0.0897 mat=0.0000
  batch 100/329 | loss=0.1084 light=0.1084 mat=0.0000
  batch 110/329 | loss=0.0707 light=0.0707 mat=0.0000
  batch 120/329 | loss=0.1136 light=0.1136 mat=0.0000
  batch 130/329 | loss=0.0898 light=0.0898 mat=0.0000
  batch 140/329 | loss=0.0827 light=0.0827 mat=0.0000
  batch 150/329 | loss=0.0768 light=0.0768 mat=0.0000
  batch 160/329 | loss=0.0810 light=0.0810 mat=0.0000
  batch 170/329 | loss=0.0833 light=0.0833 mat=0.0000
  batch 180/329 | loss=0.0959 light=0.0959 mat=0.0000
  batch 190/329 | loss=0.0969 light=0.0969 mat=0.0000
  batch 200/329 | loss=0.0899 light=0.0899 mat=0.0000
  batch 210/329 | loss=0.0767 light=0.0767 mat=0.0000
  batch 220/329 | loss=0.0746 light=0.0746 mat=0.0000
  batch 230/329 | loss=0.0858 light=0.0858 mat=0.0000
  batch 240/329 | loss=0.0522 light=0.0522 mat=0.0000
  batch 250/329 | loss=0.0959 light=0.0959 mat=0.0000
  batch 260/329 | loss=0.0646 light=0.0646 mat=0.0000
  batch 270/329 | loss=0.0751 light=0.0751 mat=0.0000
  batch 280/329 | loss=0.0597 light=0.0597 mat=0.0000
  batch 290/329 | loss=0.0897 light=0.0897 mat=0.0000
  batch 300/329 | loss=0.1052 light=0.1052 mat=0.0000
  batch 310/329 | loss=0.0670 light=0.0670 mat=0.0000
  batch 320/329 | loss=0.0757 light=0.0757 mat=0.0000
  train | loss=0.0829 light=0.0829 mat=0.0000
  val   | loss=0.1286 light=0.1286 mat=0.0000

Epoch 46/50
  batch 10/329 | loss=0.0678 light=0.0678 mat=0.0000
  batch 20/329 | loss=0.1156 light=0.1156 mat=0.0000
  batch 30/329 | loss=0.0755 light=0.0755 mat=0.0000
  batch 40/329 | loss=0.1012 light=0.1012 mat=0.0000
  batch 50/329 | loss=0.0788 light=0.0788 mat=0.0000
  batch 60/329 | loss=0.0975 light=0.0975 mat=0.0000
  batch 70/329 | loss=0.0530 light=0.0530 mat=0.0000
  batch 80/329 | loss=0.0881 light=0.0881 mat=0.0000
  batch 90/329 | loss=0.1060 light=0.1060 mat=0.0000
  batch 100/329 | loss=0.0944 light=0.0944 mat=0.0000
  batch 110/329 | loss=0.1066 light=0.1066 mat=0.0000
  batch 120/329 | loss=0.1137 light=0.1137 mat=0.0000
  batch 130/329 | loss=0.0856 light=0.0856 mat=0.0000
  batch 140/329 | loss=0.1101 light=0.1101 mat=0.0000
  batch 150/329 | loss=0.0757 light=0.0757 mat=0.0000
  batch 160/329 | loss=0.1183 light=0.1183 mat=0.0000
  batch 170/329 | loss=0.0973 light=0.0973 mat=0.0000
  batch 180/329 | loss=0.0659 light=0.0659 mat=0.0000
  batch 190/329 | loss=0.1012 light=0.1012 mat=0.0000
  batch 200/329 | loss=0.0717 light=0.0717 mat=0.0000
  batch 210/329 | loss=0.0995 light=0.0995 mat=0.0000
  batch 220/329 | loss=0.0975 light=0.0975 mat=0.0000
  batch 230/329 | loss=0.1075 light=0.1075 mat=0.0000
  batch 240/329 | loss=0.0821 light=0.0821 mat=0.0000
  batch 250/329 | loss=0.0788 light=0.0788 mat=0.0000
  batch 260/329 | loss=0.0866 light=0.0866 mat=0.0000
  batch 270/329 | loss=0.1188 light=0.1188 mat=0.0000
  batch 280/329 | loss=0.0837 light=0.0837 mat=0.0000
  batch 290/329 | loss=0.0676 light=0.0676 mat=0.0000
  batch 300/329 | loss=0.0729 light=0.0729 mat=0.0000
  batch 310/329 | loss=0.0699 light=0.0699 mat=0.0000
  batch 320/329 | loss=0.1081 light=0.1081 mat=0.0000
  train | loss=0.0827 light=0.0827 mat=0.0000
  val   | loss=0.1291 light=0.1291 mat=0.0000

Epoch 47/50
  batch 10/329 | loss=0.0859 light=0.0859 mat=0.0000
  batch 20/329 | loss=0.0751 light=0.0751 mat=0.0000
  batch 30/329 | loss=0.1015 light=0.1015 mat=0.0000
  batch 40/329 | loss=0.0604 light=0.0604 mat=0.0000
  batch 50/329 | loss=0.1085 light=0.1085 mat=0.0000
  batch 60/329 | loss=0.0717 light=0.0717 mat=0.0000
  batch 70/329 | loss=0.0677 light=0.0677 mat=0.0000
  batch 80/329 | loss=0.0717 light=0.0717 mat=0.0000
  batch 90/329 | loss=0.0661 light=0.0661 mat=0.0000
  batch 100/329 | loss=0.0927 light=0.0927 mat=0.0000
  batch 110/329 | loss=0.0778 light=0.0778 mat=0.0000
  batch 120/329 | loss=0.0717 light=0.0717 mat=0.0000
  batch 130/329 | loss=0.1138 light=0.1138 mat=0.0000
  batch 140/329 | loss=0.0661 light=0.0661 mat=0.0000
  batch 150/329 | loss=0.0830 light=0.0830 mat=0.0000
  batch 160/329 | loss=0.0617 light=0.0617 mat=0.0000
  batch 170/329 | loss=0.0773 light=0.0773 mat=0.0000
  batch 180/329 | loss=0.0876 light=0.0876 mat=0.0000
  batch 190/329 | loss=0.0746 light=0.0746 mat=0.0000
  batch 200/329 | loss=0.0710 light=0.0710 mat=0.0000
  batch 210/329 | loss=0.0612 light=0.0612 mat=0.0000
  batch 220/329 | loss=0.0551 light=0.0551 mat=0.0000
  batch 230/329 | loss=0.0742 light=0.0742 mat=0.0000
  batch 240/329 | loss=0.0695 light=0.0695 mat=0.0000
  batch 250/329 | loss=0.0908 light=0.0908 mat=0.0000
  batch 260/329 | loss=0.0886 light=0.0886 mat=0.0000
  batch 270/329 | loss=0.0907 light=0.0907 mat=0.0000
  batch 280/329 | loss=0.0863 light=0.0863 mat=0.0000
  batch 290/329 | loss=0.0702 light=0.0702 mat=0.0000
  batch 300/329 | loss=0.0950 light=0.0950 mat=0.0000
  batch 310/329 | loss=0.1042 light=0.1042 mat=0.0000
  batch 320/329 | loss=0.0602 light=0.0602 mat=0.0000
  train | loss=0.0824 light=0.0824 mat=0.0000
  val   | loss=0.1286 light=0.1286 mat=0.0000

Epoch 48/50
  batch 10/329 | loss=0.0736 light=0.0736 mat=0.0000
  batch 20/329 | loss=0.0660 light=0.0660 mat=0.0000
  batch 30/329 | loss=0.0973 light=0.0973 mat=0.0000
  batch 40/329 | loss=0.0783 light=0.0783 mat=0.0000
  batch 50/329 | loss=0.0735 light=0.0735 mat=0.0000
  batch 60/329 | loss=0.0774 light=0.0774 mat=0.0000
  batch 70/329 | loss=0.1084 light=0.1084 mat=0.0000
  batch 80/329 | loss=0.0582 light=0.0582 mat=0.0000
  batch 90/329 | loss=0.0830 light=0.0830 mat=0.0000
  batch 100/329 | loss=0.0709 light=0.0709 mat=0.0000
  batch 110/329 | loss=0.0976 light=0.0976 mat=0.0000
  batch 120/329 | loss=0.0873 light=0.0873 mat=0.0000
  batch 130/329 | loss=0.0879 light=0.0879 mat=0.0000
  batch 140/329 | loss=0.0676 light=0.0676 mat=0.0000
  batch 150/329 | loss=0.0835 light=0.0835 mat=0.0000
  batch 160/329 | loss=0.0704 light=0.0704 mat=0.0000
  batch 170/329 | loss=0.0979 light=0.0979 mat=0.0000
  batch 180/329 | loss=0.1071 light=0.1071 mat=0.0000
  batch 190/329 | loss=0.0815 light=0.0815 mat=0.0000
  batch 200/329 | loss=0.0740 light=0.0740 mat=0.0000
  batch 210/329 | loss=0.0582 light=0.0582 mat=0.0000
  batch 220/329 | loss=0.0836 light=0.0836 mat=0.0000
  batch 230/329 | loss=0.0666 light=0.0666 mat=0.0000
  batch 240/329 | loss=0.0797 light=0.0797 mat=0.0000
  batch 250/329 | loss=0.0557 light=0.0557 mat=0.0000
  batch 260/329 | loss=0.0756 light=0.0756 mat=0.0000
  batch 270/329 | loss=0.0714 light=0.0714 mat=0.0000
  batch 280/329 | loss=0.0712 light=0.0712 mat=0.0000
  batch 290/329 | loss=0.0728 light=0.0728 mat=0.0000
  batch 300/329 | loss=0.0891 light=0.0891 mat=0.0000
  batch 310/329 | loss=0.0847 light=0.0847 mat=0.0000
  batch 320/329 | loss=0.0903 light=0.0903 mat=0.0000
  train | loss=0.0824 light=0.0824 mat=0.0000
  val   | loss=0.1286 light=0.1286 mat=0.0000

Epoch 49/50
  batch 10/329 | loss=0.0852 light=0.0852 mat=0.0000
  batch 20/329 | loss=0.0661 light=0.0661 mat=0.0000
  batch 30/329 | loss=0.0826 light=0.0826 mat=0.0000
  batch 40/329 | loss=0.0555 light=0.0555 mat=0.0000
  batch 50/329 | loss=0.0774 light=0.0774 mat=0.0000
  batch 60/329 | loss=0.0752 light=0.0752 mat=0.0000
  batch 70/329 | loss=0.0971 light=0.0971 mat=0.0000
  batch 80/329 | loss=0.0637 light=0.0637 mat=0.0000
  batch 90/329 | loss=0.0744 light=0.0744 mat=0.0000
  batch 100/329 | loss=0.1009 light=0.1009 mat=0.0000
  batch 110/329 | loss=0.0867 light=0.0867 mat=0.0000
  batch 120/329 | loss=0.0738 light=0.0738 mat=0.0000
  batch 130/329 | loss=0.0533 light=0.0533 mat=0.0000
  batch 140/329 | loss=0.0959 light=0.0959 mat=0.0000
  batch 150/329 | loss=0.1065 light=0.1065 mat=0.0000
  batch 160/329 | loss=0.1030 light=0.1030 mat=0.0000
  batch 170/329 | loss=0.0750 light=0.0750 mat=0.0000
  batch 180/329 | loss=0.1109 light=0.1109 mat=0.0000
  batch 190/329 | loss=0.1002 light=0.1002 mat=0.0000
  batch 200/329 | loss=0.1076 light=0.1076 mat=0.0000
  batch 210/329 | loss=0.0938 light=0.0938 mat=0.0000
  batch 220/329 | loss=0.0694 light=0.0694 mat=0.0000
  batch 230/329 | loss=0.1043 light=0.1043 mat=0.0000
  batch 240/329 | loss=0.1000 light=0.1000 mat=0.0000
  batch 250/329 | loss=0.0778 light=0.0778 mat=0.0000
  batch 260/329 | loss=0.0514 light=0.0514 mat=0.0000
  batch 270/329 | loss=0.0844 light=0.0844 mat=0.0000
  batch 280/329 | loss=0.0772 light=0.0772 mat=0.0000
  batch 290/329 | loss=0.0828 light=0.0828 mat=0.0000
  batch 300/329 | loss=0.0783 light=0.0783 mat=0.0000
  batch 310/329 | loss=0.0691 light=0.0691 mat=0.0000
  batch 320/329 | loss=0.0767 light=0.0767 mat=0.0000
  train | loss=0.0823 light=0.0823 mat=0.0000
  val   | loss=0.1279 light=0.1279 mat=0.0000
  -> new best model (val_loss=0.1279)

Epoch 50/50
  batch 10/329 | loss=0.0787 light=0.0787 mat=0.0000
  batch 20/329 | loss=0.0734 light=0.0734 mat=0.0000
  batch 30/329 | loss=0.0806 light=0.0806 mat=0.0000
  batch 40/329 | loss=0.0851 light=0.0851 mat=0.0000
  batch 50/329 | loss=0.0615 light=0.0615 mat=0.0000
  batch 60/329 | loss=0.0955 light=0.0955 mat=0.0000
  batch 70/329 | loss=0.0943 light=0.0943 mat=0.0000
  batch 80/329 | loss=0.1002 light=0.1002 mat=0.0000
  batch 90/329 | loss=0.0759 light=0.0759 mat=0.0000
  batch 100/329 | loss=0.0766 light=0.0766 mat=0.0000
  batch 110/329 | loss=0.0929 light=0.0929 mat=0.0000
  batch 120/329 | loss=0.0641 light=0.0641 mat=0.0000
  batch 130/329 | loss=0.0877 light=0.0877 mat=0.0000
  batch 140/329 | loss=0.0871 light=0.0871 mat=0.0000
  batch 150/329 | loss=0.0920 light=0.0920 mat=0.0000
  batch 160/329 | loss=0.0802 light=0.0802 mat=0.0000
  batch 170/329 | loss=0.0906 light=0.0906 mat=0.0000
  batch 180/329 | loss=0.0816 light=0.0816 mat=0.0000
  batch 190/329 | loss=0.0875 light=0.0875 mat=0.0000
  batch 200/329 | loss=0.0919 light=0.0919 mat=0.0000
  batch 210/329 | loss=0.1141 light=0.1141 mat=0.0000
  batch 220/329 | loss=0.0745 light=0.0745 mat=0.0000
  batch 230/329 | loss=0.0810 light=0.0810 mat=0.0000
  batch 240/329 | loss=0.0707 light=0.0707 mat=0.0000
  batch 250/329 | loss=0.0837 light=0.0837 mat=0.0000
  batch 260/329 | loss=0.1025 light=0.1025 mat=0.0000
  batch 270/329 | loss=0.0528 light=0.0528 mat=0.0000
  batch 280/329 | loss=0.0602 light=0.0602 mat=0.0000
  batch 290/329 | loss=0.0815 light=0.0815 mat=0.0000
  batch 300/329 | loss=0.0712 light=0.0712 mat=0.0000
  batch 310/329 | loss=0.0577 light=0.0577 mat=0.0000
  batch 320/329 | loss=0.1099 light=0.1099 mat=0.0000
  train | loss=0.0822 light=0.0822 mat=0.0000
  val   | loss=0.1287 light=0.1287 mat=0.0000

  Training curves saved to ./models\seed_sweep_108_baseline_curves.png

============================================================
Training multitask model (resnet50)
============================================================

Epoch 1/50
  batch 10/329 | loss=0.6682 light=0.6604 mat=0.0782
  batch 20/329 | loss=0.5786 light=0.5741 mat=0.0451
  batch 30/329 | loss=0.6494 light=0.6430 mat=0.0643
  batch 40/329 | loss=0.4365 light=0.4305 mat=0.0596
  batch 50/329 | loss=0.4683 light=0.4626 mat=0.0572
  batch 60/329 | loss=0.5197 light=0.5143 mat=0.0537
  batch 70/329 | loss=0.4169 light=0.4135 mat=0.0349
  batch 80/329 | loss=0.5449 light=0.5396 mat=0.0532
  batch 90/329 | loss=0.4317 light=0.4266 mat=0.0505
  batch 100/329 | loss=0.4816 light=0.4766 mat=0.0499
  batch 110/329 | loss=0.3237 light=0.3187 mat=0.0502
  batch 120/329 | loss=0.3736 light=0.3702 mat=0.0337
  batch 130/329 | loss=0.3497 light=0.3431 mat=0.0652
  batch 140/329 | loss=0.4730 light=0.4683 mat=0.0466
  batch 150/329 | loss=0.4488 light=0.4448 mat=0.0396
  batch 160/329 | loss=0.5091 light=0.5056 mat=0.0351
  batch 170/329 | loss=0.3458 light=0.3421 mat=0.0376
  batch 180/329 | loss=0.3874 light=0.3854 mat=0.0205
  batch 190/329 | loss=0.4679 light=0.4634 mat=0.0449
  batch 200/329 | loss=0.4902 light=0.4869 mat=0.0334
  batch 210/329 | loss=0.4043 light=0.4005 mat=0.0380
  batch 220/329 | loss=0.4095 light=0.4063 mat=0.0320
  batch 230/329 | loss=0.4359 light=0.4313 mat=0.0461
  batch 240/329 | loss=0.5832 light=0.5786 mat=0.0455
  batch 250/329 | loss=0.3217 light=0.3193 mat=0.0237
  batch 260/329 | loss=0.5427 light=0.5377 mat=0.0499
  batch 270/329 | loss=0.3331 light=0.3308 mat=0.0229
  batch 280/329 | loss=0.3162 light=0.3116 mat=0.0458
  batch 290/329 | loss=0.3061 light=0.3034 mat=0.0273
  batch 300/329 | loss=0.3087 light=0.3060 mat=0.0269
  batch 310/329 | loss=0.4221 light=0.4186 mat=0.0357
  batch 320/329 | loss=0.4524 light=0.4491 mat=0.0334
  train | loss=0.4486 light=0.4441 mat=0.0443
  val   | loss=0.3775 light=0.3753 mat=0.0224 mat_mae=0.0819
  -> new best model (val_loss=0.3775)

Epoch 2/50
  batch 10/329 | loss=0.3407 light=0.3382 mat=0.0243
  batch 20/329 | loss=0.4134 light=0.4123 mat=0.0108
  batch 30/329 | loss=0.6222 light=0.6205 mat=0.0163
  batch 40/329 | loss=0.4587 light=0.4567 mat=0.0202
  batch 50/329 | loss=0.5257 light=0.5238 mat=0.0188
  batch 60/329 | loss=0.4004 light=0.3973 mat=0.0304
  batch 70/329 | loss=0.3802 light=0.3772 mat=0.0300
  batch 80/329 | loss=0.2846 light=0.2816 mat=0.0297
  batch 90/329 | loss=0.2788 light=0.2768 mat=0.0196
  batch 100/329 | loss=0.4408 light=0.4381 mat=0.0262
  batch 110/329 | loss=0.3645 light=0.3621 mat=0.0235
  batch 120/329 | loss=0.3039 light=0.3021 mat=0.0180
  batch 130/329 | loss=0.5409 light=0.5399 mat=0.0100
  batch 140/329 | loss=0.3417 light=0.3393 mat=0.0243
  batch 150/329 | loss=0.3380 light=0.3362 mat=0.0186
  batch 160/329 | loss=0.3836 light=0.3807 mat=0.0287
  batch 170/329 | loss=0.3834 light=0.3817 mat=0.0169
  batch 180/329 | loss=0.3271 light=0.3244 mat=0.0268
  batch 190/329 | loss=0.2999 light=0.2974 mat=0.0255
  batch 200/329 | loss=0.3056 light=0.3039 mat=0.0170
  batch 210/329 | loss=0.2421 light=0.2397 mat=0.0243
  batch 220/329 | loss=0.3743 light=0.3727 mat=0.0159
  batch 230/329 | loss=0.2918 light=0.2890 mat=0.0282
  batch 240/329 | loss=0.3487 light=0.3461 mat=0.0252
  batch 250/329 | loss=0.2981 light=0.2964 mat=0.0179
  batch 260/329 | loss=0.5235 light=0.5208 mat=0.0271
  batch 270/329 | loss=0.3480 light=0.3461 mat=0.0189
  batch 280/329 | loss=0.3516 light=0.3506 mat=0.0102
  batch 290/329 | loss=0.3215 light=0.3205 mat=0.0107
  batch 300/329 | loss=0.3376 light=0.3354 mat=0.0224
  batch 310/329 | loss=0.2959 light=0.2926 mat=0.0333
  batch 320/329 | loss=0.3779 light=0.3756 mat=0.0226
  train | loss=0.3619 light=0.3595 mat=0.0234
  val   | loss=0.3404 light=0.3386 mat=0.0177 mat_mae=0.0682
  -> new best model (val_loss=0.3404)

Epoch 3/50
  batch 10/329 | loss=0.3878 light=0.3866 mat=0.0125
  batch 20/329 | loss=0.2745 light=0.2735 mat=0.0102
  batch 30/329 | loss=0.2679 light=0.2665 mat=0.0141
  batch 40/329 | loss=0.2973 light=0.2957 mat=0.0164
  batch 50/329 | loss=0.3411 light=0.3401 mat=0.0098
  batch 60/329 | loss=0.2077 light=0.2052 mat=0.0246
  batch 70/329 | loss=0.2141 light=0.2109 mat=0.0316
  batch 80/329 | loss=0.2350 light=0.2316 mat=0.0338
  batch 90/329 | loss=0.3368 light=0.3343 mat=0.0250
  batch 100/329 | loss=0.3389 light=0.3368 mat=0.0211
  batch 110/329 | loss=0.3318 light=0.3303 mat=0.0152
  batch 120/329 | loss=0.3903 light=0.3878 mat=0.0249
  batch 130/329 | loss=0.3707 light=0.3689 mat=0.0180
  batch 140/329 | loss=0.2978 light=0.2968 mat=0.0102
  batch 150/329 | loss=0.4307 light=0.4297 mat=0.0102
  batch 160/329 | loss=0.4299 light=0.4270 mat=0.0290
  batch 170/329 | loss=0.3957 light=0.3941 mat=0.0165
  batch 180/329 | loss=0.2796 light=0.2779 mat=0.0161
  batch 190/329 | loss=0.3555 light=0.3544 mat=0.0110
  batch 200/329 | loss=0.3433 light=0.3418 mat=0.0149
  batch 210/329 | loss=0.2486 light=0.2468 mat=0.0178
  batch 220/329 | loss=0.3590 light=0.3579 mat=0.0109
  batch 230/329 | loss=0.3378 light=0.3355 mat=0.0234
  batch 240/329 | loss=0.2290 light=0.2271 mat=0.0189
  batch 250/329 | loss=0.4387 light=0.4373 mat=0.0135
  batch 260/329 | loss=0.2314 light=0.2299 mat=0.0151
  batch 270/329 | loss=0.3618 light=0.3610 mat=0.0079
  batch 280/329 | loss=0.2735 light=0.2727 mat=0.0082
  batch 290/329 | loss=0.2538 light=0.2510 mat=0.0276
  batch 300/329 | loss=0.2737 light=0.2731 mat=0.0064
  batch 310/329 | loss=0.2547 light=0.2508 mat=0.0388
  batch 320/329 | loss=0.3817 light=0.3793 mat=0.0247
  train | loss=0.3282 light=0.3263 mat=0.0187
  val   | loss=0.3267 light=0.3253 mat=0.0143 mat_mae=0.0558
  -> new best model (val_loss=0.3267)

Epoch 4/50
  batch 10/329 | loss=0.3492 light=0.3472 mat=0.0198
  batch 20/329 | loss=0.4410 light=0.4381 mat=0.0298
  batch 30/329 | loss=0.3342 light=0.3315 mat=0.0276
  batch 40/329 | loss=0.3373 light=0.3360 mat=0.0130
  batch 50/329 | loss=0.3764 light=0.3750 mat=0.0138
  batch 60/329 | loss=0.2486 light=0.2462 mat=0.0236
  batch 70/329 | loss=0.3403 light=0.3387 mat=0.0155
  batch 80/329 | loss=0.3490 light=0.3460 mat=0.0294
  batch 90/329 | loss=0.2598 light=0.2589 mat=0.0095
  batch 100/329 | loss=0.3246 light=0.3237 mat=0.0088
  batch 110/329 | loss=0.2879 light=0.2860 mat=0.0189
  batch 120/329 | loss=0.3553 light=0.3544 mat=0.0087
  batch 130/329 | loss=0.2755 light=0.2747 mat=0.0082
  batch 140/329 | loss=0.2895 light=0.2887 mat=0.0083
  batch 150/329 | loss=0.3219 light=0.3205 mat=0.0140
  batch 160/329 | loss=0.3672 light=0.3657 mat=0.0157
  batch 170/329 | loss=0.3934 light=0.3914 mat=0.0201
  batch 180/329 | loss=0.3028 light=0.3015 mat=0.0138
  batch 190/329 | loss=0.2329 light=0.2310 mat=0.0191
  batch 200/329 | loss=0.2936 light=0.2923 mat=0.0136
  batch 210/329 | loss=0.3195 light=0.3176 mat=0.0191
  batch 220/329 | loss=0.3130 light=0.3121 mat=0.0084
  batch 230/329 | loss=0.2708 light=0.2678 mat=0.0297
  batch 240/329 | loss=0.2342 light=0.2310 mat=0.0326
  batch 250/329 | loss=0.3061 light=0.3042 mat=0.0189
  batch 260/329 | loss=0.3018 light=0.3003 mat=0.0153
  batch 270/329 | loss=0.2174 light=0.2159 mat=0.0156
  batch 280/329 | loss=0.3370 light=0.3342 mat=0.0287
  batch 290/329 | loss=0.3904 light=0.3884 mat=0.0199
  batch 300/329 | loss=0.2195 light=0.2181 mat=0.0144
  batch 310/329 | loss=0.2972 light=0.2957 mat=0.0149
  batch 320/329 | loss=0.2721 light=0.2708 mat=0.0137
  train | loss=0.3083 light=0.3067 mat=0.0162
  val   | loss=0.3099 light=0.3084 mat=0.0152 mat_mae=0.0575
  -> new best model (val_loss=0.3099)

Epoch 5/50
  batch 10/329 | loss=0.2343 light=0.2322 mat=0.0211
  batch 20/329 | loss=0.2801 light=0.2776 mat=0.0249
  batch 30/329 | loss=0.2337 light=0.2326 mat=0.0108
  batch 40/329 | loss=0.2934 light=0.2924 mat=0.0103
  batch 50/329 | loss=0.2498 light=0.2490 mat=0.0083
  batch 60/329 | loss=0.2254 light=0.2246 mat=0.0079
  batch 70/329 | loss=0.3468 light=0.3455 mat=0.0131
  batch 80/329 | loss=0.2730 light=0.2696 mat=0.0341
  batch 90/329 | loss=0.3260 light=0.3253 mat=0.0068
  batch 100/329 | loss=0.2872 light=0.2855 mat=0.0168
  batch 110/329 | loss=0.2765 light=0.2751 mat=0.0141
  batch 120/329 | loss=0.3465 light=0.3428 mat=0.0367
  batch 130/329 | loss=0.3859 light=0.3830 mat=0.0287
  batch 140/329 | loss=0.3042 light=0.3028 mat=0.0138
  batch 150/329 | loss=0.3257 light=0.3239 mat=0.0172
  batch 160/329 | loss=0.3637 light=0.3630 mat=0.0072
  batch 170/329 | loss=0.4148 light=0.4139 mat=0.0096
  batch 180/329 | loss=0.2724 light=0.2707 mat=0.0170
  batch 190/329 | loss=0.4238 light=0.4223 mat=0.0152
  batch 200/329 | loss=0.3156 light=0.3135 mat=0.0207
  batch 210/329 | loss=0.3269 light=0.3260 mat=0.0091
  batch 220/329 | loss=0.1985 light=0.1970 mat=0.0149
  batch 230/329 | loss=0.3203 light=0.3189 mat=0.0143
  batch 240/329 | loss=0.2190 light=0.2185 mat=0.0055
  batch 250/329 | loss=0.2797 light=0.2786 mat=0.0114
  batch 260/329 | loss=0.2998 light=0.2985 mat=0.0130
  batch 270/329 | loss=0.2790 light=0.2780 mat=0.0101
  batch 280/329 | loss=0.3751 light=0.3739 mat=0.0122
  batch 290/329 | loss=0.2345 light=0.2335 mat=0.0098
  batch 300/329 | loss=0.3392 light=0.3382 mat=0.0098
  batch 310/329 | loss=0.3801 light=0.3790 mat=0.0110
  batch 320/329 | loss=0.2463 light=0.2452 mat=0.0114
  train | loss=0.2912 light=0.2898 mat=0.0144
  val   | loss=0.3083 light=0.3067 mat=0.0161 mat_mae=0.0568
  -> new best model (val_loss=0.3083)

Epoch 6/50
  batch 10/329 | loss=0.2617 light=0.2595 mat=0.0220
  batch 20/329 | loss=0.2651 light=0.2639 mat=0.0116
  batch 30/329 | loss=0.2370 light=0.2358 mat=0.0127
  batch 40/329 | loss=0.2314 light=0.2304 mat=0.0100
  batch 50/329 | loss=0.3101 light=0.3094 mat=0.0070
  batch 60/329 | loss=0.2816 light=0.2802 mat=0.0137
  batch 70/329 | loss=0.3680 light=0.3660 mat=0.0192
  batch 80/329 | loss=0.2481 light=0.2474 mat=0.0066
  batch 90/329 | loss=0.2156 light=0.2145 mat=0.0108
  batch 100/329 | loss=0.3364 light=0.3350 mat=0.0138
  batch 110/329 | loss=0.4097 light=0.4084 mat=0.0134
  batch 120/329 | loss=0.3467 light=0.3463 mat=0.0039
  batch 130/329 | loss=0.3739 light=0.3729 mat=0.0102
  batch 140/329 | loss=0.2563 light=0.2535 mat=0.0278
  batch 150/329 | loss=0.2395 light=0.2375 mat=0.0201
  batch 160/329 | loss=0.2571 light=0.2560 mat=0.0102
  batch 170/329 | loss=0.2933 light=0.2913 mat=0.0193
  batch 180/329 | loss=0.2557 light=0.2548 mat=0.0082
  batch 190/329 | loss=0.2595 light=0.2584 mat=0.0110
  batch 200/329 | loss=0.2882 light=0.2870 mat=0.0124
  batch 210/329 | loss=0.3021 light=0.3014 mat=0.0078
  batch 220/329 | loss=0.2385 light=0.2371 mat=0.0141
  batch 230/329 | loss=0.3349 light=0.3331 mat=0.0178
  batch 240/329 | loss=0.3046 light=0.3040 mat=0.0065
  batch 250/329 | loss=0.3188 light=0.3166 mat=0.0222
  batch 260/329 | loss=0.2426 light=0.2415 mat=0.0111
  batch 270/329 | loss=0.3837 light=0.3825 mat=0.0113
  batch 280/329 | loss=0.1845 light=0.1835 mat=0.0098
  batch 290/329 | loss=0.3339 light=0.3327 mat=0.0116
  batch 300/329 | loss=0.1730 light=0.1722 mat=0.0081
  batch 310/329 | loss=0.2018 light=0.2010 mat=0.0081
  batch 320/329 | loss=0.3023 light=0.3013 mat=0.0101
  train | loss=0.2770 light=0.2757 mat=0.0133
  val   | loss=0.2953 light=0.2939 mat=0.0134 mat_mae=0.0527
  -> new best model (val_loss=0.2953)

Epoch 7/50
  batch 10/329 | loss=0.2828 light=0.2819 mat=0.0088
  batch 20/329 | loss=0.2790 light=0.2766 mat=0.0241
  batch 30/329 | loss=0.2674 light=0.2665 mat=0.0095
  batch 40/329 | loss=0.2852 light=0.2839 mat=0.0135
  batch 50/329 | loss=0.3165 light=0.3151 mat=0.0138
  batch 60/329 | loss=0.2593 light=0.2584 mat=0.0091
  batch 70/329 | loss=0.3013 light=0.3006 mat=0.0071
  batch 80/329 | loss=0.3169 light=0.3159 mat=0.0103
  batch 90/329 | loss=0.2532 light=0.2522 mat=0.0099
  batch 100/329 | loss=0.3426 light=0.3394 mat=0.0327
  batch 110/329 | loss=0.4414 light=0.4404 mat=0.0103
  batch 120/329 | loss=0.2505 light=0.2498 mat=0.0072
  batch 130/329 | loss=0.2379 light=0.2370 mat=0.0096
  batch 140/329 | loss=0.2831 light=0.2823 mat=0.0085
  batch 150/329 | loss=0.2714 light=0.2706 mat=0.0081
  batch 160/329 | loss=0.2709 light=0.2703 mat=0.0059
  batch 170/329 | loss=0.3065 light=0.3057 mat=0.0076
  batch 180/329 | loss=0.3881 light=0.3861 mat=0.0199
  batch 190/329 | loss=0.2433 light=0.2426 mat=0.0072
  batch 200/329 | loss=0.3221 light=0.3209 mat=0.0116
  batch 210/329 | loss=0.3439 light=0.3424 mat=0.0153
  batch 220/329 | loss=0.2645 light=0.2634 mat=0.0114
  batch 230/329 | loss=0.2771 light=0.2752 mat=0.0185
  batch 240/329 | loss=0.2319 light=0.2303 mat=0.0158
  batch 250/329 | loss=0.2363 light=0.2355 mat=0.0085
  batch 260/329 | loss=0.2852 light=0.2839 mat=0.0130
  batch 270/329 | loss=0.2893 light=0.2884 mat=0.0092
  batch 280/329 | loss=0.2697 light=0.2689 mat=0.0077
  batch 290/329 | loss=0.2674 light=0.2665 mat=0.0087
  batch 300/329 | loss=0.2902 light=0.2884 mat=0.0180
  batch 310/329 | loss=0.2628 light=0.2595 mat=0.0333
  batch 320/329 | loss=0.2034 light=0.2023 mat=0.0109
  train | loss=0.2658 light=0.2645 mat=0.0126
  val   | loss=0.2830 light=0.2818 mat=0.0117 mat_mae=0.0489
  -> new best model (val_loss=0.2830)

Epoch 8/50
  batch 10/329 | loss=0.3370 light=0.3354 mat=0.0164
  batch 20/329 | loss=0.2755 light=0.2747 mat=0.0083
  batch 30/329 | loss=0.2216 light=0.2195 mat=0.0213
  batch 40/329 | loss=0.2557 light=0.2550 mat=0.0067
  batch 50/329 | loss=0.1735 light=0.1729 mat=0.0059
  batch 60/329 | loss=0.3286 light=0.3279 mat=0.0075
  batch 70/329 | loss=0.2481 light=0.2461 mat=0.0203
  batch 80/329 | loss=0.3633 light=0.3624 mat=0.0088
  batch 90/329 | loss=0.3527 light=0.3510 mat=0.0165
  batch 100/329 | loss=0.3424 light=0.3411 mat=0.0129
  batch 110/329 | loss=0.2869 light=0.2847 mat=0.0216
  batch 120/329 | loss=0.1800 light=0.1790 mat=0.0099
  batch 130/329 | loss=0.2456 light=0.2449 mat=0.0077
  batch 140/329 | loss=0.2052 light=0.2042 mat=0.0104
  batch 150/329 | loss=0.2452 light=0.2439 mat=0.0137
  batch 160/329 | loss=0.2260 light=0.2254 mat=0.0060
  batch 170/329 | loss=0.2119 light=0.2113 mat=0.0059
  batch 180/329 | loss=0.1770 light=0.1757 mat=0.0126
  batch 190/329 | loss=0.2823 light=0.2809 mat=0.0139
  batch 200/329 | loss=0.2559 light=0.2544 mat=0.0148
  batch 210/329 | loss=0.2418 light=0.2411 mat=0.0063
  batch 220/329 | loss=0.2156 light=0.2144 mat=0.0124
  batch 230/329 | loss=0.2727 light=0.2707 mat=0.0197
  batch 240/329 | loss=0.2078 light=0.2064 mat=0.0143
  batch 250/329 | loss=0.2204 light=0.2196 mat=0.0081
  batch 260/329 | loss=0.3283 light=0.3267 mat=0.0152
  batch 270/329 | loss=0.2352 light=0.2340 mat=0.0121
  batch 280/329 | loss=0.3361 light=0.3341 mat=0.0195
  batch 290/329 | loss=0.2537 light=0.2531 mat=0.0061
  batch 300/329 | loss=0.3331 light=0.3322 mat=0.0087
  batch 310/329 | loss=0.2270 light=0.2241 mat=0.0297
  batch 320/329 | loss=0.1806 light=0.1792 mat=0.0138
  train | loss=0.2563 light=0.2551 mat=0.0120
  val   | loss=0.2773 light=0.2760 mat=0.0121 mat_mae=0.0515
  -> new best model (val_loss=0.2773)

Epoch 9/50
  batch 10/329 | loss=0.3008 light=0.2994 mat=0.0137
  batch 20/329 | loss=0.2472 light=0.2465 mat=0.0068
  batch 30/329 | loss=0.2102 light=0.2087 mat=0.0150
  batch 40/329 | loss=0.1880 light=0.1868 mat=0.0119
  batch 50/329 | loss=0.3679 light=0.3660 mat=0.0188
  batch 60/329 | loss=0.2428 light=0.2418 mat=0.0101
  batch 70/329 | loss=0.3290 light=0.3285 mat=0.0047
  batch 80/329 | loss=0.2464 light=0.2452 mat=0.0115
  batch 90/329 | loss=0.2979 light=0.2969 mat=0.0106
  batch 100/329 | loss=0.2586 light=0.2581 mat=0.0047
  batch 110/329 | loss=0.1915 light=0.1905 mat=0.0099
  batch 120/329 | loss=0.3542 light=0.3530 mat=0.0123
  batch 130/329 | loss=0.2273 light=0.2268 mat=0.0052
  batch 140/329 | loss=0.2537 light=0.2526 mat=0.0110
  batch 150/329 | loss=0.2667 light=0.2658 mat=0.0094
  batch 160/329 | loss=0.2066 light=0.2045 mat=0.0208
  batch 170/329 | loss=0.2450 light=0.2424 mat=0.0255
  batch 180/329 | loss=0.1952 light=0.1943 mat=0.0085
  batch 190/329 | loss=0.2158 light=0.2142 mat=0.0160
  batch 200/329 | loss=0.2594 light=0.2583 mat=0.0113
  batch 210/329 | loss=0.2223 light=0.2216 mat=0.0071
  batch 220/329 | loss=0.1995 light=0.1981 mat=0.0137
  batch 230/329 | loss=0.2694 light=0.2686 mat=0.0080
  batch 240/329 | loss=0.3036 light=0.3031 mat=0.0044
  batch 250/329 | loss=0.3173 light=0.3167 mat=0.0054
  batch 260/329 | loss=0.1994 light=0.1981 mat=0.0126
  batch 270/329 | loss=0.2486 light=0.2476 mat=0.0102
  batch 280/329 | loss=0.2079 light=0.2063 mat=0.0165
  batch 290/329 | loss=0.2537 light=0.2532 mat=0.0055
  batch 300/329 | loss=0.3207 light=0.3195 mat=0.0117
  batch 310/329 | loss=0.2106 light=0.2100 mat=0.0060
  batch 320/329 | loss=0.2224 light=0.2203 mat=0.0208
  train | loss=0.2467 light=0.2456 mat=0.0111
  val   | loss=0.2715 light=0.2705 mat=0.0098 mat_mae=0.0455
  -> new best model (val_loss=0.2715)

Epoch 10/50
  batch 10/329 | loss=0.1384 light=0.1349 mat=0.0351
  batch 20/329 | loss=0.2506 light=0.2494 mat=0.0116
  batch 30/329 | loss=0.2221 light=0.2210 mat=0.0110
  batch 40/329 | loss=0.1590 light=0.1588 mat=0.0028
  batch 50/329 | loss=0.1430 light=0.1426 mat=0.0042
  batch 60/329 | loss=0.1971 light=0.1957 mat=0.0144
  batch 70/329 | loss=0.2215 light=0.2205 mat=0.0100
  batch 80/329 | loss=0.2239 light=0.2224 mat=0.0154
  batch 90/329 | loss=0.3031 light=0.3022 mat=0.0088
  batch 100/329 | loss=0.2163 light=0.2158 mat=0.0050
  batch 110/329 | loss=0.2319 light=0.2308 mat=0.0109
  batch 120/329 | loss=0.2884 light=0.2861 mat=0.0227
  batch 130/329 | loss=0.2271 light=0.2261 mat=0.0102
  batch 140/329 | loss=0.2401 light=0.2386 mat=0.0149
  batch 150/329 | loss=0.2813 light=0.2809 mat=0.0043
  batch 160/329 | loss=0.1823 light=0.1816 mat=0.0073
  batch 170/329 | loss=0.2055 light=0.2045 mat=0.0095
  batch 180/329 | loss=0.2205 light=0.2199 mat=0.0054
  batch 190/329 | loss=0.2675 light=0.2670 mat=0.0050
  batch 200/329 | loss=0.1879 light=0.1872 mat=0.0070
  batch 210/329 | loss=0.2026 light=0.2017 mat=0.0095
  batch 220/329 | loss=0.1564 light=0.1541 mat=0.0233
  batch 230/329 | loss=0.2224 light=0.2210 mat=0.0140
  batch 240/329 | loss=0.1699 light=0.1683 mat=0.0159
  batch 250/329 | loss=0.2210 light=0.2203 mat=0.0062
  batch 260/329 | loss=0.2744 light=0.2731 mat=0.0126
  batch 270/329 | loss=0.2325 light=0.2316 mat=0.0089
  batch 280/329 | loss=0.3047 light=0.3042 mat=0.0047
  batch 290/329 | loss=0.3037 light=0.3023 mat=0.0142
  batch 300/329 | loss=0.3265 light=0.3259 mat=0.0066
  batch 310/329 | loss=0.2182 light=0.2164 mat=0.0178
  batch 320/329 | loss=0.2428 light=0.2425 mat=0.0033
  train | loss=0.2363 light=0.2353 mat=0.0105
  val   | loss=0.2681 light=0.2671 mat=0.0100 mat_mae=0.0451
  -> new best model (val_loss=0.2681)

Epoch 11/50
  batch 10/329 | loss=0.2426 light=0.2422 mat=0.0038
  batch 20/329 | loss=0.2643 light=0.2629 mat=0.0136
  batch 30/329 | loss=0.2207 light=0.2200 mat=0.0067
  batch 40/329 | loss=0.2172 light=0.2161 mat=0.0108
  batch 50/329 | loss=0.2585 light=0.2570 mat=0.0150
  batch 60/329 | loss=0.2087 light=0.2081 mat=0.0069
  batch 70/329 | loss=0.1599 light=0.1589 mat=0.0102
  batch 80/329 | loss=0.2570 light=0.2564 mat=0.0060
  batch 90/329 | loss=0.1896 light=0.1890 mat=0.0066
  batch 100/329 | loss=0.2846 light=0.2838 mat=0.0079
  batch 110/329 | loss=0.3703 light=0.3681 mat=0.0221
  batch 120/329 | loss=0.1657 light=0.1651 mat=0.0065
  batch 130/329 | loss=0.1815 light=0.1787 mat=0.0280
  batch 140/329 | loss=0.2093 light=0.2084 mat=0.0094
  batch 150/329 | loss=0.2526 light=0.2519 mat=0.0072
  batch 160/329 | loss=0.2980 light=0.2970 mat=0.0106
  batch 170/329 | loss=0.1986 light=0.1981 mat=0.0047
  batch 180/329 | loss=0.2386 light=0.2382 mat=0.0039
  batch 190/329 | loss=0.1707 light=0.1699 mat=0.0080
  batch 200/329 | loss=0.2416 light=0.2409 mat=0.0073
  batch 210/329 | loss=0.1945 light=0.1938 mat=0.0071
  batch 220/329 | loss=0.2569 light=0.2558 mat=0.0119
  batch 230/329 | loss=0.1696 light=0.1690 mat=0.0065
  batch 240/329 | loss=0.2195 light=0.2183 mat=0.0123
  batch 250/329 | loss=0.2071 light=0.2060 mat=0.0107
  batch 260/329 | loss=0.1704 light=0.1697 mat=0.0072
  batch 270/329 | loss=0.2075 light=0.2060 mat=0.0147
  batch 280/329 | loss=0.3191 light=0.3184 mat=0.0070
  batch 290/329 | loss=0.2139 light=0.2129 mat=0.0109
  batch 300/329 | loss=0.2338 light=0.2334 mat=0.0044
  batch 310/329 | loss=0.2115 light=0.2107 mat=0.0078
  batch 320/329 | loss=0.2828 light=0.2815 mat=0.0134
  train | loss=0.2320 light=0.2310 mat=0.0102
  val   | loss=0.2754 light=0.2743 mat=0.0114 mat_mae=0.0479

Epoch 12/50
  batch 10/329 | loss=0.2257 light=0.2233 mat=0.0243
  batch 20/329 | loss=0.2571 light=0.2561 mat=0.0100
  batch 30/329 | loss=0.2583 light=0.2573 mat=0.0098
  batch 40/329 | loss=0.2427 light=0.2415 mat=0.0112
  batch 50/329 | loss=0.2291 light=0.2283 mat=0.0080
  batch 60/329 | loss=0.2908 light=0.2891 mat=0.0170
  batch 70/329 | loss=0.2206 light=0.2198 mat=0.0075
  batch 80/329 | loss=0.2060 light=0.2054 mat=0.0054
  batch 90/329 | loss=0.2451 light=0.2446 mat=0.0055
  batch 100/329 | loss=0.2027 light=0.2020 mat=0.0067
  batch 110/329 | loss=0.2282 light=0.2273 mat=0.0085
  batch 120/329 | loss=0.1499 light=0.1495 mat=0.0040
  batch 130/329 | loss=0.2848 light=0.2839 mat=0.0094
  batch 140/329 | loss=0.2037 light=0.2029 mat=0.0081
  batch 150/329 | loss=0.1834 light=0.1823 mat=0.0106
  batch 160/329 | loss=0.2093 light=0.2079 mat=0.0135
  batch 170/329 | loss=0.2960 light=0.2954 mat=0.0062
  batch 180/329 | loss=0.3151 light=0.3141 mat=0.0096
  batch 190/329 | loss=0.2549 light=0.2542 mat=0.0068
  batch 200/329 | loss=0.1975 light=0.1971 mat=0.0045
  batch 210/329 | loss=0.2182 light=0.2169 mat=0.0136
  batch 220/329 | loss=0.2559 light=0.2544 mat=0.0143
  batch 230/329 | loss=0.3099 light=0.3086 mat=0.0125
  batch 240/329 | loss=0.2070 light=0.2062 mat=0.0080
  batch 250/329 | loss=0.1834 light=0.1824 mat=0.0103
  batch 260/329 | loss=0.1509 light=0.1502 mat=0.0071
  batch 270/329 | loss=0.2762 light=0.2755 mat=0.0075
  batch 280/329 | loss=0.2601 light=0.2597 mat=0.0047
  batch 290/329 | loss=0.2077 light=0.2048 mat=0.0298
  batch 300/329 | loss=0.1757 light=0.1745 mat=0.0128
  batch 310/329 | loss=0.2432 light=0.2420 mat=0.0124
  batch 320/329 | loss=0.2296 light=0.2274 mat=0.0222
  train | loss=0.2270 light=0.2259 mat=0.0102
  val   | loss=0.2617 light=0.2607 mat=0.0105 mat_mae=0.0450
  -> new best model (val_loss=0.2617)

Epoch 13/50
  batch 10/329 | loss=0.2211 light=0.2205 mat=0.0060
  batch 20/329 | loss=0.2203 light=0.2194 mat=0.0083
  batch 30/329 | loss=0.2175 light=0.2168 mat=0.0069
  batch 40/329 | loss=0.2145 light=0.2139 mat=0.0053
  batch 50/329 | loss=0.2796 light=0.2784 mat=0.0116
  batch 60/329 | loss=0.2637 light=0.2623 mat=0.0144
  batch 70/329 | loss=0.1551 light=0.1536 mat=0.0143
  batch 80/329 | loss=0.1845 light=0.1842 mat=0.0038
  batch 90/329 | loss=0.2095 light=0.2087 mat=0.0081
  batch 100/329 | loss=0.1492 light=0.1480 mat=0.0119
  batch 110/329 | loss=0.1703 light=0.1692 mat=0.0110
  batch 120/329 | loss=0.2291 light=0.2286 mat=0.0049
  batch 130/329 | loss=0.2164 light=0.2159 mat=0.0051
  batch 140/329 | loss=0.1445 light=0.1439 mat=0.0062
  batch 150/329 | loss=0.1777 light=0.1771 mat=0.0061
  batch 160/329 | loss=0.2177 light=0.2170 mat=0.0066
  batch 170/329 | loss=0.1986 light=0.1972 mat=0.0141
  batch 180/329 | loss=0.1920 light=0.1906 mat=0.0147
  batch 190/329 | loss=0.2371 light=0.2366 mat=0.0050
  batch 200/329 | loss=0.2560 light=0.2553 mat=0.0079
  batch 210/329 | loss=0.2989 light=0.2966 mat=0.0233
  batch 220/329 | loss=0.2611 light=0.2605 mat=0.0059
  batch 230/329 | loss=0.2024 light=0.2017 mat=0.0068
  batch 240/329 | loss=0.2018 light=0.2008 mat=0.0100
  batch 250/329 | loss=0.1681 light=0.1677 mat=0.0038
  batch 260/329 | loss=0.1805 light=0.1795 mat=0.0099
  batch 270/329 | loss=0.1664 light=0.1659 mat=0.0048
  batch 280/329 | loss=0.2931 light=0.2914 mat=0.0167
  batch 290/329 | loss=0.1593 light=0.1582 mat=0.0112
  batch 300/329 | loss=0.2145 light=0.2138 mat=0.0066
  batch 310/329 | loss=0.2163 light=0.2157 mat=0.0058
  batch 320/329 | loss=0.2660 light=0.2656 mat=0.0041
  train | loss=0.2179 light=0.2170 mat=0.0090
  val   | loss=0.2519 light=0.2510 mat=0.0093 mat_mae=0.0436
  -> new best model (val_loss=0.2519)

Epoch 14/50
  batch 10/329 | loss=0.2524 light=0.2508 mat=0.0158
  batch 20/329 | loss=0.1595 light=0.1588 mat=0.0072
  batch 30/329 | loss=0.1932 light=0.1923 mat=0.0087
  batch 40/329 | loss=0.2294 light=0.2287 mat=0.0077
  batch 50/329 | loss=0.1881 light=0.1873 mat=0.0084
  batch 60/329 | loss=0.3025 light=0.3017 mat=0.0081
  batch 70/329 | loss=0.1860 light=0.1850 mat=0.0107
  batch 80/329 | loss=0.1712 light=0.1705 mat=0.0071
  batch 90/329 | loss=0.2212 light=0.2206 mat=0.0063
  batch 100/329 | loss=0.2414 light=0.2396 mat=0.0181
  batch 110/329 | loss=0.2196 light=0.2189 mat=0.0071
  batch 120/329 | loss=0.2241 light=0.2234 mat=0.0065
  batch 130/329 | loss=0.1705 light=0.1699 mat=0.0055
  batch 140/329 | loss=0.1616 light=0.1605 mat=0.0116
  batch 150/329 | loss=0.1887 light=0.1877 mat=0.0097
  batch 160/329 | loss=0.1796 light=0.1790 mat=0.0066
  batch 170/329 | loss=0.1894 light=0.1888 mat=0.0068
  batch 180/329 | loss=0.2018 light=0.2011 mat=0.0065
  batch 190/329 | loss=0.1864 light=0.1854 mat=0.0092
  batch 200/329 | loss=0.1716 light=0.1708 mat=0.0085
  batch 210/329 | loss=0.1660 light=0.1652 mat=0.0077
  batch 220/329 | loss=0.1848 light=0.1843 mat=0.0050
  batch 230/329 | loss=0.1899 light=0.1885 mat=0.0143
  batch 240/329 | loss=0.1326 light=0.1318 mat=0.0074
  batch 250/329 | loss=0.2363 light=0.2357 mat=0.0066
  batch 260/329 | loss=0.1975 light=0.1967 mat=0.0075
  batch 270/329 | loss=0.2838 light=0.2831 mat=0.0068
  batch 280/329 | loss=0.1860 light=0.1853 mat=0.0070
  batch 290/329 | loss=0.2100 light=0.2091 mat=0.0099
  batch 300/329 | loss=0.2027 light=0.2019 mat=0.0079
  batch 310/329 | loss=0.2227 light=0.2220 mat=0.0071
  batch 320/329 | loss=0.2293 light=0.2287 mat=0.0058
  train | loss=0.2122 light=0.2113 mat=0.0085
  val   | loss=0.2495 light=0.2487 mat=0.0087 mat_mae=0.0411
  -> new best model (val_loss=0.2495)

Epoch 15/50
  batch 10/329 | loss=0.1745 light=0.1738 mat=0.0074
  batch 20/329 | loss=0.1878 light=0.1872 mat=0.0066
  batch 30/329 | loss=0.2365 light=0.2352 mat=0.0124
  batch 40/329 | loss=0.1692 light=0.1684 mat=0.0084
  batch 50/329 | loss=0.2177 light=0.2158 mat=0.0189
  batch 60/329 | loss=0.1433 light=0.1423 mat=0.0104
  batch 70/329 | loss=0.1554 light=0.1545 mat=0.0093
  batch 80/329 | loss=0.2648 light=0.2639 mat=0.0085
  batch 90/329 | loss=0.3404 light=0.3398 mat=0.0058
  batch 100/329 | loss=0.1691 light=0.1684 mat=0.0064
  batch 110/329 | loss=0.3052 light=0.3043 mat=0.0092
  batch 120/329 | loss=0.1533 light=0.1528 mat=0.0049
  batch 130/329 | loss=0.1758 light=0.1751 mat=0.0076
  batch 140/329 | loss=0.2575 light=0.2569 mat=0.0067
  batch 150/329 | loss=0.1835 light=0.1827 mat=0.0079
  batch 160/329 | loss=0.1660 light=0.1654 mat=0.0057
  batch 170/329 | loss=0.1637 light=0.1629 mat=0.0077
  batch 180/329 | loss=0.2146 light=0.2139 mat=0.0071
  batch 190/329 | loss=0.1488 light=0.1481 mat=0.0074
  batch 200/329 | loss=0.2877 light=0.2870 mat=0.0070
  batch 210/329 | loss=0.1831 light=0.1821 mat=0.0101
  batch 220/329 | loss=0.2174 light=0.2154 mat=0.0207
  batch 230/329 | loss=0.2625 light=0.2620 mat=0.0058
  batch 240/329 | loss=0.1947 light=0.1943 mat=0.0039
  batch 250/329 | loss=0.1990 light=0.1984 mat=0.0051
  batch 260/329 | loss=0.1858 light=0.1850 mat=0.0076
  batch 270/329 | loss=0.1821 light=0.1812 mat=0.0085C:\Program Files\Python314\Lib\site-packages\torchvision\models\_utils.py:208: UserWarning: The parameter 'pretrained' is deprecated since 0.13 and may be removed in the future, please use 'weights' instead.
  warnings.warn(
C:\Program Files\Python314\Lib\site-packages\torchvision\models\_utils.py:223: UserWarning: Arguments other than a weight enum or `None` for 'weights' are deprecated since 0.13 and may be removed in the future. The current behavior is equivalent to passing `weights=AlexNet_Weights.IMAGENET1K_V1`. You can also use `weights=AlexNet_Weights.DEFAULT` to get the most up-to-date weights.
  warnings.warn(msg)

  batch 280/329 | loss=0.2130 light=0.2120 mat=0.0106
  batch 290/329 | loss=0.1286 light=0.1280 mat=0.0054
  batch 300/329 | loss=0.1851 light=0.1843 mat=0.0077
  batch 310/329 | loss=0.2328 light=0.2319 mat=0.0091
  batch 320/329 | loss=0.1879 light=0.1874 mat=0.0051
  train | loss=0.2088 light=0.2080 mat=0.0086
  val   | loss=0.2528 light=0.2519 mat=0.0093 mat_mae=0.0415

Epoch 16/50
  batch 10/329 | loss=0.2112 light=0.2101 mat=0.0109
  batch 20/329 | loss=0.2909 light=0.2896 mat=0.0128
  batch 30/329 | loss=0.1455 light=0.1448 mat=0.0063
  batch 40/329 | loss=0.2772 light=0.2763 mat=0.0088
  batch 50/329 | loss=0.2231 light=0.2222 mat=0.0085
  batch 60/329 | loss=0.1795 light=0.1779 mat=0.0155
  batch 70/329 | loss=0.1743 light=0.1719 mat=0.0244
  batch 80/329 | loss=0.1545 light=0.1540 mat=0.0046
  batch 90/329 | loss=0.2223 light=0.2211 mat=0.0122
  batch 100/329 | loss=0.2217 light=0.2213 mat=0.0041
  batch 110/329 | loss=0.1642 light=0.1635 mat=0.0075
  batch 120/329 | loss=0.1810 light=0.1808 mat=0.0021
  batch 130/329 | loss=0.2157 light=0.2150 mat=0.0075
  batch 140/329 | loss=0.2089 light=0.2082 mat=0.0072
  batch 150/329 | loss=0.1803 light=0.1796 mat=0.0062
  batch 160/329 | loss=0.1927 light=0.1922 mat=0.0044
  batch 170/329 | loss=0.2849 light=0.2843 mat=0.0059
  batch 180/329 | loss=0.1986 light=0.1970 mat=0.0159
  batch 190/329 | loss=0.1757 light=0.1746 mat=0.0111
  batch 200/329 | loss=0.1546 light=0.1540 mat=0.0062
  batch 210/329 | loss=0.2299 light=0.2293 mat=0.0063
  batch 220/329 | loss=0.2421 light=0.2416 mat=0.0051
  batch 230/329 | loss=0.2214 light=0.2198 mat=0.0161
  batch 240/329 | loss=0.1851 light=0.1843 mat=0.0075
  batch 250/329 | loss=0.2283 light=0.2273 mat=0.0095
  batch 260/329 | loss=0.1686 light=0.1670 mat=0.0154
  batch 270/329 | loss=0.1492 light=0.1485 mat=0.0064
  batch 280/329 | loss=0.2082 light=0.2072 mat=0.0101
  batch 290/329 | loss=0.3065 light=0.3049 mat=0.0161
  batch 300/329 | loss=0.1867 light=0.1858 mat=0.0094
  batch 310/329 | loss=0.1953 light=0.1940 mat=0.0134
  batch 320/329 | loss=0.1820 light=0.1804 mat=0.0156
  train | loss=0.2039 light=0.2030 mat=0.0087
  val   | loss=0.2443 light=0.2434 mat=0.0088 mat_mae=0.0406
  -> new best model (val_loss=0.2443)

Epoch 17/50
  batch 10/329 | loss=0.1868 light=0.1857 mat=0.0105
  batch 20/329 | loss=0.2006 light=0.2000 mat=0.0066
  batch 30/329 | loss=0.2390 light=0.2380 mat=0.0099
  batch 40/329 | loss=0.2063 light=0.2056 mat=0.0066
  batch 50/329 | loss=0.2115 light=0.2106 mat=0.0098
  batch 60/329 | loss=0.1549 light=0.1536 mat=0.0131
  batch 70/329 | loss=0.1988 light=0.1984 mat=0.0039
  batch 80/329 | loss=0.1757 light=0.1745 mat=0.0120
  batch 90/329 | loss=0.2012 light=0.2007 mat=0.0049
  batch 100/329 | loss=0.2051 light=0.2045 mat=0.0060
  batch 110/329 | loss=0.2239 light=0.2222 mat=0.0166
  batch 120/329 | loss=0.2392 light=0.2385 mat=0.0074
  batch 130/329 | loss=0.1842 light=0.1838 mat=0.0038
  batch 140/329 | loss=0.2117 light=0.2109 mat=0.0081
  batch 150/329 | loss=0.2163 light=0.2157 mat=0.0056
  batch 160/329 | loss=0.1769 light=0.1763 mat=0.0054
  batch 170/329 | loss=0.2752 light=0.2745 mat=0.0068
  batch 180/329 | loss=0.2605 light=0.2598 mat=0.0080
  batch 190/329 | loss=0.1646 light=0.1638 mat=0.0074
  batch 200/329 | loss=0.1788 light=0.1784 mat=0.0037
  batch 210/329 | loss=0.1803 light=0.1789 mat=0.0142
  batch 220/329 | loss=0.1381 light=0.1372 mat=0.0097
  batch 230/329 | loss=0.2076 light=0.2065 mat=0.0105
  batch 240/329 | loss=0.1511 light=0.1495 mat=0.0152
  batch 250/329 | loss=0.1834 light=0.1814 mat=0.0197
  batch 260/329 | loss=0.2171 light=0.2165 mat=0.0066
  batch 270/329 | loss=0.2701 light=0.2688 mat=0.0133
  batch 280/329 | loss=0.2284 light=0.2277 mat=0.0073
  batch 290/329 | loss=0.1966 light=0.1959 mat=0.0072
  batch 300/329 | loss=0.1791 light=0.1787 mat=0.0036
  batch 310/329 | loss=0.2134 light=0.2127 mat=0.0071
  batch 320/329 | loss=0.2094 light=0.2088 mat=0.0056
  train | loss=0.1991 light=0.1983 mat=0.0082
  val   | loss=0.2463 light=0.2455 mat=0.0082 mat_mae=0.0384

Epoch 18/50
  batch 10/329 | loss=0.1710 light=0.1704 mat=0.0064
  batch 20/329 | loss=0.1691 light=0.1681 mat=0.0106
  batch 30/329 | loss=0.1616 light=0.1610 mat=0.0054
  batch 40/329 | loss=0.1758 light=0.1755 mat=0.0035
  batch 50/329 | loss=0.1792 light=0.1780 mat=0.0116
  batch 60/329 | loss=0.2185 light=0.2177 mat=0.0074
  batch 70/329 | loss=0.1658 light=0.1653 mat=0.0045
  batch 80/329 | loss=0.3252 light=0.3248 mat=0.0043
  batch 90/329 | loss=0.1908 light=0.1900 mat=0.0078
  batch 100/329 | loss=0.2673 light=0.2666 mat=0.0067
  batch 110/329 | loss=0.2026 light=0.2018 mat=0.0083
  batch 120/329 | loss=0.1998 light=0.1987 mat=0.0102
  batch 130/329 | loss=0.1789 light=0.1784 mat=0.0051
  batch 140/329 | loss=0.2035 light=0.2030 mat=0.0049
  batch 150/329 | loss=0.2176 light=0.2165 mat=0.0108
  batch 160/329 | loss=0.1780 light=0.1774 mat=0.0054
  batch 170/329 | loss=0.2678 light=0.2667 mat=0.0112
  batch 180/329 | loss=0.2886 light=0.2875 mat=0.0103
  batch 190/329 | loss=0.2713 light=0.2707 mat=0.0058
  batch 200/329 | loss=0.2276 light=0.2266 mat=0.0095
  batch 210/329 | loss=0.2014 light=0.2004 mat=0.0101
  batch 220/329 | loss=0.1402 light=0.1397 mat=0.0052
  batch 230/329 | loss=0.1844 light=0.1837 mat=0.0071
  batch 240/329 | loss=0.2539 light=0.2534 mat=0.0051
  batch 250/329 | loss=0.1663 light=0.1656 mat=0.0077
  batch 260/329 | loss=0.1964 light=0.1959 mat=0.0045
  batch 270/329 | loss=0.1724 light=0.1723 mat=0.0019
  batch 280/329 | loss=0.1694 light=0.1680 mat=0.0133
  batch 290/329 | loss=0.1648 light=0.1641 mat=0.0072
  batch 300/329 | loss=0.1775 light=0.1763 mat=0.0122
  batch 310/329 | loss=0.1678 light=0.1673 mat=0.0052
  batch 320/329 | loss=0.1691 light=0.1684 mat=0.0078
  train | loss=0.1936 light=0.1928 mat=0.0082
  val   | loss=0.2479 light=0.2470 mat=0.0092 mat_mae=0.0419

Epoch 19/50
  batch 10/329 | loss=0.2436 light=0.2429 mat=0.0062
  batch 20/329 | loss=0.2919 light=0.2894 mat=0.0246
  batch 30/329 | loss=0.1458 light=0.1450 mat=0.0080
  batch 40/329 | loss=0.2139 light=0.2133 mat=0.0065
  batch 50/329 | loss=0.1773 light=0.1762 mat=0.0108
  batch 60/329 | loss=0.2549 light=0.2544 mat=0.0051
  batch 70/329 | loss=0.1808 light=0.1801 mat=0.0065
  batch 80/329 | loss=0.2238 light=0.2229 mat=0.0094
  batch 90/329 | loss=0.1642 light=0.1635 mat=0.0072
  batch 100/329 | loss=0.1627 light=0.1622 mat=0.0049
  batch 110/329 | loss=0.1751 light=0.1738 mat=0.0135
  batch 120/329 | loss=0.2034 light=0.2025 mat=0.0081
  batch 130/329 | loss=0.1791 light=0.1784 mat=0.0073
  batch 140/329 | loss=0.2803 light=0.2791 mat=0.0124
  batch 150/329 | loss=0.2212 light=0.2206 mat=0.0055
  batch 160/329 | loss=0.1227 light=0.1218 mat=0.0086
  batch 170/329 | loss=0.2548 light=0.2542 mat=0.0058
  batch 180/329 | loss=0.2203 light=0.2194 mat=0.0083
  batch 190/329 | loss=0.2022 light=0.2014 mat=0.0077
  batch 200/329 | loss=0.1771 light=0.1764 mat=0.0071
  batch 210/329 | loss=0.1601 light=0.1596 mat=0.0047
  batch 220/329 | loss=0.2940 light=0.2929 mat=0.0117
  batch 230/329 | loss=0.1627 light=0.1617 mat=0.0101
  batch 240/329 | loss=0.2148 light=0.2143 mat=0.0055
  batch 250/329 | loss=0.1538 light=0.1535 mat=0.0034
  batch 260/329 | loss=0.1811 light=0.1797 mat=0.0145
  batch 270/329 | loss=0.1948 light=0.1934 mat=0.0145
  batch 280/329 | loss=0.2024 light=0.2018 mat=0.0061
  batch 290/329 | loss=0.1676 light=0.1673 mat=0.0031
  batch 300/329 | loss=0.1797 light=0.1790 mat=0.0072
  batch 310/329 | loss=0.1362 light=0.1355 mat=0.0066
  batch 320/329 | loss=0.1524 light=0.1514 mat=0.0097
  train | loss=0.1916 light=0.1908 mat=0.0081
  val   | loss=0.2431 light=0.2423 mat=0.0081 mat_mae=0.0385
  -> new best model (val_loss=0.2431)

Epoch 20/50
  batch 10/329 | loss=0.2505 light=0.2483 mat=0.0222
  batch 20/329 | loss=0.1609 light=0.1603 mat=0.0065
  batch 30/329 | loss=0.1991 light=0.1986 mat=0.0050
  batch 40/329 | loss=0.1660 light=0.1655 mat=0.0051
  batch 50/329 | loss=0.2304 light=0.2300 mat=0.0039
  batch 60/329 | loss=0.1622 light=0.1618 mat=0.0046
  batch 70/329 | loss=0.1703 light=0.1695 mat=0.0073
  batch 80/329 | loss=0.1721 light=0.1713 mat=0.0084
  batch 90/329 | loss=0.2034 light=0.2026 mat=0.0087
  batch 100/329 | loss=0.1972 light=0.1968 mat=0.0034
  batch 110/329 | loss=0.1333 light=0.1327 mat=0.0068
  batch 120/329 | loss=0.1728 light=0.1724 mat=0.0043
  batch 130/329 | loss=0.1279 light=0.1276 mat=0.0035
  batch 140/329 | loss=0.1581 light=0.1576 mat=0.0052
  batch 150/329 | loss=0.1802 light=0.1793 mat=0.0089
  batch 160/329 | loss=0.2262 light=0.2257 mat=0.0042
  batch 170/329 | loss=0.1561 light=0.1553 mat=0.0079
  batch 180/329 | loss=0.2031 light=0.2027 mat=0.0043
  batch 190/329 | loss=0.1544 light=0.1539 mat=0.0055
  batch 200/329 | loss=0.2359 light=0.2353 mat=0.0068
  batch 210/329 | loss=0.1665 light=0.1658 mat=0.0069
  batch 220/329 | loss=0.2381 light=0.2376 mat=0.0056
  batch 230/329 | loss=0.1853 light=0.1848 mat=0.0053
  batch 240/329 | loss=0.1815 light=0.1811 mat=0.0047
  batch 250/329 | loss=0.1685 light=0.1679 mat=0.0062
  batch 260/329 | loss=0.2087 light=0.2083 mat=0.0042
  batch 270/329 | loss=0.1948 light=0.1943 mat=0.0054
  batch 280/329 | loss=0.1507 light=0.1503 mat=0.0037
  batch 290/329 | loss=0.2143 light=0.2134 mat=0.0084
  batch 300/329 | loss=0.1659 light=0.1654 mat=0.0041
  batch 310/329 | loss=0.1540 light=0.1535 mat=0.0059
  batch 320/329 | loss=0.1547 light=0.1543 mat=0.0041
  train | loss=0.1862 light=0.1855 mat=0.0073
  val   | loss=0.2400 light=0.2392 mat=0.0086 mat_mae=0.0380
  -> new best model (val_loss=0.2400)

Epoch 21/50
  batch 10/329 | loss=0.1749 light=0.1737 mat=0.0115
  batch 20/329 | loss=0.1373 light=0.1368 mat=0.0046
  batch 30/329 | loss=0.2389 light=0.2383 mat=0.0056
  batch 40/329 | loss=0.1233 light=0.1225 mat=0.0082
  batch 50/329 | loss=0.1716 light=0.1710 mat=0.0058
  batch 60/329 | loss=0.3792 light=0.3784 mat=0.0082
  batch 70/329 | loss=0.1765 light=0.1760 mat=0.0052
  batch 80/329 | loss=0.1536 light=0.1529 mat=0.0074
  batch 90/329 | loss=0.1632 light=0.1612 mat=0.0197
  batch 100/329 | loss=0.1558 light=0.1552 mat=0.0058
  batch 110/329 | loss=0.1903 light=0.1897 mat=0.0068
  batch 120/329 | loss=0.1882 light=0.1875 mat=0.0069
  batch 130/329 | loss=0.1781 light=0.1774 mat=0.0078
  batch 140/329 | loss=0.1334 light=0.1326 mat=0.0079
  batch 150/329 | loss=0.1576 light=0.1565 mat=0.0110
  batch 160/329 | loss=0.2728 light=0.2724 mat=0.0043
  batch 170/329 | loss=0.1590 light=0.1582 mat=0.0084
  batch 180/329 | loss=0.1482 light=0.1473 mat=0.0093
  batch 190/329 | loss=0.1446 light=0.1439 mat=0.0073
  batch 200/329 | loss=0.1791 light=0.1784 mat=0.0072
  batch 210/329 | loss=0.1900 light=0.1889 mat=0.0103
  batch 220/329 | loss=0.1669 light=0.1663 mat=0.0060
  batch 230/329 | loss=0.1887 light=0.1883 mat=0.0047
  batch 240/329 | loss=0.2706 light=0.2695 mat=0.0116
  batch 250/329 | loss=0.1424 light=0.1416 mat=0.0075
  batch 260/329 | loss=0.1828 light=0.1821 mat=0.0064
  batch 270/329 | loss=0.1925 light=0.1920 mat=0.0053
  batch 280/329 | loss=0.1828 light=0.1820 mat=0.0075
  batch 290/329 | loss=0.1634 light=0.1627 mat=0.0063
  batch 300/329 | loss=0.1352 light=0.1347 mat=0.0053
  batch 310/329 | loss=0.1645 light=0.1639 mat=0.0066
  batch 320/329 | loss=0.1758 light=0.1750 mat=0.0075
  train | loss=0.1822 light=0.1815 mat=0.0074
  val   | loss=0.2351 light=0.2342 mat=0.0082 mat_mae=0.0389
  -> new best model (val_loss=0.2351)

Epoch 22/50
  batch 10/329 | loss=0.1734 light=0.1728 mat=0.0058
  batch 20/329 | loss=0.1545 light=0.1538 mat=0.0069
  batch 30/329 | loss=0.2073 light=0.2068 mat=0.0050
  batch 40/329 | loss=0.1895 light=0.1888 mat=0.0070
  batch 50/329 | loss=0.1769 light=0.1765 mat=0.0035
  batch 60/329 | loss=0.2369 light=0.2365 mat=0.0041
  batch 70/329 | loss=0.1738 light=0.1734 mat=0.0046
  batch 80/329 | loss=0.1518 light=0.1512 mat=0.0055
  batch 90/329 | loss=0.2145 light=0.2139 mat=0.0057
  batch 100/329 | loss=0.1733 light=0.1729 mat=0.0037
  batch 110/329 | loss=0.2765 light=0.2760 mat=0.0053
  batch 120/329 | loss=0.1725 light=0.1721 mat=0.0049
  batch 130/329 | loss=0.1436 light=0.1433 mat=0.0028
  batch 140/329 | loss=0.1285 light=0.1279 mat=0.0067
  batch 150/329 | loss=0.1722 light=0.1711 mat=0.0109
  batch 160/329 | loss=0.2293 light=0.2288 mat=0.0052
  batch 170/329 | loss=0.1675 light=0.1662 mat=0.0125
  batch 180/329 | loss=0.1671 light=0.1660 mat=0.0110
  batch 190/329 | loss=0.1446 light=0.1443 mat=0.0031
  batch 200/329 | loss=0.1450 light=0.1445 mat=0.0050
  batch 210/329 | loss=0.1703 light=0.1699 mat=0.0046
  batch 220/329 | loss=0.2212 light=0.2206 mat=0.0058
  batch 230/329 | loss=0.1738 light=0.1733 mat=0.0052
  batch 240/329 | loss=0.1444 light=0.1439 mat=0.0052
  batch 250/329 | loss=0.1542 light=0.1536 mat=0.0058
  batch 260/329 | loss=0.1352 light=0.1348 mat=0.0036
  batch 270/329 | loss=0.1335 light=0.1331 mat=0.0036
  batch 280/329 | loss=0.1935 light=0.1925 mat=0.0104
  batch 290/329 | loss=0.1222 light=0.1217 mat=0.0055
  batch 300/329 | loss=0.1392 light=0.1385 mat=0.0075
  batch 310/329 | loss=0.2153 light=0.2142 mat=0.0107
  batch 320/329 | loss=0.2087 light=0.2080 mat=0.0070
  train | loss=0.1773 light=0.1766 mat=0.0069
  val   | loss=0.2382 light=0.2374 mat=0.0084 mat_mae=0.0379

Epoch 23/50
  batch 10/329 | loss=0.1876 light=0.1867 mat=0.0096
  batch 20/329 | loss=0.2481 light=0.2475 mat=0.0054
  batch 30/329 | loss=0.2219 light=0.2205 mat=0.0134
  batch 40/329 | loss=0.1285 light=0.1277 mat=0.0085
  batch 50/329 | loss=0.1938 light=0.1929 mat=0.0096
  batch 60/329 | loss=0.1327 light=0.1323 mat=0.0036
  batch 70/329 | loss=0.2415 light=0.2409 mat=0.0054
  batch 80/329 | loss=0.1640 light=0.1632 mat=0.0086
  batch 90/329 | loss=0.1342 light=0.1338 mat=0.0042
  batch 100/329 | loss=0.1209 light=0.1204 mat=0.0050
  batch 110/329 | loss=0.1638 light=0.1629 mat=0.0087
  batch 120/329 | loss=0.1487 light=0.1482 mat=0.0051
  batch 130/329 | loss=0.1717 light=0.1709 mat=0.0077
  batch 140/329 | loss=0.1209 light=0.1201 mat=0.0080
  batch 150/329 | loss=0.1368 light=0.1361 mat=0.0066
  batch 160/329 | loss=0.1835 light=0.1832 mat=0.0033
  batch 170/329 | loss=0.1549 light=0.1546 mat=0.0033
  batch 180/329 | loss=0.1557 light=0.1549 mat=0.0077
  batch 190/329 | loss=0.1227 light=0.1220 mat=0.0070
  batch 200/329 | loss=0.1920 light=0.1911 mat=0.0090
  batch 210/329 | loss=0.1857 light=0.1850 mat=0.0072
  batch 220/329 | loss=0.1689 light=0.1681 mat=0.0080
  batch 230/329 | loss=0.1296 light=0.1290 mat=0.0053
  batch 240/329 | loss=0.1256 light=0.1249 mat=0.0068
  batch 250/329 | loss=0.1185 light=0.1174 mat=0.0105
  batch 260/329 | loss=0.1693 light=0.1689 mat=0.0042
  batch 270/329 | loss=0.1501 light=0.1492 mat=0.0089
  batch 280/329 | loss=0.1620 light=0.1613 mat=0.0063
  batch 290/329 | loss=0.1938 light=0.1930 mat=0.0089
  batch 300/329 | loss=0.1544 light=0.1540 mat=0.0045
  batch 310/329 | loss=0.1500 light=0.1496 mat=0.0035
  batch 320/329 | loss=0.1697 light=0.1692 mat=0.0049
  train | loss=0.1744 light=0.1738 mat=0.0067
  val   | loss=0.2354 light=0.2346 mat=0.0075 mat_mae=0.0363

Epoch 24/50
  batch 10/329 | loss=0.1761 light=0.1755 mat=0.0062
  batch 20/329 | loss=0.1635 light=0.1627 mat=0.0077
  batch 30/329 | loss=0.1427 light=0.1421 mat=0.0062
  batch 40/329 | loss=0.1717 light=0.1710 mat=0.0067
  batch 50/329 | loss=0.1523 light=0.1515 mat=0.0077
  batch 60/329 | loss=0.1684 light=0.1680 mat=0.0040
  batch 70/329 | loss=0.1855 light=0.1850 mat=0.0050
  batch 80/329 | loss=0.1289 light=0.1283 mat=0.0060
  batch 90/329 | loss=0.1579 light=0.1569 mat=0.0095
  batch 100/329 | loss=0.1704 light=0.1699 mat=0.0051
  batch 110/329 | loss=0.1648 light=0.1638 mat=0.0094
  batch 120/329 | loss=0.1239 light=0.1229 mat=0.0091
  batch 130/329 | loss=0.1605 light=0.1601 mat=0.0033
  batch 140/329 | loss=0.1170 light=0.1165 mat=0.0056
  batch 150/329 | loss=0.1284 light=0.1270 mat=0.0136
  batch 160/329 | loss=0.1879 light=0.1874 mat=0.0056
  batch 170/329 | loss=0.1990 light=0.1986 mat=0.0034
  batch 180/329 | loss=0.2253 light=0.2246 mat=0.0071
  batch 190/329 | loss=0.1517 light=0.1513 mat=0.0036
  batch 200/329 | loss=0.1092 light=0.1087 mat=0.0043
  batch 210/329 | loss=0.1529 light=0.1523 mat=0.0062
  batch 220/329 | loss=0.2137 light=0.2132 mat=0.0052
  batch 230/329 | loss=0.1862 light=0.1847 mat=0.0146
  batch 240/329 | loss=0.1528 light=0.1525 mat=0.0039
  batch 250/329 | loss=0.1164 light=0.1159 mat=0.0050
  batch 260/329 | loss=0.2186 light=0.2171 mat=0.0143
  batch 270/329 | loss=0.1257 light=0.1251 mat=0.0053
  batch 280/329 | loss=0.1572 light=0.1568 mat=0.0042
  batch 290/329 | loss=0.1556 light=0.1552 mat=0.0048
  batch 300/329 | loss=0.1669 light=0.1662 mat=0.0070
  batch 310/329 | loss=0.1535 light=0.1530 mat=0.0045
  batch 320/329 | loss=0.1605 light=0.1600 mat=0.0050
  train | loss=0.1704 light=0.1697 mat=0.0066
  val   | loss=0.2307 light=0.2299 mat=0.0080 mat_mae=0.0377
  -> new best model (val_loss=0.2307)

Epoch 25/50
  batch 10/329 | loss=0.1630 light=0.1627 mat=0.0023
  batch 20/329 | loss=0.1361 light=0.1355 mat=0.0060
  batch 30/329 | loss=0.1746 light=0.1741 mat=0.0046
  batch 40/329 | loss=0.1635 light=0.1632 mat=0.0034
  batch 50/329 | loss=0.1601 light=0.1596 mat=0.0047
  batch 60/329 | loss=0.1421 light=0.1411 mat=0.0098
  batch 70/329 | loss=0.1385 light=0.1378 mat=0.0070
  batch 80/329 | loss=0.1283 light=0.1275 mat=0.0077
  batch 90/329 | loss=0.1675 light=0.1661 mat=0.0135
  batch 100/329 | loss=0.1434 light=0.1429 mat=0.0049
  batch 110/329 | loss=0.1649 light=0.1646 mat=0.0033
  batch 120/329 | loss=0.1251 light=0.1243 mat=0.0081
  batch 130/329 | loss=0.1924 light=0.1916 mat=0.0080
  batch 140/329 | loss=0.1368 light=0.1362 mat=0.0060
  batch 150/329 | loss=0.1611 light=0.1605 mat=0.0054
  batch 160/329 | loss=0.1105 light=0.1100 mat=0.0059
  batch 170/329 | loss=0.1671 light=0.1666 mat=0.0051
  batch 180/329 | loss=0.1330 light=0.1326 mat=0.0041
  batch 190/329 | loss=0.1961 light=0.1951 mat=0.0103
  batch 200/329 | loss=0.1915 light=0.1908 mat=0.0072
  batch 210/329 | loss=0.2208 light=0.2196 mat=0.0116
  batch 220/329 | loss=0.2333 light=0.2327 mat=0.0066
  batch 230/329 | loss=0.2538 light=0.2530 mat=0.0076
  batch 240/329 | loss=0.1634 light=0.1622 mat=0.0118
  batch 250/329 | loss=0.2877 light=0.2871 mat=0.0058
  batch 260/329 | loss=0.1664 light=0.1661 mat=0.0039
  batch 270/329 | loss=0.2344 light=0.2338 mat=0.0061
  batch 280/329 | loss=0.1894 light=0.1886 mat=0.0081
  batch 290/329 | loss=0.1340 light=0.1335 mat=0.0046
  batch 300/329 | loss=0.1524 light=0.1519 mat=0.0049
  batch 310/329 | loss=0.1981 light=0.1974 mat=0.0067
  batch 320/329 | loss=0.2421 light=0.2413 mat=0.0074
  train | loss=0.1686 light=0.1679 mat=0.0069
  val   | loss=0.2321 light=0.2313 mat=0.0080 mat_mae=0.0370

Epoch 26/50
  batch 10/329 | loss=0.2177 light=0.2169 mat=0.0075
  batch 20/329 | loss=0.1802 light=0.1798 mat=0.0040
  batch 30/329 | loss=0.1782 light=0.1767 mat=0.0146
  batch 40/329 | loss=0.1882 light=0.1877 mat=0.0051
  batch 50/329 | loss=0.1796 light=0.1785 mat=0.0118
  batch 60/329 | loss=0.1387 light=0.1384 mat=0.0038
  batch 70/329 | loss=0.1285 light=0.1278 mat=0.0072
  batch 80/329 | loss=0.1353 light=0.1347 mat=0.0064
  batch 90/329 | loss=0.1777 light=0.1770 mat=0.0073
  batch 100/329 | loss=0.1279 light=0.1273 mat=0.0062
  batch 110/329 | loss=0.2313 light=0.2308 mat=0.0047
  batch 120/329 | loss=0.2077 light=0.2065 mat=0.0114
  batch 130/329 | loss=0.1586 light=0.1580 mat=0.0059
  batch 140/329 | loss=0.1831 light=0.1823 mat=0.0081
  batch 150/329 | loss=0.1473 light=0.1466 mat=0.0066
  batch 160/329 | loss=0.1502 light=0.1497 mat=0.0046
  batch 170/329 | loss=0.1411 light=0.1400 mat=0.0116
  batch 180/329 | loss=0.1556 light=0.1550 mat=0.0064
  batch 190/329 | loss=0.1871 light=0.1867 mat=0.0041
  batch 200/329 | loss=0.1474 light=0.1470 mat=0.0038
  batch 210/329 | loss=0.1370 light=0.1362 mat=0.0083
  batch 220/329 | loss=0.2049 light=0.2045 mat=0.0034
  batch 230/329 | loss=0.1851 light=0.1836 mat=0.0145
  batch 240/329 | loss=0.1536 light=0.1531 mat=0.0047
  batch 250/329 | loss=0.1652 light=0.1645 mat=0.0066
  batch 260/329 | loss=0.1255 light=0.1249 mat=0.0062
  batch 270/329 | loss=0.1244 light=0.1239 mat=0.0045
  batch 280/329 | loss=0.1556 light=0.1544 mat=0.0127
  batch 290/329 | loss=0.1657 light=0.1652 mat=0.0052
  batch 300/329 | loss=0.1545 light=0.1539 mat=0.0057
  batch 310/329 | loss=0.1505 light=0.1499 mat=0.0064
  batch 320/329 | loss=0.1786 light=0.1782 mat=0.0041
  train | loss=0.1647 light=0.1640 mat=0.0066
  val   | loss=0.2272 light=0.2264 mat=0.0079 mat_mae=0.0370
  -> new best model (val_loss=0.2272)

Epoch 27/50
  batch 10/329 | loss=0.1504 light=0.1494 mat=0.0098
  batch 20/329 | loss=0.1214 light=0.1208 mat=0.0063
  batch 30/329 | loss=0.1800 light=0.1796 mat=0.0036
  batch 40/329 | loss=0.1395 light=0.1391 mat=0.0049
  batch 50/329 | loss=0.1504 light=0.1496 mat=0.0086
  batch 60/329 | loss=0.1800 light=0.1795 mat=0.0057
  batch 70/329 | loss=0.1903 light=0.1898 mat=0.0057
  batch 80/329 | loss=0.1847 light=0.1841 mat=0.0062
  batch 90/329 | loss=0.1798 light=0.1792 mat=0.0060
  batch 100/329 | loss=0.2555 light=0.2548 mat=0.0070
  batch 110/329 | loss=0.1412 light=0.1408 mat=0.0042
  batch 120/329 | loss=0.1328 light=0.1320 mat=0.0079
  batch 130/329 | loss=0.2191 light=0.2185 mat=0.0062
  batch 140/329 | loss=0.1370 light=0.1365 mat=0.0049
  batch 150/329 | loss=0.1519 light=0.1513 mat=0.0061
  batch 160/329 | loss=0.1779 light=0.1773 mat=0.0062
  batch 170/329 | loss=0.1320 light=0.1313 mat=0.0070
  batch 180/329 | loss=0.1207 light=0.1202 mat=0.0047
  batch 190/329 | loss=0.1886 light=0.1881 mat=0.0056
  batch 200/329 | loss=0.1535 light=0.1531 mat=0.0034
  batch 210/329 | loss=0.1462 light=0.1457 mat=0.0050
  batch 220/329 | loss=0.2044 light=0.2035 mat=0.0085
  batch 230/329 | loss=0.1837 light=0.1831 mat=0.0064
  batch 240/329 | loss=0.1780 light=0.1773 mat=0.0072
  batch 250/329 | loss=0.1757 light=0.1751 mat=0.0057
  batch 260/329 | loss=0.1306 light=0.1304 mat=0.0025
  batch 270/329 | loss=0.1073 light=0.1069 mat=0.0043
  batch 280/329 | loss=0.1443 light=0.1440 mat=0.0033
  batch 290/329 | loss=0.1480 light=0.1476 mat=0.0043
  batch 300/329 | loss=0.1701 light=0.1697 mat=0.0039
  batch 310/329 | loss=0.1346 light=0.1343 mat=0.0028
  batch 320/329 | loss=0.1131 light=0.1126 mat=0.0048
  train | loss=0.1615 light=0.1609 mat=0.0063
  val   | loss=0.2264 light=0.2256 mat=0.0077 mat_mae=0.0379
  -> new best model (val_loss=0.2264)

Epoch 28/50
  batch 10/329 | loss=0.1501 light=0.1495 mat=0.0065
  batch 20/329 | loss=0.1890 light=0.1885 mat=0.0058
  batch 30/329 | loss=0.1311 light=0.1307 mat=0.0047
  batch 40/329 | loss=0.1505 light=0.1499 mat=0.0061
  batch 50/329 | loss=0.1705 light=0.1698 mat=0.0064
  batch 60/329 | loss=0.1787 light=0.1781 mat=0.0055
  batch 70/329 | loss=0.1401 light=0.1397 mat=0.0040
  batch 80/329 | loss=0.2191 light=0.2183 mat=0.0073
  batch 90/329 | loss=0.1280 light=0.1274 mat=0.0060
  batch 100/329 | loss=0.2155 light=0.2148 mat=0.0065
  batch 110/329 | loss=0.1112 light=0.1107 mat=0.0047
  batch 120/329 | loss=0.1948 light=0.1944 mat=0.0043
  batch 130/329 | loss=0.1660 light=0.1649 mat=0.0104
  batch 140/329 | loss=0.1279 light=0.1273 mat=0.0063
  batch 150/329 | loss=0.1397 light=0.1393 mat=0.0039
  batch 160/329 | loss=0.2075 light=0.2070 mat=0.0049
  batch 170/329 | loss=0.1324 light=0.1320 mat=0.0041
  batch 180/329 | loss=0.1285 light=0.1282 mat=0.0034
  batch 190/329 | loss=0.1198 light=0.1185 mat=0.0131
  batch 200/329 | loss=0.1571 light=0.1565 mat=0.0055
  batch 210/329 | loss=0.1475 light=0.1463 mat=0.0122
  batch 220/329 | loss=0.1491 light=0.1486 mat=0.0050
  batch 230/329 | loss=0.1319 light=0.1314 mat=0.0053
  batch 240/329 | loss=0.1506 light=0.1500 mat=0.0059
  batch 250/329 | loss=0.1351 light=0.1345 mat=0.0057
  batch 260/329 | loss=0.1154 light=0.1150 mat=0.0037
  batch 270/329 | loss=0.1880 light=0.1872 mat=0.0076
  batch 280/329 | loss=0.1185 light=0.1179 mat=0.0065
  batch 290/329 | loss=0.1055 light=0.1044 mat=0.0108
  batch 300/329 | loss=0.2180 light=0.2174 mat=0.0056
  batch 310/329 | loss=0.1268 light=0.1261 mat=0.0071
  batch 320/329 | loss=0.2026 light=0.2023 mat=0.0022
  train | loss=0.1593 light=0.1587 mat=0.0061
  val   | loss=0.2252 light=0.2245 mat=0.0077 mat_mae=0.0364
  -> new best model (val_loss=0.2252)

Epoch 29/50
  batch 10/329 | loss=0.1749 light=0.1742 mat=0.0077
  batch 20/329 | loss=0.1509 light=0.1504 mat=0.0054
  batch 30/329 | loss=0.1555 light=0.1545 mat=0.0099
  batch 40/329 | loss=0.1586 light=0.1582 mat=0.0042
  batch 50/329 | loss=0.1600 light=0.1598 mat=0.0022
  batch 60/329 | loss=0.1591 light=0.1587 mat=0.0040
  batch 70/329 | loss=0.1630 light=0.1623 mat=0.0071
  batch 80/329 | loss=0.1308 light=0.1300 mat=0.0081
  batch 90/329 | loss=0.1101 light=0.1092 mat=0.0086
  batch 100/329 | loss=0.1175 light=0.1171 mat=0.0045
  batch 110/329 | loss=0.1627 light=0.1620 mat=0.0069
  batch 120/329 | loss=0.1396 light=0.1391 mat=0.0046
  batch 130/329 | loss=0.1362 light=0.1357 mat=0.0047
  batch 140/329 | loss=0.2184 light=0.2178 mat=0.0054
  batch 150/329 | loss=0.1381 light=0.1374 mat=0.0070
  batch 160/329 | loss=0.1222 light=0.1217 mat=0.0050
  batch 170/329 | loss=0.1625 light=0.1615 mat=0.0098
  batch 180/329 | loss=0.1704 light=0.1697 mat=0.0067
  batch 190/329 | loss=0.1044 light=0.1042 mat=0.0021
  batch 200/329 | loss=0.0983 light=0.0977 mat=0.0064
  batch 210/329 | loss=0.1375 light=0.1368 mat=0.0062
  batch 220/329 | loss=0.1776 light=0.1773 mat=0.0031
  batch 230/329 | loss=0.1675 light=0.1671 mat=0.0033
  batch 240/329 | loss=0.2093 light=0.2090 mat=0.0030
  batch 250/329 | loss=0.1374 light=0.1366 mat=0.0079
  batch 260/329 | loss=0.1977 light=0.1972 mat=0.0057
  batch 270/329 | loss=0.2303 light=0.2296 mat=0.0071
  batch 280/329 | loss=0.1381 light=0.1375 mat=0.0059
  batch 290/329 | loss=0.1761 light=0.1753 mat=0.0079
  batch 300/329 | loss=0.1299 light=0.1293 mat=0.0061
  batch 310/329 | loss=0.1448 light=0.1440 mat=0.0075
  batch 320/329 | loss=0.1704 light=0.1698 mat=0.0061
  train | loss=0.1566 light=0.1560 mat=0.0060
  val   | loss=0.2277 light=0.2268 mat=0.0081 mat_mae=0.0373

Epoch 30/50
  batch 10/329 | loss=0.1700 light=0.1694 mat=0.0062
  batch 20/329 | loss=0.1663 light=0.1659 mat=0.0038
  batch 30/329 | loss=0.1257 light=0.1255 mat=0.0021
  batch 40/329 | loss=0.1227 light=0.1224 mat=0.0035
  batch 50/329 | loss=0.1296 light=0.1292 mat=0.0043
  batch 60/329 | loss=0.1212 light=0.1201 mat=0.0112
  batch 70/329 | loss=0.1154 light=0.1150 mat=0.0040
  batch 80/329 | loss=0.1199 light=0.1193 mat=0.0052
  batch 90/329 | loss=0.2021 light=0.2013 mat=0.0076
  batch 100/329 | loss=0.1266 light=0.1260 mat=0.0058
  batch 110/329 | loss=0.0827 light=0.0824 mat=0.0030
  batch 120/329 | loss=0.1628 light=0.1624 mat=0.0040
  batch 130/329 | loss=0.1744 light=0.1740 mat=0.0035
  batch 140/329 | loss=0.1120 light=0.1114 mat=0.0063
  batch 150/329 | loss=0.1326 light=0.1316 mat=0.0097
  batch 160/329 | loss=0.1113 light=0.1100 mat=0.0129
  batch 170/329 | loss=0.1733 light=0.1726 mat=0.0070
  batch 180/329 | loss=0.1864 light=0.1859 mat=0.0054
  batch 190/329 | loss=0.1560 light=0.1555 mat=0.0057
  batch 200/329 | loss=0.1358 light=0.1354 mat=0.0037
  batch 210/329 | loss=0.1026 light=0.1023 mat=0.0034
  batch 220/329 | loss=0.1806 light=0.1803 mat=0.0035
  batch 230/329 | loss=0.1840 light=0.1832 mat=0.0075
  batch 240/329 | loss=0.1938 light=0.1935 mat=0.0031
  batch 250/329 | loss=0.1347 light=0.1336 mat=0.0103
  batch 260/329 | loss=0.1419 light=0.1414 mat=0.0049
  batch 270/329 | loss=0.1954 light=0.1949 mat=0.0053
  batch 280/329 | loss=0.1531 light=0.1526 mat=0.0054
  batch 290/329 | loss=0.1088 light=0.1081 mat=0.0070
  batch 300/329 | loss=0.1811 light=0.1804 mat=0.0068
  batch 310/329 | loss=0.1337 light=0.1328 mat=0.0096
  batch 320/329 | loss=0.1622 light=0.1616 mat=0.0054
  train | loss=0.1534 light=0.1528 mat=0.0058
  val   | loss=0.2226 light=0.2218 mat=0.0086 mat_mae=0.0371
  -> new best model (val_loss=0.2226)

Epoch 31/50
  batch 10/329 | loss=0.1761 light=0.1755 mat=0.0062
  batch 20/329 | loss=0.2030 light=0.2025 mat=0.0053
  batch 30/329 | loss=0.1991 light=0.1978 mat=0.0135
  batch 40/329 | loss=0.1765 light=0.1759 mat=0.0061
  batch 50/329 | loss=0.1281 light=0.1275 mat=0.0054
  batch 60/329 | loss=0.1591 light=0.1585 mat=0.0057
  batch 70/329 | loss=0.1584 light=0.1580 mat=0.0041
  batch 80/329 | loss=0.1058 light=0.1040 mat=0.0179
  batch 90/329 | loss=0.1622 light=0.1615 mat=0.0068
  batch 100/329 | loss=0.1262 light=0.1257 mat=0.0052
  batch 110/329 | loss=0.1416 light=0.1414 mat=0.0017
  batch 120/329 | loss=0.1448 light=0.1443 mat=0.0048
  batch 130/329 | loss=0.1349 light=0.1341 mat=0.0078
  batch 140/329 | loss=0.1405 light=0.1400 mat=0.0050
  batch 150/329 | loss=0.2035 light=0.2023 mat=0.0115
  batch 160/329 | loss=0.1612 light=0.1606 mat=0.0061
  batch 170/329 | loss=0.1139 light=0.1135 mat=0.0040
  batch 180/329 | loss=0.1173 light=0.1169 mat=0.0046
  batch 190/329 | loss=0.1280 light=0.1276 mat=0.0041
  batch 200/329 | loss=0.1707 light=0.1702 mat=0.0049
  batch 210/329 | loss=0.1106 light=0.1103 mat=0.0030
  batch 220/329 | loss=0.1090 light=0.1085 mat=0.0050
  batch 230/329 | loss=0.1121 light=0.1117 mat=0.0049
  batch 240/329 | loss=0.1338 light=0.1333 mat=0.0055
  batch 250/329 | loss=0.1379 light=0.1374 mat=0.0047
  batch 260/329 | loss=0.1131 light=0.1123 mat=0.0079
  batch 270/329 | loss=0.1644 light=0.1633 mat=0.0117
  batch 280/329 | loss=0.1892 light=0.1887 mat=0.0053
  batch 290/329 | loss=0.1573 light=0.1567 mat=0.0059
  batch 300/329 | loss=0.1439 light=0.1435 mat=0.0041
  batch 310/329 | loss=0.1504 light=0.1497 mat=0.0075
  batch 320/329 | loss=0.2099 light=0.2092 mat=0.0066
  train | loss=0.1515 light=0.1509 mat=0.0059
  val   | loss=0.2240 light=0.2231 mat=0.0081 mat_mae=0.0362

Epoch 32/50
  batch 10/329 | loss=0.1679 light=0.1673 mat=0.0055
  batch 20/329 | loss=0.1613 light=0.1610 mat=0.0033
  batch 30/329 | loss=0.1531 light=0.1529 mat=0.0027
  batch 40/329 | loss=0.1476 light=0.1474 mat=0.0023
  batch 50/329 | loss=0.1591 light=0.1588 mat=0.0032
  batch 60/329 | loss=0.1374 light=0.1369 mat=0.0049
  batch 70/329 | loss=0.1004 light=0.0999 mat=0.0056
  batch 80/329 | loss=0.1428 light=0.1422 mat=0.0063
  batch 90/329 | loss=0.1102 light=0.1097 mat=0.0045
  batch 100/329 | loss=0.1570 light=0.1567 mat=0.0028
  batch 110/329 | loss=0.1948 light=0.1942 mat=0.0058
  batch 120/329 | loss=0.2392 light=0.2385 mat=0.0067
  batch 130/329 | loss=0.1464 light=0.1457 mat=0.0073
  batch 140/329 | loss=0.1164 light=0.1160 mat=0.0045
  batch 150/329 | loss=0.1072 light=0.1066 mat=0.0058
  batch 160/329 | loss=0.1496 light=0.1491 mat=0.0052
  batch 170/329 | loss=0.1859 light=0.1854 mat=0.0055
  batch 180/329 | loss=0.1851 light=0.1846 mat=0.0050
  batch 190/329 | loss=0.1571 light=0.1565 mat=0.0067
  batch 200/329 | loss=0.2127 light=0.2122 mat=0.0053
  batch 210/329 | loss=0.0928 light=0.0921 mat=0.0067
  batch 220/329 | loss=0.1173 light=0.1167 mat=0.0054
  batch 230/329 | loss=0.1164 light=0.1156 mat=0.0076
  batch 240/329 | loss=0.1780 light=0.1775 mat=0.0045
  batch 250/329 | loss=0.1666 light=0.1659 mat=0.0067
  batch 260/329 | loss=0.1380 light=0.1373 mat=0.0064
  batch 270/329 | loss=0.1160 light=0.1154 mat=0.0055
  batch 280/329 | loss=0.1219 light=0.1215 mat=0.0048
  batch 290/329 | loss=0.1207 light=0.1199 mat=0.0075
  batch 300/329 | loss=0.1201 light=0.1198 mat=0.0027
  batch 310/329 | loss=0.1353 light=0.1348 mat=0.0044
  batch 320/329 | loss=0.0983 light=0.0972 mat=0.0110
  train | loss=0.1497 light=0.1491 mat=0.0059
  val   | loss=0.2231 light=0.2224 mat=0.0075 mat_mae=0.0353

Epoch 33/50
  batch 10/329 | loss=0.0969 light=0.0963 mat=0.0060
  batch 20/329 | loss=0.1119 light=0.1112 mat=0.0069
  batch 30/329 | loss=0.1116 light=0.1113 mat=0.0034
  batch 40/329 | loss=0.1883 light=0.1877 mat=0.0066
  batch 50/329 | loss=0.1404 light=0.1398 mat=0.0062
  batch 60/329 | loss=0.1969 light=0.1965 mat=0.0042
  batch 70/329 | loss=0.1562 light=0.1557 mat=0.0054
  batch 80/329 | loss=0.1211 light=0.1205 mat=0.0056
  batch 90/329 | loss=0.1547 light=0.1532 mat=0.0157
  batch 100/329 | loss=0.1082 light=0.1074 mat=0.0074
  batch 110/329 | loss=0.1242 light=0.1235 mat=0.0069
  batch 120/329 | loss=0.1499 light=0.1494 mat=0.0050
  batch 130/329 | loss=0.1313 light=0.1309 mat=0.0048
  batch 140/329 | loss=0.1617 light=0.1608 mat=0.0092
  batch 150/329 | loss=0.0919 light=0.0911 mat=0.0078
  batch 160/329 | loss=0.1456 light=0.1452 mat=0.0034
  batch 170/329 | loss=0.1951 light=0.1948 mat=0.0036
  batch 180/329 | loss=0.1500 light=0.1493 mat=0.0074
  batch 190/329 | loss=0.1152 light=0.1147 mat=0.0055
  batch 200/329 | loss=0.1145 light=0.1140 mat=0.0048
  batch 210/329 | loss=0.1525 light=0.1521 mat=0.0044
  batch 220/329 | loss=0.2157 light=0.2151 mat=0.0062
  batch 230/329 | loss=0.1209 light=0.1204 mat=0.0043
  batch 240/329 | loss=0.1698 light=0.1691 mat=0.0065
  batch 250/329 | loss=0.1780 light=0.1777 mat=0.0030
  batch 260/329 | loss=0.1272 light=0.1267 mat=0.0049
  batch 270/329 | loss=0.1170 light=0.1167 mat=0.0031
  batch 280/329 | loss=0.1131 light=0.1127 mat=0.0042
  batch 290/329 | loss=0.1075 light=0.1063 mat=0.0120
  batch 300/329 | loss=0.1766 light=0.1762 mat=0.0038
  batch 310/329 | loss=0.1702 light=0.1696 mat=0.0062
  batch 320/329 | loss=0.1427 light=0.1422 mat=0.0050
  train | loss=0.1478 light=0.1472 mat=0.0058
  val   | loss=0.2225 light=0.2218 mat=0.0072 mat_mae=0.0350
  -> new best model (val_loss=0.2225)

Epoch 34/50
  batch 10/329 | loss=0.1057 light=0.1051 mat=0.0053
  batch 20/329 | loss=0.1163 light=0.1158 mat=0.0052
  batch 30/329 | loss=0.1224 light=0.1219 mat=0.0053
  batch 40/329 | loss=0.1252 light=0.1248 mat=0.0038
  batch 50/329 | loss=0.1462 light=0.1459 mat=0.0029
  batch 60/329 | loss=0.1653 light=0.1649 mat=0.0037
  batch 70/329 | loss=0.1349 light=0.1343 mat=0.0069
  batch 80/329 | loss=0.1471 light=0.1466 mat=0.0051
  batch 90/329 | loss=0.1619 light=0.1613 mat=0.0057
  batch 100/329 | loss=0.2279 light=0.2272 mat=0.0063
  batch 110/329 | loss=0.1621 light=0.1616 mat=0.0054
  batch 120/329 | loss=0.1820 light=0.1810 mat=0.0102
  batch 130/329 | loss=0.1166 light=0.1161 mat=0.0050
  batch 140/329 | loss=0.1936 light=0.1933 mat=0.0025
  batch 150/329 | loss=0.0929 light=0.0922 mat=0.0065
  batch 160/329 | loss=0.1535 light=0.1527 mat=0.0087
  batch 170/329 | loss=0.1386 light=0.1382 mat=0.0047
  batch 180/329 | loss=0.1813 light=0.1802 mat=0.0115
  batch 190/329 | loss=0.1615 light=0.1610 mat=0.0056
  batch 200/329 | loss=0.1324 light=0.1319 mat=0.0049
  batch 210/329 | loss=0.1755 light=0.1751 mat=0.0038
  batch 220/329 | loss=0.1387 light=0.1383 mat=0.0038
  batch 230/329 | loss=0.1218 light=0.1214 mat=0.0040
  batch 240/329 | loss=0.1585 light=0.1579 mat=0.0057
  batch 250/329 | loss=0.1385 light=0.1381 mat=0.0039
  batch 260/329 | loss=0.1278 light=0.1272 mat=0.0061
  batch 270/329 | loss=0.1092 light=0.1087 mat=0.0052
  batch 280/329 | loss=0.1953 light=0.1950 mat=0.0038
  batch 290/329 | loss=0.1118 light=0.1111 mat=0.0078
  batch 300/329 | loss=0.1129 light=0.1125 mat=0.0037
  batch 310/329 | loss=0.1100 light=0.1096 mat=0.0036
  batch 320/329 | loss=0.1744 light=0.1736 mat=0.0084
  train | loss=0.1451 light=0.1446 mat=0.0054
  val   | loss=0.2241 light=0.2233 mat=0.0074 mat_mae=0.0355

Epoch 35/50
  batch 10/329 | loss=0.1443 light=0.1432 mat=0.0106
  batch 20/329 | loss=0.2028 light=0.2021 mat=0.0078
  batch 30/329 | loss=0.2053 light=0.2048 mat=0.0053
  batch 40/329 | loss=0.1836 light=0.1827 mat=0.0083
  batch 50/329 | loss=0.2058 light=0.2051 mat=0.0066
  batch 60/329 | loss=0.1301 light=0.1296 mat=0.0051
  batch 70/329 | loss=0.1194 light=0.1186 mat=0.0087
  batch 80/329 | loss=0.0811 light=0.0806 mat=0.0049
  batch 90/329 | loss=0.1462 light=0.1459 mat=0.0032
  batch 100/329 | loss=0.1026 light=0.1018 mat=0.0077
  batch 110/329 | loss=0.2233 light=0.2226 mat=0.0064
  batch 120/329 | loss=0.1045 light=0.1039 mat=0.0063
  batch 130/329 | loss=0.1037 light=0.1032 mat=0.0046
  batch 140/329 | loss=0.1062 light=0.1056 mat=0.0064
  batch 150/329 | loss=0.1756 light=0.1752 mat=0.0047
  batch 160/329 | loss=0.0917 light=0.0913 mat=0.0038
  batch 170/329 | loss=0.1504 light=0.1500 mat=0.0047
  batch 180/329 | loss=0.1176 light=0.1170 mat=0.0056
  batch 190/329 | loss=0.1123 light=0.1119 mat=0.0038
  batch 200/329 | loss=0.1202 light=0.1199 mat=0.0033
  batch 210/329 | loss=0.1126 light=0.1121 mat=0.0045
  batch 220/329 | loss=0.1200 light=0.1192 mat=0.0074
  batch 230/329 | loss=0.1700 light=0.1693 mat=0.0073
  batch 240/329 | loss=0.1046 light=0.1039 mat=0.0064
  batch 250/329 | loss=0.1009 light=0.1004 mat=0.0046
  batch 260/329 | loss=0.1543 light=0.1536 mat=0.0075
  batch 270/329 | loss=0.1073 light=0.1068 mat=0.0049
  batch 280/329 | loss=0.1562 light=0.1558 mat=0.0047
  batch 290/329 | loss=0.1025 light=0.1020 mat=0.0054
  batch 300/329 | loss=0.1159 light=0.1152 mat=0.0071
  batch 310/329 | loss=0.1417 light=0.1409 mat=0.0079
  batch 320/329 | loss=0.1215 light=0.1212 mat=0.0033
  train | loss=0.1433 light=0.1428 mat=0.0054
  val   | loss=0.2214 light=0.2206 mat=0.0074 mat_mae=0.0356
  -> new best model (val_loss=0.2214)

Epoch 36/50
  batch 10/329 | loss=0.1659 light=0.1655 mat=0.0034
  batch 20/329 | loss=0.1656 light=0.1651 mat=0.0050
  batch 30/329 | loss=0.1149 light=0.1146 mat=0.0031
  batch 40/329 | loss=0.1131 light=0.1124 mat=0.0072
  batch 50/329 | loss=0.1872 light=0.1867 mat=0.0042
  batch 60/329 | loss=0.1065 light=0.1059 mat=0.0052
  batch 70/329 | loss=0.1665 light=0.1660 mat=0.0053
  batch 80/329 | loss=0.1113 light=0.1109 mat=0.0048
  batch 90/329 | loss=0.1059 light=0.1055 mat=0.0034
  batch 100/329 | loss=0.1669 light=0.1663 mat=0.0055
  batch 110/329 | loss=0.1391 light=0.1385 mat=0.0061
  batch 120/329 | loss=0.1169 light=0.1156 mat=0.0123
  batch 130/329 | loss=0.1199 light=0.1195 mat=0.0043
  batch 140/329 | loss=0.1474 light=0.1469 mat=0.0053
  batch 150/329 | loss=0.1883 light=0.1879 mat=0.0047
  batch 160/329 | loss=0.1877 light=0.1873 mat=0.0042
  batch 170/329 | loss=0.1431 light=0.1429 mat=0.0018
  batch 180/329 | loss=0.1612 light=0.1608 mat=0.0046
  batch 190/329 | loss=0.0769 light=0.0764 mat=0.0049
  batch 200/329 | loss=0.1104 light=0.1098 mat=0.0060
  batch 210/329 | loss=0.1356 light=0.1352 mat=0.0033
  batch 220/329 | loss=0.1340 light=0.1333 mat=0.0062
  batch 230/329 | loss=0.0881 light=0.0876 mat=0.0050
  batch 240/329 | loss=0.1589 light=0.1584 mat=0.0056
  batch 250/329 | loss=0.1398 light=0.1394 mat=0.0036
  batch 260/329 | loss=0.1271 light=0.1268 mat=0.0035
  batch 270/329 | loss=0.1346 light=0.1341 mat=0.0045
  batch 280/329 | loss=0.1935 light=0.1930 mat=0.0047
  batch 290/329 | loss=0.1394 light=0.1389 mat=0.0058
  batch 300/329 | loss=0.1435 light=0.1430 mat=0.0050
  batch 310/329 | loss=0.1172 light=0.1170 mat=0.0016
  batch 320/329 | loss=0.1775 light=0.1768 mat=0.0071
  train | loss=0.1421 light=0.1415 mat=0.0054
  val   | loss=0.2221 light=0.2214 mat=0.0073 mat_mae=0.0349

Epoch 37/50
  batch 10/329 | loss=0.1122 light=0.1115 mat=0.0074
  batch 20/329 | loss=0.1053 light=0.1049 mat=0.0040
  batch 30/329 | loss=0.1478 light=0.1475 mat=0.0032
  batch 40/329 | loss=0.1182 light=0.1177 mat=0.0049
  batch 50/329 | loss=0.1482 light=0.1476 mat=0.0059
  batch 60/329 | loss=0.0889 light=0.0878 mat=0.0111
  batch 70/329 | loss=0.1361 light=0.1358 mat=0.0037
  batch 80/329 | loss=0.1377 light=0.1374 mat=0.0038
  batch 90/329 | loss=0.1467 light=0.1463 mat=0.0039
  batch 100/329 | loss=0.1689 light=0.1682 mat=0.0068
  batch 110/329 | loss=0.1722 light=0.1718 mat=0.0041
  batch 120/329 | loss=0.1019 light=0.1015 mat=0.0043
  batch 130/329 | loss=0.1413 light=0.1408 mat=0.0048
  batch 140/329 | loss=0.1142 light=0.1135 mat=0.0069
  batch 150/329 | loss=0.0882 light=0.0877 mat=0.0046
  batch 160/329 | loss=0.1074 light=0.1068 mat=0.0055
  batch 170/329 | loss=0.1298 light=0.1294 mat=0.0037
  batch 180/329 | loss=0.0945 light=0.0941 mat=0.0044
  batch 190/329 | loss=0.1432 light=0.1427 mat=0.0047
  batch 200/329 | loss=0.1183 light=0.1174 mat=0.0091
  batch 210/329 | loss=0.1874 light=0.1869 mat=0.0050
  batch 220/329 | loss=0.1017 light=0.1013 mat=0.0039
  batch 230/329 | loss=0.1395 light=0.1387 mat=0.0079
  batch 240/329 | loss=0.1874 light=0.1868 mat=0.0058
  batch 250/329 | loss=0.1026 light=0.1020 mat=0.0065
  batch 260/329 | loss=0.1294 light=0.1288 mat=0.0060
  batch 270/329 | loss=0.1381 light=0.1377 mat=0.0043
  batch 280/329 | loss=0.1402 light=0.1399 mat=0.0034
  batch 290/329 | loss=0.1248 light=0.1243 mat=0.0050
  batch 300/329 | loss=0.1532 light=0.1530 mat=0.0025
  batch 310/329 | loss=0.1084 light=0.1079 mat=0.0050
  batch 320/329 | loss=0.0937 light=0.0931 mat=0.0055
  train | loss=0.1415 light=0.1410 mat=0.0053
  val   | loss=0.2238 light=0.2231 mat=0.0072 mat_mae=0.0347

Epoch 38/50
  batch 10/329 | loss=0.2018 light=0.2013 mat=0.0048
  batch 20/329 | loss=0.1499 light=0.1490 mat=0.0088
  batch 30/329 | loss=0.1595 light=0.1590 mat=0.0054
  batch 40/329 | loss=0.1334 light=0.1328 mat=0.0051
  batch 50/329 | loss=0.1759 light=0.1754 mat=0.0053
  batch 60/329 | loss=0.1312 light=0.1309 mat=0.0035
  batch 70/329 | loss=0.1568 light=0.1565 mat=0.0033
  batch 80/329 | loss=0.1269 light=0.1264 mat=0.0047
  batch 90/329 | loss=0.1237 light=0.1233 mat=0.0042
  batch 100/329 | loss=0.1051 light=0.1048 mat=0.0026
  batch 110/329 | loss=0.1511 light=0.1505 mat=0.0062
  batch 120/329 | loss=0.1519 light=0.1510 mat=0.0081
  batch 130/329 | loss=0.1239 light=0.1234 mat=0.0049
  batch 140/329 | loss=0.1295 light=0.1290 mat=0.0052
  batch 150/329 | loss=0.1209 light=0.1205 mat=0.0037
  batch 160/329 | loss=0.1292 light=0.1288 mat=0.0035
  batch 170/329 | loss=0.1381 light=0.1378 mat=0.0029
  batch 180/329 | loss=0.1762 light=0.1756 mat=0.0053
  batch 190/329 | loss=0.1045 light=0.1041 mat=0.0042
  batch 200/329 | loss=0.1556 light=0.1551 mat=0.0043
  batch 210/329 | loss=0.1131 light=0.1128 mat=0.0038
  batch 220/329 | loss=0.1469 light=0.1458 mat=0.0113
  batch 230/329 | loss=0.0863 light=0.0861 mat=0.0017
  batch 240/329 | loss=0.1211 light=0.1204 mat=0.0073
  batch 250/329 | loss=0.1500 light=0.1494 mat=0.0058
  batch 260/329 | loss=0.1219 light=0.1213 mat=0.0059
  batch 270/329 | loss=0.0813 light=0.0808 mat=0.0056
  batch 280/329 | loss=0.0834 light=0.0829 mat=0.0045
  batch 290/329 | loss=0.1550 light=0.1546 mat=0.0037
  batch 300/329 | loss=0.1899 light=0.1893 mat=0.0061
  batch 310/329 | loss=0.1307 light=0.1304 mat=0.0034
  batch 320/329 | loss=0.1619 light=0.1614 mat=0.0051
  train | loss=0.1393 light=0.1388 mat=0.0054
  val   | loss=0.2207 light=0.2200 mat=0.0071 mat_mae=0.0349
  -> new best model (val_loss=0.2207)

Epoch 39/50
  batch 10/329 | loss=0.1136 light=0.1130 mat=0.0062
  batch 20/329 | loss=0.1112 light=0.1105 mat=0.0072
  batch 30/329 | loss=0.2122 light=0.2117 mat=0.0054
  batch 40/329 | loss=0.1297 light=0.1291 mat=0.0064
  batch 50/329 | loss=0.1424 light=0.1420 mat=0.0049
  batch 60/329 | loss=0.1800 light=0.1793 mat=0.0068
  batch 70/329 | loss=0.1235 light=0.1231 mat=0.0035
  batch 80/329 | loss=0.1972 light=0.1966 mat=0.0060
  batch 90/329 | loss=0.1567 light=0.1565 mat=0.0018
  batch 100/329 | loss=0.1082 light=0.1078 mat=0.0040
  batch 110/329 | loss=0.1795 light=0.1790 mat=0.0055
  batch 120/329 | loss=0.0873 light=0.0869 mat=0.0038
  batch 130/329 | loss=0.1449 light=0.1445 mat=0.0039
  batch 140/329 | loss=0.1568 light=0.1565 mat=0.0035
  batch 150/329 | loss=0.1514 light=0.1510 mat=0.0044
  batch 160/329 | loss=0.2002 light=0.1999 mat=0.0026
  batch 170/329 | loss=0.1130 light=0.1126 mat=0.0037
  batch 180/329 | loss=0.1520 light=0.1517 mat=0.0031
  batch 190/329 | loss=0.1672 light=0.1664 mat=0.0085
  batch 200/329 | loss=0.1364 light=0.1360 mat=0.0044
  batch 210/329 | loss=0.1081 light=0.1076 mat=0.0050
  batch 220/329 | loss=0.0912 light=0.0909 mat=0.0035
  batch 230/329 | loss=0.1461 light=0.1459 mat=0.0029
  batch 240/329 | loss=0.1310 light=0.1306 mat=0.0037
  batch 250/329 | loss=0.1336 light=0.1331 mat=0.0051
  batch 260/329 | loss=0.1522 light=0.1517 mat=0.0052
  batch 270/329 | loss=0.1506 light=0.1500 mat=0.0055
  batch 280/329 | loss=0.1318 light=0.1313 mat=0.0054
  batch 290/329 | loss=0.1294 light=0.1288 mat=0.0055
  batch 300/329 | loss=0.2006 light=0.2001 mat=0.0048
  batch 310/329 | loss=0.1172 light=0.1164 mat=0.0082
  batch 320/329 | loss=0.1125 light=0.1115 mat=0.0099
  train | loss=0.1375 light=0.1370 mat=0.0053
  val   | loss=0.2212 light=0.2204 mat=0.0073 mat_mae=0.0351

Epoch 40/50
  batch 10/329 | loss=0.1011 light=0.1003 mat=0.0076
  batch 20/329 | loss=0.1705 light=0.1697 mat=0.0078
  batch 30/329 | loss=0.1043 light=0.1040 mat=0.0032
  batch 40/329 | loss=0.1383 light=0.1374 mat=0.0095
  batch 50/329 | loss=0.1273 light=0.1269 mat=0.0044
  batch 60/329 | loss=0.0723 light=0.0712 mat=0.0114
  batch 70/329 | loss=0.1612 light=0.1608 mat=0.0037
  batch 80/329 | loss=0.1760 light=0.1757 mat=0.0038
  batch 90/329 | loss=0.1250 light=0.1247 mat=0.0036
  batch 100/329 | loss=0.1385 light=0.1376 mat=0.0094
  batch 110/329 | loss=0.1034 light=0.1030 mat=0.0038
  batch 120/329 | loss=0.1225 light=0.1220 mat=0.0053
  batch 130/329 | loss=0.1949 light=0.1944 mat=0.0049
  batch 140/329 | loss=0.1204 light=0.1200 mat=0.0039
  batch 150/329 | loss=0.1250 light=0.1246 mat=0.0044
  batch 160/329 | loss=0.1431 light=0.1425 mat=0.0054
  batch 170/329 | loss=0.1463 light=0.1460 mat=0.0026
  batch 180/329 | loss=0.1673 light=0.1669 mat=0.0036
  batch 190/329 | loss=0.1156 light=0.1153 mat=0.0028
  batch 200/329 | loss=0.1437 light=0.1432 mat=0.0044
  batch 210/329 | loss=0.1725 light=0.1718 mat=0.0074
  batch 220/329 | loss=0.1291 light=0.1287 mat=0.0045
  batch 230/329 | loss=0.1714 light=0.1710 mat=0.0039
  batch 240/329 | loss=0.1620 light=0.1612 mat=0.0082
  batch 250/329 | loss=0.1107 light=0.1097 mat=0.0091
  batch 260/329 | loss=0.1132 light=0.1126 mat=0.0066
  batch 270/329 | loss=0.1240 light=0.1237 mat=0.0034
  batch 280/329 | loss=0.1573 light=0.1566 mat=0.0061
  batch 290/329 | loss=0.1510 light=0.1505 mat=0.0051
  batch 300/329 | loss=0.1878 light=0.1874 mat=0.0040
  batch 310/329 | loss=0.1484 light=0.1479 mat=0.0050
  batch 320/329 | loss=0.1705 light=0.1701 mat=0.0044
  train | loss=0.1373 light=0.1368 mat=0.0051
  val   | loss=0.2189 light=0.2182 mat=0.0069 mat_mae=0.0340
  -> new best model (val_loss=0.2189)

Epoch 41/50
  batch 10/329 | loss=0.1679 light=0.1673 mat=0.0059
  batch 20/329 | loss=0.1286 light=0.1281 mat=0.0050
  batch 30/329 | loss=0.0996 light=0.0993 mat=0.0023
  batch 40/329 | loss=0.1739 light=0.1731 mat=0.0081
  batch 50/329 | loss=0.1419 light=0.1416 mat=0.0028
  batch 60/329 | loss=0.1609 light=0.1602 mat=0.0078
  batch 70/329 | loss=0.1863 light=0.1860 mat=0.0030
  batch 80/329 | loss=0.1165 light=0.1160 mat=0.0047
  batch 90/329 | loss=0.1027 light=0.1022 mat=0.0054
  batch 100/329 | loss=0.1198 light=0.1194 mat=0.0041
  batch 110/329 | loss=0.1423 light=0.1417 mat=0.0057
  batch 120/329 | loss=0.1281 light=0.1277 mat=0.0044
  batch 130/329 | loss=0.1395 light=0.1392 mat=0.0026
  batch 140/329 | loss=0.1553 light=0.1548 mat=0.0052
  batch 150/329 | loss=0.1624 light=0.1616 mat=0.0081
  batch 160/329 | loss=0.2083 light=0.2078 mat=0.0054
  batch 170/329 | loss=0.1576 light=0.1570 mat=0.0067
  batch 180/329 | loss=0.1490 light=0.1482 mat=0.0075
  batch 190/329 | loss=0.1371 light=0.1364 mat=0.0063
  batch 200/329 | loss=0.1267 light=0.1262 mat=0.0050
  batch 210/329 | loss=0.1894 light=0.1890 mat=0.0039
  batch 220/329 | loss=0.1236 light=0.1225 mat=0.0105
  batch 230/329 | loss=0.1334 light=0.1330 mat=0.0035
  batch 240/329 | loss=0.1617 light=0.1610 mat=0.0066
  batch 250/329 | loss=0.1074 light=0.1067 mat=0.0068
  batch 260/329 | loss=0.1627 light=0.1620 mat=0.0066
  batch 270/329 | loss=0.0953 light=0.0950 mat=0.0033
  batch 280/329 | loss=0.1338 light=0.1333 mat=0.0052
  batch 290/329 | loss=0.1800 light=0.1794 mat=0.0061
  batch 300/329 | loss=0.1078 light=0.1074 mat=0.0037
  batch 310/329 | loss=0.1398 light=0.1394 mat=0.0045
  batch 320/329 | loss=0.1150 light=0.1145 mat=0.0055
  train | loss=0.1373 light=0.1368 mat=0.0050
  val   | loss=0.2237 light=0.2230 mat=0.0071 mat_mae=0.0340

Epoch 42/50
  batch 10/329 | loss=0.1392 light=0.1388 mat=0.0039
  batch 20/329 | loss=0.1330 light=0.1327 mat=0.0032
  batch 30/329 | loss=0.1604 light=0.1595 mat=0.0089
  batch 40/329 | loss=0.1799 light=0.1796 mat=0.0025
  batch 50/329 | loss=0.1312 light=0.1302 mat=0.0093
  batch 60/329 | loss=0.1474 light=0.1467 mat=0.0062
  batch 70/329 | loss=0.1113 light=0.1111 mat=0.0023
  batch 80/329 | loss=0.1003 light=0.0997 mat=0.0053
  batch 90/329 | loss=0.1239 light=0.1231 mat=0.0078
  batch 100/329 | loss=0.1751 light=0.1747 mat=0.0039
  batch 110/329 | loss=0.1478 light=0.1473 mat=0.0058
  batch 120/329 | loss=0.1284 light=0.1279 mat=0.0050
  batch 130/329 | loss=0.1114 light=0.1107 mat=0.0063
  batch 140/329 | loss=0.0932 light=0.0928 mat=0.0038
  batch 150/329 | loss=0.1416 light=0.1412 mat=0.0044
  batch 160/329 | loss=0.1101 light=0.1094 mat=0.0064
  batch 170/329 | loss=0.1830 light=0.1827 mat=0.0035
  batch 180/329 | loss=0.1417 light=0.1411 mat=0.0063
  batch 190/329 | loss=0.1464 light=0.1458 mat=0.0064
  batch 200/329 | loss=0.1128 light=0.1122 mat=0.0051
  batch 210/329 | loss=0.1644 light=0.1639 mat=0.0054
  batch 220/329 | loss=0.0941 light=0.0937 mat=0.0039
  batch 230/329 | loss=0.1088 light=0.1083 mat=0.0053
  batch 240/329 | loss=0.1549 light=0.1543 mat=0.0061
  batch 250/329 | loss=0.1335 light=0.1331 mat=0.0047
  batch 260/329 | loss=0.1267 light=0.1263 mat=0.0049
  batch 270/329 | loss=0.0996 light=0.0989 mat=0.0067
  batch 280/329 | loss=0.1407 light=0.1403 mat=0.0040
  batch 290/329 | loss=0.1049 light=0.1043 mat=0.0059
  batch 300/329 | loss=0.1087 light=0.1080 mat=0.0066
  batch 310/329 | loss=0.1845 light=0.1843 mat=0.0018
  batch 320/329 | loss=0.0827 light=0.0821 mat=0.0060
  train | loss=0.1352 light=0.1347 mat=0.0051
  val   | loss=0.2234 light=0.2227 mat=0.0070 mat_mae=0.0344

Epoch 43/50
  batch 10/329 | loss=0.1735 light=0.1731 mat=0.0036
  batch 20/329 | loss=0.1147 light=0.1141 mat=0.0067
  batch 30/329 | loss=0.1681 light=0.1675 mat=0.0059
  batch 40/329 | loss=0.1379 light=0.1376 mat=0.0027
  batch 50/329 | loss=0.1215 light=0.1213 mat=0.0021
  batch 60/329 | loss=0.1376 light=0.1372 mat=0.0037
  batch 70/329 | loss=0.1009 light=0.1007 mat=0.0025
  batch 80/329 | loss=0.1044 light=0.1036 mat=0.0076
  batch 90/329 | loss=0.1162 light=0.1157 mat=0.0049
  batch 100/329 | loss=0.1279 light=0.1275 mat=0.0043
  batch 110/329 | loss=0.1652 light=0.1649 mat=0.0029
  batch 120/329 | loss=0.1510 light=0.1506 mat=0.0040
  batch 130/329 | loss=0.1074 light=0.1067 mat=0.0069
  batch 140/329 | loss=0.1180 light=0.1177 mat=0.0023
  batch 150/329 | loss=0.1988 light=0.1985 mat=0.0032
  batch 160/329 | loss=0.1694 light=0.1689 mat=0.0046
  batch 170/329 | loss=0.1684 light=0.1677 mat=0.0060
  batch 180/329 | loss=0.1450 light=0.1448 mat=0.0024
  batch 190/329 | loss=0.1190 light=0.1186 mat=0.0036
  batch 200/329 | loss=0.1401 light=0.1394 mat=0.0068
  batch 210/329 | loss=0.1237 light=0.1233 mat=0.0042
  batch 220/329 | loss=0.1074 light=0.1070 mat=0.0041
  batch 230/329 | loss=0.1177 light=0.1171 mat=0.0053
  batch 240/329 | loss=0.1224 light=0.1219 mat=0.0050
  batch 250/329 | loss=0.1466 light=0.1462 mat=0.0035
  batch 260/329 | loss=0.1446 light=0.1442 mat=0.0038
  batch 270/329 | loss=0.1032 light=0.1027 mat=0.0056
  batch 280/329 | loss=0.1156 light=0.1150 mat=0.0061
  batch 290/329 | loss=0.1419 light=0.1415 mat=0.0036
  batch 300/329 | loss=0.1461 light=0.1453 mat=0.0078
  batch 310/329 | loss=0.1012 light=0.1006 mat=0.0068
  batch 320/329 | loss=0.1008 light=0.1001 mat=0.0067
  train | loss=0.1344 light=0.1339 mat=0.0050
  val   | loss=0.2215 light=0.2208 mat=0.0071 mat_mae=0.0339

Epoch 44/50
  batch 10/329 | loss=0.0992 light=0.0990 mat=0.0019
  batch 20/329 | loss=0.0769 light=0.0765 mat=0.0031
  batch 30/329 | loss=0.1597 light=0.1593 mat=0.0041
  batch 40/329 | loss=0.1175 light=0.1171 mat=0.0033
  batch 50/329 | loss=0.1424 light=0.1420 mat=0.0036
  batch 60/329 | loss=0.1675 light=0.1670 mat=0.0055
  batch 70/329 | loss=0.1792 light=0.1787 mat=0.0046
  batch 80/329 | loss=0.1356 light=0.1352 mat=0.0047
  batch 90/329 | loss=0.0762 light=0.0759 mat=0.0035
  batch 100/329 | loss=0.1190 light=0.1183 mat=0.0077
  batch 110/329 | loss=0.1097 light=0.1093 mat=0.0034
  batch 120/329 | loss=0.1397 light=0.1393 mat=0.0046
  batch 130/329 | loss=0.1225 light=0.1220 mat=0.0050
  batch 140/329 | loss=0.1405 light=0.1402 mat=0.0032
  batch 150/329 | loss=0.1607 light=0.1602 mat=0.0050
  batch 160/329 | loss=0.2148 light=0.2143 mat=0.0049
  batch 170/329 | loss=0.1376 light=0.1372 mat=0.0041
  batch 180/329 | loss=0.1714 light=0.1710 mat=0.0043
  batch 190/329 | loss=0.1159 light=0.1154 mat=0.0049
  batch 200/329 | loss=0.1093 light=0.1089 mat=0.0043
  batch 210/329 | loss=0.1062 light=0.1058 mat=0.0047
  batch 220/329 | loss=0.1337 light=0.1335 mat=0.0021
  batch 230/329 | loss=0.1314 light=0.1305 mat=0.0090
  batch 240/329 | loss=0.1223 light=0.1216 mat=0.0069
  batch 250/329 | loss=0.0835 light=0.0830 mat=0.0050
  batch 260/329 | loss=0.1309 light=0.1301 mat=0.0079
  batch 270/329 | loss=0.1035 light=0.1029 mat=0.0059
  batch 280/329 | loss=0.1795 light=0.1790 mat=0.0044
  batch 290/329 | loss=0.1032 light=0.1027 mat=0.0045
  batch 300/329 | loss=0.1679 light=0.1665 mat=0.0142
  batch 310/329 | loss=0.1663 light=0.1660 mat=0.0028
  batch 320/329 | loss=0.1515 light=0.1512 mat=0.0030
  train | loss=0.1336 light=0.1331 mat=0.0049
  val   | loss=0.2205 light=0.2198 mat=0.0068 mat_mae=0.0337

Epoch 45/50
  batch 10/329 | loss=0.1449 light=0.1445 mat=0.0042
  batch 20/329 | loss=0.0957 light=0.0949 mat=0.0081
  batch 30/329 | loss=0.1099 light=0.1090 mat=0.0085
  batch 40/329 | loss=0.1263 light=0.1261 mat=0.0018
  batch 50/329 | loss=0.0959 light=0.0953 mat=0.0061
  batch 60/329 | loss=0.1408 light=0.1404 mat=0.0045
  batch 70/329 | loss=0.2088 light=0.2085 mat=0.0023
  batch 80/329 | loss=0.1196 light=0.1189 mat=0.0066
  batch 90/329 | loss=0.1497 light=0.1490 mat=0.0073
  batch 100/329 | loss=0.0869 light=0.0862 mat=0.0063
  batch 110/329 | loss=0.1439 light=0.1433 mat=0.0052
  batch 120/329 | loss=0.1482 light=0.1478 mat=0.0038
  batch 130/329 | loss=0.1581 light=0.1576 mat=0.0048
  batch 140/329 | loss=0.1379 light=0.1374 mat=0.0046
  batch 150/329 | loss=0.1419 light=0.1417 mat=0.0023
  batch 160/329 | loss=0.1065 light=0.1058 mat=0.0076
  batch 170/329 | loss=0.1271 light=0.1264 mat=0.0071
  batch 180/329 | loss=0.1193 light=0.1189 mat=0.0040
  batch 190/329 | loss=0.1468 light=0.1462 mat=0.0065
  batch 200/329 | loss=0.1139 light=0.1136 mat=0.0036
  batch 210/329 | loss=0.1135 light=0.1131 mat=0.0041
  batch 220/329 | loss=0.1308 light=0.1304 mat=0.0043
  batch 230/329 | loss=0.1499 light=0.1494 mat=0.0053
  batch 240/329 | loss=0.1790 light=0.1785 mat=0.0057
  batch 250/329 | loss=0.1823 light=0.1818 mat=0.0052
  batch 260/329 | loss=0.1710 light=0.1705 mat=0.0048
  batch 270/329 | loss=0.1368 light=0.1365 mat=0.0031
  batch 280/329 | loss=0.0951 light=0.0947 mat=0.0041
  batch 290/329 | loss=0.1179 light=0.1175 mat=0.0040
  batch 300/329 | loss=0.1064 light=0.1061 mat=0.0034
  batch 310/329 | loss=0.1359 light=0.1354 mat=0.0046
  batch 320/329 | loss=0.1051 light=0.1042 mat=0.0092
  train | loss=0.1332 light=0.1327 mat=0.0048
  val   | loss=0.2221 light=0.2214 mat=0.0070 mat_mae=0.0338

Epoch 46/50
  batch 10/329 | loss=0.1193 light=0.1188 mat=0.0043
  batch 20/329 | loss=0.1278 light=0.1276 mat=0.0023
  batch 30/329 | loss=0.1213 light=0.1209 mat=0.0033
  batch 40/329 | loss=0.1396 light=0.1393 mat=0.0032
  batch 50/329 | loss=0.1473 light=0.1468 mat=0.0042
  batch 60/329 | loss=0.1308 light=0.1304 mat=0.0043
  batch 70/329 | loss=0.1138 light=0.1132 mat=0.0063
  batch 80/329 | loss=0.1446 light=0.1441 mat=0.0046
  batch 90/329 | loss=0.1307 light=0.1300 mat=0.0069
  batch 100/329 | loss=0.1898 light=0.1891 mat=0.0062
  batch 110/329 | loss=0.1047 light=0.1042 mat=0.0049
  batch 120/329 | loss=0.1381 light=0.1373 mat=0.0085
  batch 130/329 | loss=0.1442 light=0.1438 mat=0.0040
  batch 140/329 | loss=0.1230 light=0.1225 mat=0.0052
  batch 150/329 | loss=0.1466 light=0.1460 mat=0.0058
  batch 160/329 | loss=0.1711 light=0.1706 mat=0.0059
  batch 170/329 | loss=0.1273 light=0.1268 mat=0.0045
  batch 180/329 | loss=0.1072 light=0.1070 mat=0.0023
  batch 190/329 | loss=0.1731 light=0.1722 mat=0.0083
  batch 200/329 | loss=0.0991 light=0.0980 mat=0.0115
  batch 210/329 | loss=0.1277 light=0.1272 mat=0.0055
  batch 220/329 | loss=0.1659 light=0.1653 mat=0.0054
  batch 230/329 | loss=0.1052 light=0.1047 mat=0.0043
  batch 240/329 | loss=0.0784 light=0.0780 mat=0.0041
  batch 250/329 | loss=0.1161 light=0.1156 mat=0.0057
  batch 260/329 | loss=0.1186 light=0.1181 mat=0.0052
  batch 270/329 | loss=0.1041 light=0.1037 mat=0.0041
  batch 280/329 | loss=0.1201 light=0.1194 mat=0.0071
  batch 290/329 | loss=0.1224 light=0.1219 mat=0.0055
  batch 300/329 | loss=0.1456 light=0.1451 mat=0.0050
  batch 310/329 | loss=0.1156 light=0.1151 mat=0.0049
  batch 320/329 | loss=0.2142 light=0.2138 mat=0.0047
  train | loss=0.1328 light=0.1323 mat=0.0052
  val   | loss=0.2223 light=0.2216 mat=0.0069 mat_mae=0.0341

Epoch 47/50
  batch 10/329 | loss=0.1313 light=0.1307 mat=0.0055
  batch 20/329 | loss=0.1060 light=0.1056 mat=0.0036
  batch 30/329 | loss=0.0904 light=0.0899 mat=0.0043
  batch 40/329 | loss=0.1387 light=0.1382 mat=0.0047
  batch 50/329 | loss=0.1611 light=0.1608 mat=0.0029
  batch 60/329 | loss=0.1418 light=0.1415 mat=0.0031
  batch 70/329 | loss=0.1068 light=0.1063 mat=0.0041
  batch 80/329 | loss=0.1206 light=0.1199 mat=0.0069
  batch 90/329 | loss=0.1095 light=0.1091 mat=0.0040
  batch 100/329 | loss=0.1408 light=0.1404 mat=0.0047
  batch 110/329 | loss=0.1427 light=0.1423 mat=0.0036
  batch 120/329 | loss=0.1103 light=0.1098 mat=0.0047
  batch 130/329 | loss=0.1252 light=0.1245 mat=0.0069
  batch 140/329 | loss=0.1704 light=0.1694 mat=0.0098
  batch 150/329 | loss=0.1243 light=0.1240 mat=0.0024
  batch 160/329 | loss=0.0974 light=0.0972 mat=0.0020
  batch 170/329 | loss=0.1171 light=0.1166 mat=0.0045
  batch 180/329 | loss=0.1390 light=0.1386 mat=0.0040
  batch 190/329 | loss=0.1337 light=0.1330 mat=0.0070
  batch 200/329 | loss=0.1522 light=0.1518 mat=0.0036
  batch 210/329 | loss=0.1037 light=0.1033 mat=0.0041
  batch 220/329 | loss=0.1189 light=0.1184 mat=0.0050
  batch 230/329 | loss=0.1435 light=0.1431 mat=0.0039
  batch 240/329 | loss=0.1152 light=0.1147 mat=0.0054
  batch 250/329 | loss=0.1627 light=0.1623 mat=0.0042
  batch 260/329 | loss=0.1068 light=0.1062 mat=0.0063
  batch 270/329 | loss=0.1603 light=0.1599 mat=0.0037
  batch 280/329 | loss=0.1427 light=0.1423 mat=0.0036
  batch 290/329 | loss=0.1645 light=0.1641 mat=0.0043
  batch 300/329 | loss=0.1046 light=0.1043 mat=0.0027
  batch 310/329 | loss=0.1553 light=0.1549 mat=0.0041
  batch 320/329 | loss=0.0865 light=0.0862 mat=0.0032
  train | loss=0.1330 light=0.1325 mat=0.0049
  val   | loss=0.2212 light=0.2205 mat=0.0068 mat_mae=0.0336

Epoch 48/50
  batch 10/329 | loss=0.1623 light=0.1619 mat=0.0041
  batch 20/329 | loss=0.0981 light=0.0973 mat=0.0079
  batch 30/329 | loss=0.1246 light=0.1243 mat=0.0028
  batch 40/329 | loss=0.1772 light=0.1770 mat=0.0021
  batch 50/329 | loss=0.1079 light=0.1075 mat=0.0040
  batch 60/329 | loss=0.0802 light=0.0796 mat=0.0061
  batch 70/329 | loss=0.1379 light=0.1375 mat=0.0041
  batch 80/329 | loss=0.1596 light=0.1593 mat=0.0029
  batch 90/329 | loss=0.0858 light=0.0855 mat=0.0032
  batch 100/329 | loss=0.0985 light=0.0978 mat=0.0066
  batch 110/329 | loss=0.1889 light=0.1876 mat=0.0122
  batch 120/329 | loss=0.1171 light=0.1165 mat=0.0056
  batch 130/329 | loss=0.1524 light=0.1518 mat=0.0067
  batch 140/329 | loss=0.1122 light=0.1116 mat=0.0058
  batch 150/329 | loss=0.0870 light=0.0864 mat=0.0055
  batch 160/329 | loss=0.1352 light=0.1350 mat=0.0020
  batch 170/329 | loss=0.0943 light=0.0938 mat=0.0047
  batch 180/329 | loss=0.1392 light=0.1386 mat=0.0062
  batch 190/329 | loss=0.1056 light=0.1050 mat=0.0061
  batch 200/329 | loss=0.1313 light=0.1306 mat=0.0069
  batch 210/329 | loss=0.1439 light=0.1432 mat=0.0068
  batch 220/329 | loss=0.1168 light=0.1165 mat=0.0034
  batch 230/329 | loss=0.1683 light=0.1679 mat=0.0032
  batch 240/329 | loss=0.1431 light=0.1427 mat=0.0041
  batch 250/329 | loss=0.1266 light=0.1261 mat=0.0050
  batch 260/329 | loss=0.1452 light=0.1449 mat=0.0026
  batch 270/329 | loss=0.1235 light=0.1230 mat=0.0046
  batch 280/329 | loss=0.1225 light=0.1223 mat=0.0026
  batch 290/329 | loss=0.1011 light=0.1006 mat=0.0045
  batch 300/329 | loss=0.1335 light=0.1331 mat=0.0034
  batch 310/329 | loss=0.1621 light=0.1617 mat=0.0039
  batch 320/329 | loss=0.1724 light=0.1719 mat=0.0052
  train | loss=0.1327 light=0.1322 mat=0.0049
  val   | loss=0.2223 light=0.2216 mat=0.0069 mat_mae=0.0344

Epoch 49/50
  batch 10/329 | loss=0.1521 light=0.1517 mat=0.0031
  batch 20/329 | loss=0.1147 light=0.1142 mat=0.0053
  batch 30/329 | loss=0.1261 light=0.1255 mat=0.0060
  batch 40/329 | loss=0.1278 light=0.1272 mat=0.0062
  batch 50/329 | loss=0.1683 light=0.1676 mat=0.0064
  batch 60/329 | loss=0.1175 light=0.1166 mat=0.0093
  batch 70/329 | loss=0.1573 light=0.1570 mat=0.0025
  batch 80/329 | loss=0.1539 light=0.1536 mat=0.0037
  batch 90/329 | loss=0.1116 light=0.1113 mat=0.0031
  batch 100/329 | loss=0.1181 light=0.1174 mat=0.0072
  batch 110/329 | loss=0.1342 light=0.1338 mat=0.0039
  batch 120/329 | loss=0.1071 light=0.1067 mat=0.0039
  batch 130/329 | loss=0.1819 light=0.1816 mat=0.0029
  batch 140/329 | loss=0.0689 light=0.0684 mat=0.0051
  batch 150/329 | loss=0.1046 light=0.1042 mat=0.0041
  batch 160/329 | loss=0.1293 light=0.1287 mat=0.0066
  batch 170/329 | loss=0.1095 light=0.1084 mat=0.0110
  batch 180/329 | loss=0.1495 light=0.1492 mat=0.0035
  batch 190/329 | loss=0.1195 light=0.1191 mat=0.0040
  batch 200/329 | loss=0.0821 light=0.0818 mat=0.0034
  batch 210/329 | loss=0.1226 light=0.1222 mat=0.0038
  batch 220/329 | loss=0.1200 light=0.1196 mat=0.0036
  batch 230/329 | loss=0.1439 light=0.1435 mat=0.0044
  batch 240/329 | loss=0.1190 light=0.1186 mat=0.0039
  batch 250/329 | loss=0.1432 light=0.1427 mat=0.0049
  batch 260/329 | loss=0.1275 light=0.1271 mat=0.0042
  batch 270/329 | loss=0.1367 light=0.1363 mat=0.0039
  batch 280/329 | loss=0.0858 light=0.0846 mat=0.0116
  batch 290/329 | loss=0.1165 light=0.1162 mat=0.0032
  batch 300/329 | loss=0.0890 light=0.0886 mat=0.0042
  batch 310/329 | loss=0.1407 light=0.1401 mat=0.0056
  batch 320/329 | loss=0.1284 light=0.1281 mat=0.0034
  train | loss=0.1324 light=0.1319 mat=0.0051
  val   | loss=0.2222 light=0.2215 mat=0.0070 mat_mae=0.0348

Epoch 50/50
  batch 10/329 | loss=0.1540 light=0.1538 mat=0.0021
  batch 20/329 | loss=0.1057 light=0.1051 mat=0.0058
  batch 30/329 | loss=0.1001 light=0.0998 mat=0.0036
  batch 40/329 | loss=0.1011 light=0.1005 mat=0.0068
  batch 50/329 | loss=0.0899 light=0.0891 mat=0.0084
  batch 60/329 | loss=0.0933 light=0.0930 mat=0.0033
  batch 70/329 | loss=0.1295 light=0.1290 mat=0.0044
  batch 80/329 | loss=0.1110 light=0.1104 mat=0.0059
  batch 90/329 | loss=0.0954 light=0.0949 mat=0.0043
  batch 100/329 | loss=0.2339 light=0.2332 mat=0.0075
  batch 110/329 | loss=0.0851 light=0.0848 mat=0.0029
  batch 120/329 | loss=0.1517 light=0.1511 mat=0.0061
  batch 130/329 | loss=0.0938 light=0.0928 mat=0.0094
  batch 140/329 | loss=0.1403 light=0.1398 mat=0.0044
  batch 150/329 | loss=0.1451 light=0.1445 mat=0.0062
  batch 160/329 | loss=0.1265 light=0.1262 mat=0.0036
  batch 170/329 | loss=0.1478 light=0.1474 mat=0.0041
  batch 180/329 | loss=0.1691 light=0.1686 mat=0.0047
  batch 190/329 | loss=0.1010 light=0.1006 mat=0.0048
  batch 200/329 | loss=0.1044 light=0.1040 mat=0.0040
  batch 210/329 | loss=0.2464 light=0.2460 mat=0.0037
  batch 220/329 | loss=0.1490 light=0.1484 mat=0.0055
  batch 230/329 | loss=0.1149 light=0.1145 mat=0.0040
  batch 240/329 | loss=0.1522 light=0.1519 mat=0.0033
  batch 250/329 | loss=0.1180 light=0.1174 mat=0.0066
  batch 260/329 | loss=0.1331 light=0.1325 mat=0.0063
  batch 270/329 | loss=0.1407 light=0.1402 mat=0.0047
  batch 280/329 | loss=0.1859 light=0.1850 mat=0.0092
  batch 290/329 | loss=0.0889 light=0.0885 mat=0.0038
  batch 300/329 | loss=0.1185 light=0.1180 mat=0.0053
  batch 310/329 | loss=0.1629 light=0.1624 mat=0.0046
  batch 320/329 | loss=0.1451 light=0.1447 mat=0.0045
  train | loss=0.1329 light=0.1324 mat=0.0050
  val   | loss=0.2232 light=0.2225 mat=0.0071 mat_mae=0.0337

  Training curves saved to ./models\seed_sweep_108_multitask_curves.png

============================================================
Evaluating on test set
============================================================

==============================================================================
Metric                                          Baseline            Multitask
------------------------------------------------------------------------------
  log_mse (mean ± 95% CI)                0.0964 ± 0.0052      0.0993 ± 0.0055
  LPIPS (mean ± 95% CI)                  0.4141 ± 0.0063      0.4186 ± 0.0062
  material_param_mae (mean)                          N/A               0.0333

Paired t-test (baseline - multitask) on per-sample log_mse:
  n              = 2250
  mean diff      = -0.0029 (95% CI ± 0.0011) — baseline better
  std of diffs   = 0.0272
  t-statistic    = -4.9792
  p-value (two-sided, normal approx) = 6.386e-07

Paired t-test (baseline - multitask) on per-sample LPIPS:
  n              = 2250
  mean diff      = -0.0045 (95% CI ± 0.0018) — baseline better
  t-statistic    = -4.9487
  p-value (two-sided, normal approx) = 7.471e-07

Per-material log_mse (mean ± 95% CI):
  Material                         Baseline            Multitask      Delta
  ---------------------------------------------------------------------------
  diffuse                   0.1285 ± 0.0162      0.1316 ± 0.0165    +0.0031
  glossy                    0.0787 ± 0.0090      0.0814 ± 0.0099    +0.0027
  metallic                  0.0819 ± 0.0086      0.0866 ± 0.0094    +0.0047
  rough_metallic            0.1012 ± 0.0125      0.1028 ± 0.0131    +0.0016
  dielectric                0.0916 ± 0.0098      0.0939 ± 0.0101    +0.0023

Per-parameter-bucket log_mse (mean ± 95% CI):
  Bucket                           Baseline            Multitask      Delta
  ---------------------------------------------------------------------------
  metallic_yes              0.0916 ± 0.0076      0.0948 ± 0.0081    +0.0031  (n=917)
  metallic_no               0.0997 ± 0.0071      0.1024 ± 0.0073    +0.0027  (n=1333)
  transmissive              0.0916 ± 0.0098      0.0939 ± 0.0101    +0.0023  (n=449)
  opaque                    0.0976 ± 0.0061      0.1006 ± 0.0063    +0.0030  (n=1801)
  rough_low                 0.0841 ± 0.0053      0.0873 ± 0.0056    +0.0032  (n=1343)
  rough_mid                 0.0953 ± 0.0134      0.0982 ± 0.0143    +0.0029  (n=282)
  rough_high                0.1233 ± 0.0135      0.1254 ± 0.0138    +0.0021  (n=625)

Multitask per-parameter MAE:
  metallic             0.0104
  roughness            0.0528
  specular             0.0209
  transmission         0.0266
  ior                  0.0557
======================================================================

============================================================
Shiny subset (roughness < 0.2 AND metallic > 0.8): n = 455 / 2250
============================================================

==============================================================================
Metric                                          Baseline            Multitask
------------------------------------------------------------------------------
  log_mse (mean ± 95% CI)                0.0819 ± 0.0086      0.0866 ± 0.0094
  LPIPS (mean ± 95% CI)                  0.3921 ± 0.0132      0.3988 ± 0.0135
  material_param_mae (mean)                          N/A               0.0123

Paired t-test (baseline - multitask) on per-sample log_mse:
  n              = 455
  mean diff      = -0.0047 (95% CI ± 0.0023) — baseline better
  std of diffs   = 0.0252
  t-statistic    = -4.0201
  p-value (two-sided, normal approx) = 5.817e-05

Paired t-test (baseline - multitask) on per-sample LPIPS:
  n              = 455
  mean diff      = -0.0067 (95% CI ± 0.0040) — baseline better
  t-statistic    = -3.2890
  p-value (two-sided, normal approx) = 0.001006

Per-material log_mse (mean ± 95% CI):
  Material                         Baseline            Multitask      Delta
  ---------------------------------------------------------------------------
  diffuse                               N/A                  N/A          —
  glossy                                N/A                  N/A          —
  metallic                  0.0819 ± 0.0086      0.0866 ± 0.0094    +0.0047
  rough_metallic                        N/A                  N/A          —
  dielectric                            N/A                  N/A          —

Per-parameter-bucket log_mse (mean ± 95% CI):
  Bucket                           Baseline            Multitask      Delta
  ---------------------------------------------------------------------------
  metallic_yes              0.0819 ± 0.0086      0.0866 ± 0.0094    +0.0047  (n=455)
  metallic_no                           N/A                  N/A          —  (n=0)
  transmissive                          N/A                  N/A          —  (n=0)
  opaque                    0.0819 ± 0.0086      0.0866 ± 0.0094    +0.0047  (n=455)
  rough_low                 0.0819 ± 0.0086      0.0866 ± 0.0094    +0.0047  (n=455)
  rough_mid                             N/A                  N/A          —  (n=0)
  rough_high                            N/A                  N/A          —  (n=0)

Multitask per-parameter MAE:
  metallic             0.0011
  roughness            0.0411
  specular             0.0039
  transmission         0.0004
  ior                  0.0150
======================================================================

============================================================
Rendered-teapot LPIPS on 120 shiny samples (transparent envmap bg)
============================================================

[teapot-lpips] Rendering 120 sample(s) at 256px × 16spp (transparent bg).
[teapot-lpips] rendered 10/120
[teapot-lpips] rendered 20/120
[teapot-lpips] rendered 30/120
[teapot-lpips] rendered 40/120
[teapot-lpips] rendered 50/120
[teapot-lpips] rendered 60/120
[teapot-lpips] rendered 70/120
[teapot-lpips] rendered 80/120
[teapot-lpips] rendered 90/120
[teapot-lpips] rendered 100/120
[teapot-lpips] rendered 110/120
[teapot-lpips] rendered 120/120
[teapot-lpips] Rendered 120 complete triplet(s).

  baseline render-LPIPS  mean = 0.1272
  multitask render-LPIPS mean = 0.1051
  paired t-test (baseline - multitask)
    n            = 120
    mean diff    = +0.0221 (95% CI ± 0.0095) — multitask better
    t-statistic  = +4.5404
    p-value      = 5.616e-06
Per-material chart saved to result\seed_sweep_108\per_material_comparison.png
Per-attribute bucket chart saved to result\seed_sweep_108\per_param_bucket_comparison.png
Per-sample distribution saved to result\seed_sweep_108\log_mse_distribution.png
Per-parameter MAE chart saved to result\seed_sweep_108\material_param_mae.png

Results saved to ./models\seed_sweep_108_results.json

[teapot insertion comparison renders skipped via --skip-teapot-insertion]
Eval log saved to ./models\seed_sweep_108_eval_log.txt
